
--- Sending ABP Packet (FCnt=6) ---
  Encrypted payload len: 138
  Encrypted payload (hex): 534921006a347555e12fe00a5d3b9da82931639968f58083df0e991374d0891239366e6cd863753d58b03d5711179a9260a9cfb02616dadfdfaaa24efb8e0e3dd1c268a937ece03cb42cc04e8208c1274604a716f88ec216aefb4748b41885a9e870b4ad2d2e247f8d8359d51f399d109cf12f67a6154c112b812f8d616ebac5ee57e0e43aaf0a828d29
  Payload: 7b2274797065223a2272656164696e67222c226e6f64654944223a312c2274656d70223a6e756c6c2c2268756d6964697479223a6e756c6c2c22636f5f70706d223a313632352e342c226c61746974756465223a6e756c6c2c226c6f6e676974756465223a6e756c6c2c22616c746974756465223a6e756c6c2c226770735f666978223a66616c73657d
  PHY Pkt: 406b27600000060001534921006a347555e12fe00a5d3b9da82931639968f58083df0e991374d0891239366e6cd863753d58b03d5711179a9260a9cfb02616dadfdfaaa24efb8e0e3dd1c268a937ece03cb42cc04e8208c1274604a716f88ec216aefb4748b41885a9e870b4ad2d2e247f8d8359d51f399d109cf12f67a6154c112b812f8d616ebac5ee57e0e43aaf0a828d29243af942
  PHY payload len: 151 type: <class 'bytes'>
  lora.write used: list
→ Packet SENT
[AUDIO] Recording saved: ../recordings/clip_20251108_234412.wav
[AUDIO] ⚠️  Classification model not yet integrated - returning placeholder

============================================================
Timestamp: 2025-11-08 23:44:17
------------------------------------------------------------
🌡️  Temperature: 28.2°C (Normal)
💧 Humidity: 60.7% (Normal)
🔥 CO Level: 1628.4 ppm | Voltage: 0.58V | Rs: 76.15kΩ
   ⚠️  REMINDER: Calibrate R0 in clean air for accurate readings
📍 GPS: No data (check wiring or wait for warm-up)
🎤 Audio: LOW-RISK (not sent in reading packet)
============================================================

📡 LoRa JSON Packet Ready: {'type': 'reading', 'nodeID': 1, 'temp': 28.2, 'humidity': 60.7, 'co_ppm': 1628.4, 'latitude': None, 'longitude': None, 'altitude': None, 'gps_fix': False}
   JSON bytes len: 138 hex: 7b2274797065223a2272656164696e67222c226e6f64654944223a312c2274656d70223a32382e322c2268756d6964697479223a36302e372c22636f5f70706d223a313632382e342c226c61746974756465223a6e756c6c2c226c6f6e676974756465223a6e756c6c2c22616c746974756465223a6e756c6c2c226770735f666978223a66616c73657d
--- Sending ABP Packet (FCnt=7) ---
  Encrypted payload len: 138
  Encrypted payload (hex): 2077d76223712dfc7a834e0722e56a7e851b80a3f59adf258a397541d09f869824e95e18bd9b174564489693878076797978fe12365938c7452e953febf96dc9e078c07c95be82eddb7491d83cc1c435f07a886b33c719d8531fcb12dacbcbdfdf6ed05db99362fabc51c2e375a42f058c5f67a7ad79b216617da3293501102d0cbf91087a0e33c9f54f
  Payload: 7b2274797065223a2272656164696e67222c226e6f64654944223a312c2274656d70223a32382e322c2268756d6964697479223a36302e372c22636f5f70706d223a313632382e342c226c61746974756465223a6e756c6c2c226c6f6e676974756465223a6e756c6c2c22616c746974756465223a6e756c6c2c226770735f666978223a66616c73657d
  PHY Pkt: 406b276000000700012077d76223712dfc7a834e0722e56a7e851b80a3f59adf258a397541d09f869824e95e18bd9b174564489693878076797978fe12365938c7452e953febf96dc9e078c07c95be82eddb7491d83cc1c435f07a886b33c719d8531fcb12dacbcbdfdf6ed05db99362fabc51c2e375a42f058c5f67a7ad79b216617da3293501102d0cbf91087a0e33c9f54f269f5734
  PHY payload len: 151 type: <class 'bytes'>
  lora.write used: list
→ Packet SENT
[DHT22] Reading error: A full buffer was not returned. Try again.
[AUDIO] Recording saved: ../recordings/clip_20251108_234429.wav
[AUDIO] ⚠️  Classification model not yet integrated - returning placeholder

============================================================
Timestamp: 2025-11-08 23:44:34
------------------------------------------------------------
🌡️  Temperature: ERROR
💧 Humidity: ERROR
🔥 CO Level: 1627.2 ppm | Voltage: 0.58V | Rs: 76.19kΩ
   ⚠️  REMINDER: Calibrate R0 in clean air for accurate readings
📍 GPS: 14.606455, 120.9906 | Alt: 146.9m
   Satellites: 2 | Time: 154429
🎤 Audio: LOW-RISK (not sent in reading packet)
============================================================

📡 LoRa JSON Packet Ready: {'type': 'reading', 'nodeID': 1, 'temp': None, 'humidity': None, 'co_ppm': 1627.2, 'latitude': 14.606455, 'longitude': 120.9906, 'altitude': 146.9, 'gps_fix': True}
   JSON bytes len: 147 hex: 7b2274797065223a2272656164696e67222c226e6f64654944223a312c2274656d70223a6e756c6c2c2268756d6964697479223a6e756c6c2c22636f5f70706d223a313632372e322c226c61746974756465223a31342e3630363435352c226c6f6e676974756465223a3132302e393930362c22616c746974756465223a3134362e392c226770735f666978223a747275657d
--- Sending ABP Packet (FCnt=8) ---
  Encrypted payload len: 147
  Encrypted payload (hex): 78dae22413ddd0555c3d8c3f1a36babb29d73d0286248097b01a382776a90cd366186ac9d9cd6df853a989d27d6ccad75d022c73909a5e639ee2c9c8994fc124f3163c0cb05380939a595ef19d87ddce73b3c47932c580154d734f9147c2577bf4877db43fca203bd2927775ddae878a00be7635f31ae30e4ca5299ced9714c56349d04f7157a8644b8cef9949e9decb2b03a7
  Payload: 7b2274797065223a2272656164696e67222c226e6f64654944223a312c2274656d70223a6e756c6c2c2268756d6964697479223a6e756c6c2c22636f5f70706d223a313632372e322c226c61746974756465223a31342e3630363435352c226c6f6e676974756465223a3132302e393930362c22616c746974756465223a3134362e392c226770735f666978223a747275657d
  PHY Pkt: 406b2760000008000178dae22413ddd0555c3d8c3f1a36babb29d73d0286248097b01a382776a90cd366186ac9d9cd6df853a989d27d6ccad75d022c73909a5e639ee2c9c8994fc124f3163c0cb05380939a595ef19d87ddce73b3c47932c580154d734f9147c2577bf4877db43fca203bd2927775ddae878a00be7635f31ae30e4ca5299ced9714c56349d04f7157a8644b8cef9949e9decb2b03a7136036e3
  PHY payload len: 160 type: <class 'bytes'>
  lora.write used: list
→ Packet SENT
[AUDIO] Recording saved: ../recordings/clip_20251108_234447.wav
[AUDIO] ⚠️  Classification model not yet integrated - returning placeholder

============================================================
Timestamp: 2025-11-08 23:44:52
------------------------------------------------------------
🌡️  Temperature: 28.3°C (Normal)
💧 Humidity: 60.4% (Normal)
🔥 CO Level: 1621.8 ppm | Voltage: 0.579V | Rs: 76.36kΩ
   ⚠️  REMINDER: Calibrate R0 in clean air for accurate readings
📍 GPS: No data (check wiring or wait for warm-up)
🎤 Audio: LOW-RISK (not sent in reading packet)
============================================================

📡 LoRa JSON Packet Ready: {'type': 'reading', 'nodeID': 1, 'temp': 28.3, 'humidity': 60.4, 'co_ppm': 1621.8, 'latitude': None, 'longitude': None, 'altitude': None, 'gps_fix': False}
   JSON bytes len: 138 hex: 7b2274797065223a2272656164696e67222c226e6f64654944223a312c2274656d70223a32382e332c2268756d6964697479223a36302e342c22636f5f70706d223a313632312e382c226c61746974756465223a6e756c6c2c226c6f6e676974756465223a6e756c6c2c22616c746974756465223a6e756c6c2c226770735f666978223a66616c73657d
--- Sending ABP Packet (FCnt=9) ---
  Encrypted payload len: 138
  Encrypted payload (hex): 15aa1f22a8680f922f6257503caeb02ab9490872ac77ad42d8e74b79946bdefea8bd4b77ff50d80b4c8d2c0e55c9ff8bb8b7d45f08c233deaee1f45b4da17bd4e7e5ca520d349851c46f2bcc2879d65087e18d2535301735ef6f02d9f52c90d4a1b8d303e8a5710d63ef6de6c75d48220f5d3f3a96b9d9c44cddcb494f34afcbb8522678bcd9e8bbbd4d
  Payload: 7b2274797065223a2272656164696e67222c226e6f64654944223a312c2274656d70223a32382e332c2268756d6964697479223a36302e342c22636f5f70706d223a313632312e382c226c61746974756465223a6e756c6c2c226c6f6e676974756465223a6e756c6c2c22616c746974756465223a6e756c6c2c226770735f666978223a66616c73657d
  PHY Pkt: 406b2760000009000115aa1f22a8680f922f6257503caeb02ab9490872ac77ad42d8e74b79946bdefea8bd4b77ff50d80b4c8d2c0e55c9ff8bb8b7d45f08c233deaee1f45b4da17bd4e7e5ca520d349851c46f2bcc2879d65087e18d2535301735ef6f02d9f52c90d4a1b8d303e8a5710d63ef6de6c75d48220f5d3f3a96b9d9c44cddcb494f34afcbb8522678bcd9e8bbbd4df7ba3d8c
  PHY payload len: 151 type: <class 'bytes'>
  lora.write used: list
→ Packet SENT
[AUDIO] Recording saved: ../recordings/clip_20251108_234501.wav
[AUDIO] ⚠️  Classification model not yet integrated - returning placeholder

============================================================
Timestamp: 2025-11-08 23:45:06
------------------------------------------------------------
🌡️  Temperature: 28.4°C (Normal)
💧 Humidity: 60.1% (Normal)
🔥 CO Level: 1622.4 ppm | Voltage: 0.579V | Rs: 76.34kΩ
   ⚠️  REMINDER: Calibrate R0 in clean air for accurate readings
📍 GPS: 14.606455, 120.9906 | Alt: 147.1m
   Satellites: 3 | Time: 154501
🎤 Audio: LOW-RISK (not sent in reading packet)
============================================================

📡 LoRa JSON Packet Ready: {'type': 'reading', 'nodeID': 1, 'temp': 28.4, 'humidity': 60.1, 'co_ppm': 1622.4, 'latitude': 14.606455, 'longitude': 120.9906, 'altitude': 147.1, 'gps_fix': True}
   JSON bytes len: 147 hex: 7b2274797065223a2272656164696e67222c226e6f64654944223a312c2274656d70223a32382e342c2268756d6964697479223a36302e312c22636f5f70706d223a313632322e342c226c61746974756465223a31342e3630363435352c226c6f6e676974756465223a3132302e393930362c22616c746974756465223a3134372e312c226770735f666978223a747275657d
--- Sending ABP Packet (FCnt=10) ---
  Encrypted payload len: 147
  Encrypted payload (hex): 7f9e36441a77a76904ae6603282678d00a40adc8b3c59036228d7ed8947fe8f6c1d171ba0f36930dd52b8191abd9a4bc2e6db8c51bc81d787b6a8a5795600fb9b8be491cfcc71a2ea9b48ef243a52059447149a3f2b7bbed3a177d26dd289540fcc4cf628eee51d781b91b8533d4f54bbfcd3e3300b426d8f53dec97573c6cad886ae14a998269717d1594b2ee666d62493fc6
  Payload: 7b2274797065223a2272656164696e67222c226e6f64654944223a312c2274656d70223a32382e342c2268756d6964697479223a36302e312c22636f5f70706d223a313632322e342c226c61746974756465223a31342e3630363435352c226c6f6e676974756465223a3132302e393930362c22616c746974756465223a3134372e312c226770735f666978223a747275657d
  PHY Pkt: 406b276000000a00017f9e36441a77a76904ae6603282678d00a40adc8b3c59036228d7ed8947fe8f6c1d171ba0f36930dd52b8191abd9a4bc2e6db8c51bc81d787b6a8a5795600fb9b8be491cfcc71a2ea9b48ef243a52059447149a3f2b7bbed3a177d26dd289540fcc4cf628eee51d781b91b8533d4f54bbfcd3e3300b426d8f53dec97573c6cad886ae14a998269717d1594b2ee666d62493fc65396af02
  PHY payload len: 160 type: <class 'bytes'>
  lora.write used: list
→ Packet SENT
[AUDIO] Recording saved: ../recordings/clip_20251108_234517.wav
[AUDIO] ⚠️  Classification model not yet integrated - returning placeholder

============================================================
Timestamp: 2025-11-08 23:45:22
------------------------------------------------------------
🌡️  Temperature: 28.4°C (Normal)
💧 Humidity: 60.1% (Normal)
🔥 CO Level: 1624.2 ppm | Voltage: 0.58V | Rs: 76.28kΩ
   ⚠️  REMINDER: Calibrate R0 in clean air for accurate readings
📍 GPS: 14.606478, 120.99062 | Alt: 146.6m
   Satellites: 2 | Time: 154517
🎤 Audio: LOW-RISK (not sent in reading packet)
============================================================

📡 LoRa JSON Packet Ready: {'type': 'reading', 'nodeID': 1, 'temp': 28.4, 'humidity': 60.1, 'co_ppm': 1624.2, 'latitude': 14.606478, 'longitude': 120.99062, 'altitude': 146.6, 'gps_fix': True}
   JSON bytes len: 148 hex: 7b2274797065223a2272656164696e67222c226e6f64654944223a312c2274656d70223a32382e342c2268756d6964697479223a36302e312c22636f5f70706d223a313632342e322c226c61746974756465223a31342e3630363437382c226c6f6e676974756465223a3132302e39393036322c22616c746974756465223a3134362e362c226770735f666978223a747275657d
--- Sending ABP Packet (FCnt=11) ---
  Encrypted payload len: 148
  Encrypted payload (hex): 2d8e2d7902ee10bb6b99e1ab140a061d11b2b12fb14a61b4f54a9a2022dc58227e16cc525909c5d34c5afdd439712ea076bc84e111baa4f6ba38a6fc595e5095877995a4e718c21ce8122104154adb011c65508cb40b1cb4290a274134348b4c5f99195c520cd705829b6ad88001198d59c50d16777c7961328362f6d1aed07f16bd73672bb67ab92aa8207b24c45e85b4815263
  Payload: 7b2274797065223a2272656164696e67222c226e6f64654944223a312c2274656d70223a32382e342c2268756d6964697479223a36302e312c22636f5f70706d223a313632342e322c226c61746974756465223a31342e3630363437382c226c6f6e676974756465223a3132302e39393036322c22616c746974756465223a3134362e362c226770735f666978223a747275657d
  PHY Pkt: 406b276000000b00012d8e2d7902ee10bb6b99e1ab140a061d11b2b12fb14a61b4f54a9a2022dc58227e16cc525909c5d34c5afdd439712ea076bc84e111baa4f6ba38a6fc595e5095877995a4e718c21ce8122104154adb011c65508cb40b1cb4290a274134348b4c5f99195c520cd705829b6ad88001198d59c50d16777c7961328362f6d1aed07f16bd73672bb67ab92aa8207b24c45e85b48152636ff3ee86
  PHY payload len: 161 type: <class 'bytes'>
  lora.write used: list
→ Packet SENT
[AUDIO] Recording saved: ../recordings/clip_20251108_234536.wav
[AUDIO] ⚠️  Classification model not yet integrated - returning placeholder

============================================================
Timestamp: 2025-11-08 23:45:41
------------------------------------------------------------
🌡️  Temperature: 28.4°C (Normal)
💧 Humidity: 60.1% (Normal)
🔥 CO Level: 1620.0 ppm | Voltage: 0.579V | Rs: 76.41kΩ
   ⚠️  REMINDER: Calibrate R0 in clean air for accurate readings
📍 GPS: No data (check wiring or wait for warm-up)
🎤 Audio: LOW-RISK (not sent in reading packet)
============================================================

📡 LoRa JSON Packet Ready: {'type': 'reading', 'nodeID': 1, 'temp': 28.4, 'humidity': 60.1, 'co_ppm': 1620.0, 'latitude': None, 'longitude': None, 'altitude': None, 'gps_fix': False}
   JSON bytes len: 138 hex: 7b2274797065223a2272656164696e67222c226e6f64654944223a312c2274656d70223a32382e342c2268756d6964697479223a36302e312c22636f5f70706d223a313632302e302c226c61746974756465223a6e756c6c2c226c6f6e676974756465223a6e756c6c2c22616c746974756465223a6e756c6c2c226770735f666978223a66616c73657d
--- Sending ABP Packet (FCnt=12) ---
  Encrypted payload len: 138
  Encrypted payload (hex): 0687d71516d349476ae4a3558416d81a38cded9b115dc614575781585d64c6543794f9dce07957197d17eb9f9b9d22c458b460926bce84024cfc6b90aaf697648fdb461e2f4198aad10e136e685b9156e0b4e1698942446c29079c38117ef878b9e95c27e5dd674a1c81fd5a488e80b00ced96ed049e497decf15ab499f11ce0e63de7e366ed46afa771
  Payload: 7b2274797065223a2272656164696e67222c226e6f64654944223a312c2274656d70223a32382e342c2268756d6964697479223a36302e312c22636f5f70706d223a313632302e302c226c61746974756465223a6e756c6c2c226c6f6e676974756465223a6e756c6c2c22616c746974756465223a6e756c6c2c226770735f666978223a66616c73657d
  PHY Pkt: 406b276000000c00010687d71516d349476ae4a3558416d81a38cded9b115dc614575781585d64c6543794f9dce07957197d17eb9f9b9d22c458b460926bce84024cfc6b90aaf697648fdb461e2f4198aad10e136e685b9156e0b4e1698942446c29079c38117ef878b9e95c27e5dd674a1c81fd5a488e80b00ced96ed049e497decf15ab499f11ce0e63de7e366ed46afa77139af4981
  PHY payload len: 151 type: <class 'bytes'>
  lora.write used: list
→ Packet SENT
[AUDIO] Recording saved: ../recordings/clip_20251108_234549.wav
[AUDIO] ⚠️  Classification model not yet integrated - returning placeholder

============================================================
Timestamp: 2025-11-08 23:45:54
------------------------------------------------------------
🌡️  Temperature: 28.4°C (Normal)
💧 Humidity: 60.1% (Normal)
🔥 CO Level: 1625.4 ppm | Voltage: 0.58V | Rs: 76.24kΩ
   ⚠️  REMINDER: Calibrate R0 in clean air for accurate readings
📍 GPS: 14.606473, 120.990668 | Alt: 146.6m
   Satellites: 3 | Time: 154549
🎤 Audio: LOW-RISK (not sent in reading packet)
============================================================

📡 LoRa JSON Packet Ready: {'type': 'reading', 'nodeID': 1, 'temp': 28.4, 'humidity': 60.1, 'co_ppm': 1625.4, 'latitude': 14.606473, 'longitude': 120.990668, 'altitude': 146.6, 'gps_fix': True}
   JSON bytes len: 149 hex: 7b2274797065223a2272656164696e67222c226e6f64654944223a312c2274656d70223a32382e342c2268756d6964697479223a36302e312c22636f5f70706d223a313632352e342c226c61746974756465223a31342e3630363437332c226c6f6e676974756465223a3132302e3939303636382c22616c746974756465223a3134362e362c226770735f666978223a747275657d
--- Sending ABP Packet (FCnt=13) ---
  Encrypted payload len: 149
  Encrypted payload (hex): 30001aec99962fe9ee9e15550c8583d8fed67aafa06e60ae0ed8f80a11656529459aee23c929208f1b47bfd68774126d8142017329f4fb7a1ca57241f0e8877dd348450d248a7811d0b94d58d0913a98c36c2f00b36895013989f26396694789f0d2a3b3a1a0656a949c1f578194d878235c0b01e52919088f8a3af81b7b5e47c3781fad387346427eaa124cfa99a64a2e3fc203b3
  Payload: 7b2274797065223a2272656164696e67222c226e6f64654944223a312c2274656d70223a32382e342c2268756d6964697479223a36302e312c22636f5f70706d223a313632352e342c226c61746974756465223a31342e3630363437332c226c6f6e676974756465223a3132302e3939303636382c22616c746974756465223a3134362e362c226770735f666978223a747275657d
============================================================
LoRaWAN ABP Sender - AS923-3
  DevAddr: 0060276b
  TX Freq: 916.6 MHz (SF10)
============================================================
Press Ctrl+C to stop.

Initializing sensors...
[GPS] Serial port opened successfully
============================================================
Forest Fire Detection System - Unified Sensor Monitor
============================================================
Sensor readings every: 5s
LoRa packet preparation every: 10s
============================================================

🚀 Starting sensor monitoring loop...
   Press Ctrl+C to stop

⏳ GPS warming up... (this may take 30-60 seconds outdoors)
[AUDIO] Recording saved: ../recordings/clip_20251108_234614.wav
[AUDIO] ⚠️  Classification model not yet integrated - returning placeholder

============================================================
Timestamp: 2025-11-08 23:46:19
------------------------------------------------------------
🌡️  Temperature: ERROR
💧 Humidity: ERROR
🔥 CO Level: 1618.3 ppm | Voltage: 0.578V | Rs: 76.47kΩ
   ⚠️  REMINDER: Calibrate R0 in clean air for accurate readings
📍 GPS: No data (check wiring or wait for warm-up)
🎤 Audio: LOW-RISK (not sent in reading packet)
============================================================
[AUDIO] Recording saved: ../recordings/clip_20251108_234625.wav
[AUDIO] ⚠️  Classification model not yet integrated - returning placeholder

============================================================
Timestamp: 2025-11-08 23:46:30
------------------------------------------------------------
🌡️  Temperature: 28.7°C (Normal)
💧 Humidity: 59.2% (Normal)
🔥 CO Level: 1624.2 ppm | Voltage: 0.58V | Rs: 76.28kΩ
   ⚠️  REMINDER: Calibrate R0 in clean air for accurate readings
📍 GPS: 14.606172, 120.990325 | Alt: 146.7m
   Satellites: 3 | Time: 154625
🎤 Audio: LOW-RISK (not sent in reading packet)
============================================================

📡 LoRa JSON Packet Ready: {'type': 'reading', 'nodeID': 1, 'temp': 28.7, 'humidity': 59.2, 'co_ppm': 1624.2, 'latitude': 14.606172, 'longitude': 120.990325, 'altitude': 146.7, 'gps_fix': True}
   JSON bytes len: 149 hex: 7b2274797065223a2272656164696e67222c226e6f64654944223a312c2274656d70223a32382e372c2268756d6964697479223a35392e322c22636f5f70706d223a313632342e322c226c61746974756465223a31342e3630363137322c226c6f6e676974756465223a3132302e3939303332352c22616c746974756465223a3134362e372c226770735f666978223a747275657d
--- Sending ABP Packet (FCnt=0) ---
  Encrypted payload len: 149
  Encrypted payload (hex): 79dc0a44fe4328f4e97d892c2854779f090f2c90907d476bd4bb2a12902f8c139cc550a3c4eb4cbd78b52b9c9724c8e3faa78ae20c95003e1b0ce35c0076aefa10d9258532ad88df3cb2fa222ef2a39f7471baecefe60a4c128e3375d1926acc2da504a1771da93a1efdf57c0187f7b362a390dcab65739a7cee4d53a662f9edb76b973dd458107f42851a399347beb1c37934e756
  Payload: 7b2274797065223a2272656164696e67222c226e6f64654944223a312c2274656d70223a32382e372c2268756d6964697479223a35392e322c22636f5f70706d223a313632342e322c226c61746974756465223a31342e3630363137322c226c6f6e676974756465223a3132302e3939303332352c22616c746974756465223a3134362e372c226770735f666978223a747275657d
  PHY Pkt: 406b2760000000000179dc0a44fe4328f4e97d892c2854779f090f2c90907d476bd4bb2a12902f8c139cc550a3c4eb4cbd78b52b9c9724c8e3faa78ae20c95003e1b0ce35c0076aefa10d9258532ad88df3cb2fa222ef2a39f7471baecefe60a4c128e3375d1926acc2da504a1771da93a1efdf57c0187f7b362a390dcab65739a7cee4d53a662f9edb76b973dd458107f42851a399347beb1c37934e7562c50d4c4
  PHY payload len: 162 type: <class 'bytes'>
  lora.write used: list
→ Packet SENT
[AUDIO] Recording saved: ../recordings/clip_20251108_234644.wav
[AUDIO] ⚠️  Classification model not yet integrated - returning placeholder

============================================================
Timestamp: 2025-11-08 23:46:49
------------------------------------------------------------
🌡️  Temperature: 28.7°C (Normal)
💧 Humidity: 59.2% (Normal)
🔥 CO Level: 1622.4 ppm | Voltage: 0.579V | Rs: 76.34kΩ
   ⚠️  REMINDER: Calibrate R0 in clean air for accurate readings
📍 GPS: No data (check wiring or wait for warm-up)
🎤 Audio: LOW-RISK (not sent in reading packet)
============================================================

📡 LoRa JSON Packet Ready: {'type': 'reading', 'nodeID': 1, 'temp': 28.7, 'humidity': 59.2, 'co_ppm': 1622.4, 'latitude': None, 'longitude': None, 'altitude': None, 'gps_fix': False}
   JSON bytes len: 138 hex: 7b2274797065223a2272656164696e67222c226e6f64654944223a312c2274656d70223a32382e372c2268756d6964697479223a35392e322c22636f5f70706d223a313632322e342c226c61746974756465223a6e756c6c2c226c6f6e676974756465223a6e756c6c2c22616c746974756465223a6e756c6c2c226770735f666978223a66616c73657d
--- Sending ABP Packet (FCnt=1) ---
  Encrypted payload len: 138
  Encrypted payload (hex): ef4ebaa6bf5a226076adec597a51efa645e8678b50239abebf982e578dc6dd1f59e2df1784012b22576156b332d16510986c1b3ca90800c89fe9a33fce67be94197cdb3125101b1a5f57b89d6b9ad0288feecd23b2dd01ee35d9cc8aa5b8b3ca1cae950843d66c615e9acaee3e91fe9be65ccac7ed744e39ab493840b733c85f9f0615025fd11c76e591
  Payload: 7b2274797065223a2272656164696e67222c226e6f64654944223a312c2274656d70223a32382e372c2268756d6964697479223a35392e322c22636f5f70706d223a313632322e342c226c61746974756465223a6e756c6c2c226c6f6e676974756465223a6e756c6c2c22616c746974756465223a6e756c6c2c226770735f666978223a66616c73657d
  PHY Pkt: 406b27600000010001ef4ebaa6bf5a226076adec597a51efa645e8678b50239abebf982e578dc6dd1f59e2df1784012b22576156b332d16510986c1b3ca90800c89fe9a33fce67be94197cdb3125101b1a5f57b89d6b9ad0288feecd23b2dd01ee35d9cc8aa5b8b3ca1cae950843d66c615e9acaee3e91fe9be65ccac7ed744e39ab493840b733c85f9f0615025fd11c76e5915f925f8b
  PHY payload len: 151 type: <class 'bytes'>
  lora.write used: list
→ Packet SENT
[AUDIO] Recording saved: ../recordings/clip_20251108_234701.wav
[AUDIO] ⚠️  Classification model not yet integrated - returning placeholder

============================================================
Timestamp: 2025-11-08 23:47:06
------------------------------------------------------------
🌡️  Temperature: 28.8°C (Normal)
💧 Humidity: 58.9% (Normal)
🔥 CO Level: 1620.6 ppm | Voltage: 0.579V | Rs: 76.39kΩ
   ⚠️  REMINDER: Calibrate R0 in clean air for accurate readings
📍 GPS: 14.606138, 120.990318 | Alt: 146.1m
   Satellites: 3 | Time: 154701
🎤 Audio: LOW-RISK (not sent in reading packet)
============================================================

📡 LoRa JSON Packet Ready: {'type': 'reading', 'nodeID': 1, 'temp': 28.8, 'humidity': 58.9, 'co_ppm': 1620.6, 'latitude': 14.606138, 'longitude': 120.990318, 'altitude': 146.1, 'gps_fix': True}
   JSON bytes len: 149 hex: 7b2274797065223a2272656164696e67222c226e6f64654944223a312c2274656d70223a32382e382c2268756d6964697479223a35382e392c22636f5f70706d223a313632302e362c226c61746974756465223a31342e3630363133382c226c6f6e676974756465223a3132302e3939303331382c22616c746974756465223a3134362e312c226770735f666978223a747275657d
--- Sending ABP Packet (FCnt=2) ---
  Encrypted payload len: 149
  Encrypted payload (hex): 2881b252432977bae8b63974263c243ac9e6d9765f57bb05075ef0c09c7fd604071c174d8a0589092f8fde595f478bcd2054df1741e0b0b1c2e0f814c9f9e4233df8b4cf3e9ad8a4f1007b49eae3ecb2a5fc8bedf704536c836225b799eb59825063a02b33d143c03d317ac6f199c071072a2b85964b952f62702d385f62fde2ff0acb8e35a73efd00f7902b5e4dbd0b02a75ed576
  Payload: 7b2274797065223a2272656164696e67222c226e6f64654944223a312c2274656d70223a32382e382c2268756d6964697479223a35382e392c22636f5f70706d223a313632302e362c226c61746974756465223a31342e3630363133382c226c6f6e676974756465223a3132302e3939303331382c22616c746974756465223a3134362e312c226770735f666978223a747275657d
  PHY Pkt: 406b276000000200012881b252432977bae8b63974263c243ac9e6d9765f57bb05075ef0c09c7fd604071c174d8a0589092f8fde595f478bcd2054df1741e0b0b1c2e0f814c9f9e4233df8b4cf3e9ad8a4f1007b49eae3ecb2a5fc8bedf704536c836225b799eb59825063a02b33d143c03d317ac6f199c071072a2b85964b952f62702d385f62fde2ff0acb8e35a73efd00f7902b5e4dbd0b02a75ed57616b7a325
  PHY payload len: 162 type: <class 'bytes'>
  lora.write used: list
→ Packet SENT
[AUDIO] Recording saved: ../recordings/clip_20251108_234714.wav
[AUDIO] ⚠️  Classification model not yet integrated - returning placeholder

============================================================
Timestamp: 2025-11-08 23:47:19
------------------------------------------------------------
🌡️  Temperature: 28.8°C (Normal)
💧 Humidity: 58.9% (Normal)
🔥 CO Level: 1615.3 ppm | Voltage: 0.578V | Rs: 76.56kΩ
   ⚠️  REMINDER: Calibrate R0 in clean air for accurate readings
📍 GPS: 14.606138, 120.990318 | Alt: 146.1m
   Satellites: 3 | Time: 154714
🎤 Audio: LOW-RISK (not sent in reading packet)
============================================================

📡 LoRa JSON Packet Ready: {'type': 'reading', 'nodeID': 1, 'temp': 28.8, 'humidity': 58.9, 'co_ppm': 1615.3, 'latitude': 14.606138, 'longitude': 120.990318, 'altitude': 146.1, 'gps_fix': True}
   JSON bytes len: 149 hex: 7b2274797065223a2272656164696e67222c226e6f64654944223a312c2274656d70223a32382e382c2268756d6964697479223a35382e392c22636f5f70706d223a313631352e332c226c61746974756465223a31342e3630363133382c226c6f6e676974756465223a3132302e3939303331382c22616c746974756465223a3134362e312c226770735f666978223a747275657d
--- Sending ABP Packet (FCnt=3) ---
  Encrypted payload len: 149
  Encrypted payload (hex): 9b48d9c3cbaaadae0fef9d5a3245d2aa490fde0ec636db25fdaf81d5603a0261f7888ccc8aec1ae247ccb8f73d208ea18a6a28e4bd41f02bd1bf1d29fcefb16d5997ee6fd284acca452ca41b06eefdd5ed82f55569ad3faad31347ecb11eb78e9e3a315c2e27c6edc5ac5d9a76a22ec7f210fd0e6dc9d610821618a1c7d44fe4e1bd19f4dad4ea660ec5019d3264946afd9140cc69
  Payload: 7b2274797065223a2272656164696e67222c226e6f64654944223a312c2274656d70223a32382e382c2268756d6964697479223a35382e392c22636f5f70706d223a313631352e332c226c61746974756465223a31342e3630363133382c226c6f6e676974756465223a3132302e3939303331382c22616c746974756465223a3134362e312c226770735f666978223a747275657d
  PHY Pkt: 406b276000000300019b48d9c3cbaaadae0fef9d5a3245d2aa490fde0ec636db25fdaf81d5603a0261f7888ccc8aec1ae247ccb8f73d208ea18a6a28e4bd41f02bd1bf1d29fcefb16d5997ee6fd284acca452ca41b06eefdd5ed82f55569ad3faad31347ecb11eb78e9e3a315c2e27c6edc5ac5d9a76a22ec7f210fd0e6dc9d610821618a1c7d44fe4e1bd19f4dad4ea660ec5019d3264946afd9140cc69766984ea
  PHY payload len: 162 type: <class 'bytes'>
  lora.write used: list
→ Packet SENT
[AUDIO] Recording saved: ../recordings/clip_20251108_234731.wav
[AUDIO] ⚠️  Classification model not yet integrated - returning placeholder

============================================================
Timestamp: 2025-11-08 23:47:36
------------------------------------------------------------
🌡️  Temperature: 28.9°C (Normal)
💧 Humidity: 58.4% (Normal)
🔥 CO Level: 1621.2 ppm | Voltage: 0.579V | Rs: 76.37kΩ
   ⚠️  REMINDER: Calibrate R0 in clean air for accurate readings
📍 GPS: No data (check wiring or wait for warm-up)
🎤 Audio: LOW-RISK (not sent in reading packet)
============================================================

📡 LoRa JSON Packet Ready: {'type': 'reading', 'nodeID': 1, 'temp': 28.9, 'humidity': 58.4, 'co_ppm': 1621.2, 'latitude': None, 'longitude': None, 'altitude': None, 'gps_fix': False}
   JSON bytes len: 138 hex: 7b2274797065223a2272656164696e67222c226e6f64654944223a312c2274656d70223a32382e392c2268756d6964697479223a35382e342c22636f5f70706d223a313632312e322c226c61746974756465223a6e756c6c2c226c6f6e676974756465223a6e756c6c2c22616c746974756465223a6e756c6c2c226770735f666978223a66616c73657d
--- Sending ABP Packet (FCnt=4) ---
  Encrypted payload len: 138
  Encrypted payload (hex): d77e590b34218799a87db5fcbfcc4962c621cc5c75f3ba6f97a3851dfd7ff46c72510ec44e43700e70caacff25322abf11f3f3727786dc2bd153704bda6c6ceaeb5cb271d36ebf9aa992fc25e6aa8389afd6e9ba8f6e43719d43d7190d545fb8eb6888bbcd8cca552456c3aa981cebfa421dbb5282bd899cc1709c31e1d6a84e17f2dbd455ffc1ce6811
  Payload: 7b2274797065223a2272656164696e67222c226e6f64654944223a312c2274656d70223a32382e392c2268756d6964697479223a35382e342c22636f5f70706d223a313632312e322c226c61746974756465223a6e756c6c2c226c6f6e676974756465223a6e756c6c2c22616c746974756465223a6e756c6c2c226770735f666978223a66616c73657d
  PHY Pkt: 406b27600000040001d77e590b34218799a87db5fcbfcc4962c621cc5c75f3ba6f97a3851dfd7ff46c72510ec44e43700e70caacff25322abf11f3f3727786dc2bd153704bda6c6ceaeb5cb271d36ebf9aa992fc25e6aa8389afd6e9ba8f6e43719d43d7190d545fb8eb6888bbcd8cca552456c3aa981cebfa421dbb5282bd899cc1709c31e1d6a84e17f2dbd455ffc1ce681152c23248
  PHY payload len: 151 type: <class 'bytes'>
  lora.write used: list
→ Packet SENT
[AUDIO] Recording saved: ../recordings/clip_20251108_234750.wav
[AUDIO] ⚠️  Classification model not yet integrated - returning placeholder

============================================================
Timestamp: 2025-11-08 23:47:55
------------------------------------------------------------
🌡️  Temperature: 28.9°C (Normal)
💧 Humidity: 58.4% (Normal)
🔥 CO Level: 1615.3 ppm | Voltage: 0.578V | Rs: 76.56kΩ
   ⚠️  REMINDER: Calibrate R0 in clean air for accurate readings
📍 GPS: No data (check wiring or wait for warm-up)
🎤 Audio: LOW-RISK (not sent in reading packet)
============================================================

📡 LoRa JSON Packet Ready: {'type': 'reading', 'nodeID': 1, 'temp': 28.9, 'humidity': 58.4, 'co_ppm': 1615.3, 'latitude': None, 'longitude': None, 'altitude': None, 'gps_fix': False}
   JSON bytes len: 138 hex: 7b2274797065223a2272656164696e67222c226e6f64654944223a312c2274656d70223a32382e392c2268756d6964697479223a35382e342c22636f5f70706d223a313631352e332c226c61746974756465223a6e756c6c2c226c6f6e676974756465223a6e756c6c2c22616c746974756465223a6e756c6c2c226770735f666978223a66616c73657d
--- Sending ABP Packet (FCnt=5) ---
  Encrypted payload len: 138
  Encrypted payload (hex): 0c192e2df261959034503b234455bb08e74fc9ee348461411feaca0e32dabdc5b7983ee45ea0deebff4d47a20aab0e8b1cc2b235ffdb31db0acb2999f7f7aae91f713556ef94e9158e6e11ea9e30be628e351fe6f3a580387d8172664b950fbac93d1933c6539751199120f736bd7558ac555e03592723536c7a22c6bca282640ee08cf25c04642191b7
  Payload: 7b2274797065223a2272656164696e67222c226e6f64654944223a312c2274656d70223a32382e392c2268756d6964697479223a35382e342c22636f5f70706d223a313631352e332c226c61746974756465223a6e756c6c2c226c6f6e676974756465223a6e756c6c2c22616c746974756465223a6e756c6c2c226770735f666978223a66616c73657d
  PHY Pkt: 406b276000000500010c192e2df261959034503b234455bb08e74fc9ee348461411feaca0e32dabdc5b7983ee45ea0deebff4d47a20aab0e8b1cc2b235ffdb31db0acb2999f7f7aae91f713556ef94e9158e6e11ea9e30be628e351fe6f3a580387d8172664b950fbac93d1933c6539751199120f736bd7558ac555e03592723536c7a22c6bca282640ee08cf25c04642191b74d6b1cef
  PHY payload len: 151 type: <class 'bytes'>
  lora.write used: list
→ Packet SENT
[AUDIO] Recording saved: ../recordings/clip_20251108_234809.wav
[AUDIO] ⚠️  Classification model not yet integrated - returning placeholder

============================================================
Timestamp: 2025-11-08 23:48:14
------------------------------------------------------------
🌡️  Temperature: 28.9°C (Normal)
💧 Humidity: 58.4% (Normal)
🔥 CO Level: 1617.7 ppm | Voltage: 0.578V | Rs: 76.49kΩ
   ⚠️  REMINDER: Calibrate R0 in clean air for accurate readings
📍 GPS: No data (check wiring or wait for warm-up)
🎤 Audio: LOW-RISK (not sent in reading packet)
============================================================

📡 LoRa JSON Packet Ready: {'type': 'reading', 'nodeID': 1, 'temp': 28.9, 'humidity': 58.4, 'co_ppm': 1617.7, 'latitude': None, 'longitude': None, 'altitude': None, 'gps_fix': False}
   JSON bytes len: 138 hex: 7b2274797065223a2272656164696e67222c226e6f64654944223a312c2274656d70223a32382e392c2268756d6964697479223a35382e342c22636f5f70706d223a313631372e372c226c61746974756465223a6e756c6c2c226c6f6e676974756465223a6e756c6c2c22616c746974756465223a6e756c6c2c226770735f666978223a66616c73657d
--- Sending ABP Packet (FCnt=6) ---
  Encrypted payload len: 138
  Encrypted payload (hex): 534921006a347555e12fe00a5d3b9da82931639968f58083df0e991374d0891239366e6c842e376858b03d5711179a9260a9cfb07d5b9887dfaaa24efb8e0e3dd1c268a934eee03fb42cc04e8208c1274604a716f88ec216aefb4748b41885a9e870b4ad2d2e247f8d8359d51f399d109cf12f67a6154c112b812f8d616ebac5ee57e0e43aaf0a828d29
  Payload: 7b2274797065223a2272656164696e67222c226e6f64654944223a312c2274656d70223a32382e392c2268756d6964697479223a35382e342c22636f5f70706d223a313631372e372c226c61746974756465223a6e756c6c2c226c6f6e676974756465223a6e756c6c2c22616c746974756465223a6e756c6c2c226770735f666978223a66616c73657d
  PHY Pkt: 406b27600000060001534921006a347555e12fe00a5d3b9da82931639968f58083df0e991374d0891239366e6c842e376858b03d5711179a9260a9cfb07d5b9887dfaaa24efb8e0e3dd1c268a934eee03fb42cc04e8208c1274604a716f88ec216aefb4748b41885a9e870b4ad2d2e247f8d8359d51f399d109cf12f67a6154c112b812f8d616ebac5ee57e0e43aaf0a828d29814effe0
  PHY payload len: 151 type: <class 'bytes'>
  lora.write used: list
→ Packet SENT
[AUDIO] Recording saved: ../recordings/clip_20251108_234828.wav
[AUDIO] ⚠️  Classification model not yet integrated - returning placeholder

============================================================
Timestamp: 2025-11-08 23:48:33
------------------------------------------------------------
🌡️  Temperature: 28.9°C (Normal)
💧 Humidity: 58.4% (Normal)
🔥 CO Level: 1621.8 ppm | Voltage: 0.579V | Rs: 76.36kΩ
   ⚠️  REMINDER: Calibrate R0 in clean air for accurate readings
📍 GPS: No data (check wiring or wait for warm-up)
🎤 Audio: LOW-RISK (not sent in reading packet)
============================================================

📡 LoRa JSON Packet Ready: {'type': 'reading', 'nodeID': 1, 'temp': 28.9, 'humidity': 58.4, 'co_ppm': 1621.8, 'latitude': None, 'longitude': None, 'altitude': None, 'gps_fix': False}
   JSON bytes len: 138 hex: 7b2274797065223a2272656164696e67222c226e6f64654944223a312c2274656d70223a32382e392c2268756d6964697479223a35382e342c22636f5f70706d223a313632312e382c226c61746974756465223a6e756c6c2c226c6f6e676974756465223a6e756c6c2c22616c746974756465223a6e756c6c2c226770735f666978223a66616c73657d
--- Sending ABP Packet (FCnt=7) ---
  Encrypted payload len: 138
  Encrypted payload (hex): 2077d76223712dfc7a834e0722e56a7e851b80a3f59adf258a397541d09f869824e95e18bd9b174e64489693878076797978fe12355138c4452e953febf96dc9e078c07c95b782e1db7491d83cc1c435f07a886b33c719d8531fcb12dacbcbdfdf6ed05db99362fabc51c2e375a42f058c5f67a7ad79b216617da3293501102d0cbf91087a0e33c9f54f
  Payload: 7b2274797065223a2272656164696e67222c226e6f64654944223a312c2274656d70223a32382e392c2268756d6964697479223a35382e342c22636f5f70706d223a313632312e382c226c61746974756465223a6e756c6c2c226c6f6e676974756465223a6e756c6c2c22616c746974756465223a6e756c6c2c226770735f666978223a66616c73657d
  PHY Pkt: 406b276000000700012077d76223712dfc7a834e0722e56a7e851b80a3f59adf258a397541d09f869824e95e18bd9b174e64489693878076797978fe12355138c4452e953febf96dc9e078c07c95b782e1db7491d83cc1c435f07a886b33c719d8531fcb12dacbcbdfdf6ed05db99362fabc51c2e375a42f058c5f67a7ad79b216617da3293501102d0cbf91087a0e33c9f54fc232bde3
  PHY payload len: 151 type: <class 'bytes'>
  lora.write used: list
→ Packet SENT
[AUDIO] Recording saved: ../recordings/clip_20251108_234847.wav
[AUDIO] ⚠️  Classification model not yet integrated - returning placeholder

============================================================
Timestamp: 2025-11-08 23:48:52
------------------------------------------------------------
🌡️  Temperature: 29.1°C (Normal)
💧 Humidity: 57.9% (Normal)
🔥 CO Level: 1612.9 ppm | Voltage: 0.577V | Rs: 76.64kΩ
   ⚠️  REMINDER: Calibrate R0 in clean air for accurate readings
📍 GPS: No data (check wiring or wait for warm-up)
🎤 Audio: LOW-RISK (not sent in reading packet)
============================================================

📡 LoRa JSON Packet Ready: {'type': 'reading', 'nodeID': 1, 'temp': 29.1, 'humidity': 57.9, 'co_ppm': 1612.9, 'latitude': None, 'longitude': None, 'altitude': None, 'gps_fix': False}
   JSON bytes len: 138 hex: 7b2274797065223a2272656164696e67222c226e6f64654944223a312c2274656d70223a32392e312c2268756d6964697479223a35372e392c22636f5f70706d223a313631322e392c226c61746974756465223a6e756c6c2c226c6f6e676974756465223a6e756c6c2c22616c746974756465223a6e756c6c2c226770735f666978223a66616c73657d
--- Sending ABP Packet (FCnt=8) ---
  Encrypted payload len: 138
  Encrypted payload (hex): 78dae22413ddd0555c3d8c3f1a36babb29d73d0286248097b01a382776a90cd366186ac985812fa553a989d27d6ccad75d022c73cbd81c369ee2c9c8994fc124f3163c0cb35680989a595ef19d87ddce73b3c4796d84c24f516717cb1c891c63ee8d7fff71d131329c84642681f4d7c745ec3f35a818e20b54fc6f9ebfde7a973c1fcb593551b4647197
  Payload: 7b2274797065223a2272656164696e67222c226e6f64654944223a312c2274656d70223a32392e312c2268756d6964697479223a35372e392c22636f5f70706d223a313631322e392c226c61746974756465223a6e756c6c2c226c6f6e676974756465223a6e756c6c2c22616c746974756465223a6e756c6c2c226770735f666978223a66616c73657d
  PHY Pkt: 406b2760000008000178dae22413ddd0555c3d8c3f1a36babb29d73d0286248097b01a382776a90cd366186ac985812fa553a989d27d6ccad75d022c73cbd81c369ee2c9c8994fc124f3163c0cb35680989a595ef19d87ddce73b3c4796d84c24f516717cb1c891c63ee8d7fff71d131329c84642681f4d7c745ec3f35a818e20b54fc6f9ebfde7a973c1fcb593551b4647197eac78902
  PHY payload len: 151 type: <class 'bytes'>
  lora.write used: list
→ Packet SENT
[AUDIO] Recording saved: ../recordings/clip_20251108_234900.wav
[AUDIO] ⚠️  Classification model not yet integrated - returning placeholder

============================================================
Timestamp: 2025-11-08 23:49:05
------------------------------------------------------------
🌡️  Temperature: 29.1°C (Normal)
💧 Humidity: 57.9% (Normal)
🔥 CO Level: 1617.1 ppm | Voltage: 0.578V | Rs: 76.51kΩ
   ⚠️  REMINDER: Calibrate R0 in clean air for accurate readings
📍 GPS: 14.606158, 120.990305 | Alt: 145.9m
   Satellites: 1 | Time: 154900
🎤 Audio: LOW-RISK (not sent in reading packet)
============================================================

📡 LoRa JSON Packet Ready: {'type': 'reading', 'nodeID': 1, 'temp': 29.1, 'humidity': 57.9, 'co_ppm': 1617.1, 'latitude': 14.606158, 'longitude': 120.990305, 'altitude': 145.9, 'gps_fix': True}
   JSON bytes len: 149 hex: 7b2274797065223a2272656164696e67222c226e6f64654944223a312c2274656d70223a32392e312c2268756d6964697479223a35372e392c22636f5f70706d223a313631372e312c226c61746974756465223a31342e3630363135382c226c6f6e676974756465223a3132302e3939303330352c22616c746974756465223a3134352e392c226770735f666978223a747275657d
--- Sending ABP Packet (FCnt=9) ---
  Encrypted payload len: 149
  Encrypted payload (hex): 15aa1f22a8680f922f6257503caeb02ab9490872ac77ad42d8e74b79946bdefea8bd4b77ff51d8094c8d2c0e55c9ff8bb8b7d45f0bc533d3aee1f45b4da17bd4e7e5ca520e329858c46f2bcc2879d65087e18d256a71556ff37b5f83a367dbccbbb2d148a6be60042df97eb59b07186f4a0a6a2d80f5cdc454989d5b5b22d297e01e316ce394a6afa843cb292af9f99f2b7288dcff
  Payload: 7b2274797065223a2272656164696e67222c226e6f64654944223a312c2274656d70223a32392e312c2268756d6964697479223a35372e392c22636f5f70706d223a313631372e312c226c61746974756465223a31342e3630363135382c226c6f6e676974756465223a3132302e3939303330352c22616c746974756465223a3134352e392c226770735f666978223a747275657d
  PHY Pkt: 406b2760000009000115aa1f22a8680f922f6257503caeb02ab9490872ac77ad42d8e74b79946bdefea8bd4b77ff51d8094c8d2c0e55c9ff8bb8b7d45f0bc533d3aee1f45b4da17bd4e7e5ca520e329858c46f2bcc2879d65087e18d256a71556ff37b5f83a367dbccbbb2d148a6be60042df97eb59b07186f4a0a6a2d80f5cdc454989d5b5b22d297e01e316ce394a6afa843cb292af9f99f2b7288dcff769d058f
  PHY payload len: 162 type: <class 'bytes'>
  lora.write used: list
→ Packet SENT
[AUDIO] Recording saved: ../recordings/clip_20251108_234920.wav
[AUDIO] ⚠️  Classification model not yet integrated - returning placeholder

============================================================
Timestamp: 2025-11-08 23:49:25
------------------------------------------------------------
🌡️  Temperature: 29.1°C (Normal)
💧 Humidity: 57.9% (Normal)
🔥 CO Level: 1615.3 ppm | Voltage: 0.578V | Rs: 76.56kΩ
   ⚠️  REMINDER: Calibrate R0 in clean air for accurate readings
📍 GPS: No data (check wiring or wait for warm-up)
🎤 Audio: LOW-RISK (not sent in reading packet)
============================================================

📡 LoRa JSON Packet Ready: {'type': 'reading', 'nodeID': 1, 'temp': 29.1, 'humidity': 57.9, 'co_ppm': 1615.3, 'latitude': None, 'longitude': None, 'altitude': None, 'gps_fix': False}
   JSON bytes len: 138 hex: 7b2274797065223a2272656164696e67222c226e6f64654944223a312c2274656d70223a32392e312c2268756d6964697479223a35372e392c22636f5f70706d223a313631352e332c226c61746974756465223a6e756c6c2c226c6f6e676974756465223a6e756c6c2c22616c746974756465223a6e756c6c2c226770735f666978223a66616c73657d
--- Sending ABP Packet (FCnt=10) ---
  Encrypted payload len: 138
  Encrypted payload (hex): 7f9e36441a77a76904ae6603282678d00a40adc8b3c59036228d7ed8947fe8f6c1d171ba0f379308d52b8191abd9a4bc2e6db8c518cf1d707b6a8a5795600fb9b8be491cffc01a29a9b48ef243a52059447149a3adf6f9b72603257c8663de58e6cecd29c0f540decfaf08d66f8ea506fa9f77335bb627dded64aa95057502ffd63cf25cdd847571470e
  Payload: 7b2274797065223a2272656164696e67222c226e6f64654944223a312c2274656d70223a32392e312c2268756d6964697479223a35372e392c22636f5f70706d223a313631352e332c226c61746974756465223a6e756c6c2c226c6f6e676974756465223a6e756c6c2c22616c746974756465223a6e756c6c2c226770735f666978223a66616c73657d
  PHY Pkt: 406b276000000a00017f9e36441a77a76904ae6603282678d00a40adc8b3c59036228d7ed8947fe8f6c1d171ba0f379308d52b8191abd9a4bc2e6db8c518cf1d707b6a8a5795600fb9b8be491cffc01a29a9b48ef243a52059447149a3adf6f9b72603257c8663de58e6cecd29c0f540decfaf08d66f8ea506fa9f77335bb627dded64aa95057502ffd63cf25cdd847571470e3c5dc195
  PHY payload len: 151 type: <class 'bytes'>
  lora.write used: list
→ Packet SENT
[AUDIO] Recording saved: ../recordings/clip_20251108_234940.wav
[AUDIO] ⚠️  Classification model not yet integrated - returning placeholder

============================================================
Timestamp: 2025-11-08 23:49:45
------------------------------------------------------------
🌡️  Temperature: 29.1°C (Normal)
💧 Humidity: 57.9% (Normal)
🔥 CO Level: 1614.1 ppm | Voltage: 0.577V | Rs: 76.6kΩ
   ⚠️  REMINDER: Calibrate R0 in clean air for accurate readings
📍 GPS: 14.606158, 120.990305 | Alt: 145.8m
   Satellites: 1 | Time: 154940
🎤 Audio: LOW-RISK (not sent in reading packet)
============================================================

📡 LoRa JSON Packet Ready: {'type': 'reading', 'nodeID': 1, 'temp': 29.1, 'humidity': 57.9, 'co_ppm': 1614.1, 'latitude': 14.606158, 'longitude': 120.990305, 'altitude': 145.8, 'gps_fix': True}
   JSON bytes len: 149 hex: 7b2274797065223a2272656164696e67222c226e6f64654944223a312c2274656d70223a32392e312c2268756d6964697479223a35372e392c22636f5f70706d223a313631342e312c226c61746974756465223a31342e3630363135382c226c6f6e676974756465223a3132302e3939303330352c22616c746974756465223a3134352e382c226770735f666978223a747275657d
--- Sending ABP Packet (FCnt=11) ---
  Encrypted payload len: 149
  Encrypted payload (hex): 2d8e2d7902ee10bb6b99e1ab140a061d11b2b12fb14a61b4f54a9a2022dc58227e16cc525908c5d64c5afdd439712ea076bc84e112bda4feba38a6fc595e5095877995a4e418c21fe8122104154adb011c65508cb40b1cb4290a224334348b4c5f99195c520cd705829b6ad88001198d59c00f0f793f74792f9e63e7d0e9c87413bf687f3fb83fae29841974359e46cbb286427b88
  Payload: 7b2274797065223a2272656164696e67222c226e6f64654944223a312c2274656d70223a32392e312c2268756d6964697479223a35372e392c22636f5f70706d223a313631342e312c226c61746974756465223a31342e3630363135382c226c6f6e676974756465223a3132302e3939303330352c22616c746974756465223a3134352e382c226770735f666978223a747275657d
  PHY Pkt: 406b276000000b00012d8e2d7902ee10bb6b99e1ab140a061d11b2b12fb14a61b4f54a9a2022dc58227e16cc525908c5d64c5afdd439712ea076bc84e112bda4feba38a6fc595e5095877995a4e418c21fe8122104154adb011c65508cb40b1cb4290a224334348b4c5f99195c520cd705829b6ad88001198d59c00f0f793f74792f9e63e7d0e9c87413bf687f3fb83fae29841974359e46cbb286427b887e4fbc40
  PHY payload len: 162 type: <class 'bytes'>
  lora.write used: list
→ Packet SENT
[AUDIO] Recording saved: ../recordings/clip_20251108_234958.wav
[AUDIO] ⚠️  Classification model not yet integrated - returning placeholder

============================================================
Timestamp: 2025-11-08 23:50:03
------------------------------------------------------------
🌡️  Temperature: 29.2°C (Normal)
💧 Humidity: 56.1% (Normal)
🔥 CO Level: 1617.7 ppm | Voltage: 0.578V | Rs: 76.49kΩ
   ⚠️  REMINDER: Calibrate R0 in clean air for accurate readings
📍 GPS: No data (check wiring or wait for warm-up)
🎤 Audio: LOW-RISK (not sent in reading packet)
============================================================

📡 LoRa JSON Packet Ready: {'type': 'reading', 'nodeID': 1, 'temp': 29.2, 'humidity': 56.1, 'co_ppm': 1617.7, 'latitude': None, 'longitude': None, 'altitude': None, 'gps_fix': False}
   JSON bytes len: 138 hex: 7b2274797065223a2272656164696e67222c226e6f64654944223a312c2274656d70223a32392e322c2268756d6964697479223a35362e312c22636f5f70706d223a313631372e372c226c61746974756465223a6e756c6c2c226c6f6e676974756465223a6e756c6c2c22616c746974756465223a6e756c6c2c226770735f666978223a66616c73657d
--- Sending ABP Packet (FCnt=12) ---
  Encrypted payload len: 138
  Encrypted payload (hex): 0687d71516d349476ae4a3558416d81a38cded9b115dc614575781585d64c6543794f9dce078571f7d17eb9f9b9d22c458b4609268c884024cfc6b90aaf697648fdb461e2c4698add10e136e685b9156e0b4e1698942446c29079c38117ef878b9e95c27e5dd674a1c81fd5a488e80b00ced96ed049e497decf15ab499f11ce0e63de7e366ed46afa771
  Payload: 7b2274797065223a2272656164696e67222c226e6f64654944223a312c2274656d70223a32392e322c2268756d6964697479223a35362e312c22636f5f70706d223a313631372e372c226c61746974756465223a6e756c6c2c226c6f6e676974756465223a6e756c6c2c22616c746974756465223a6e756c6c2c226770735f666978223a66616c73657d
  PHY Pkt: 406b276000000c00010687d71516d349476ae4a3558416d81a38cded9b115dc614575781585d64c6543794f9dce078571f7d17eb9f9b9d22c458b4609268c884024cfc6b90aaf697648fdb461e2c4698add10e136e685b9156e0b4e1698942446c29079c38117ef878b9e95c27e5dd674a1c81fd5a488e80b00ced96ed049e497decf15ab499f11ce0e63de7e366ed46afa7719759093a
  PHY payload len: 151 type: <class 'bytes'>
  lora.write used: list
→ Packet SENT
[AUDIO] Recording saved: ../recordings/clip_20251108_235017.wav
[AUDIO] ⚠️  Classification model not yet integrated - returning placeholder

============================================================
Timestamp: 2025-11-08 23:50:22
------------------------------------------------------------
🌡️  Temperature: 29.3°C (Normal)
💧 Humidity: 56.3% (Normal)
🔥 CO Level: 1614.7 ppm | Voltage: 0.578V | Rs: 76.58kΩ
   ⚠️  REMINDER: Calibrate R0 in clean air for accurate readings
📍 GPS: No data (check wiring or wait for warm-up)
🎤 Audio: LOW-RISK (not sent in reading packet)
============================================================

📡 LoRa JSON Packet Ready: {'type': 'reading', 'nodeID': 1, 'temp': 29.3, 'humidity': 56.3, 'co_ppm': 1614.7, 'latitude': None, 'longitude': None, 'altitude': None, 'gps_fix': False}
   JSON bytes len: 138 hex: 7b2274797065223a2272656164696e67222c226e6f64654944223a312c2274656d70223a32392e332c2268756d6964697479223a35362e332c22636f5f70706d223a313631342e372c226c61746974756465223a6e756c6c2c226c6f6e676974756465223a6e756c6c2c22616c746974756465223a6e756c6c2c226770735f666978223a66616c73657d
--- Sending ABP Packet (FCnt=13) ---
  Encrypted payload len: 138
  Encrypted payload (hex): 30001aec99962fe9ee9e15550c8583d8fed67aafa06e60ae0ed8f80a11656529459aee23c92820881b47bfd68774126d814201732af2fb781ca57241f0e8877dd348450d278b7812d0b94d58d0913a98c36c2f00ec29d75b259daa3bcb220c91ead8a1f8efbb7463da8a0c04ddce8835660e581bf3650d0897cf6cea0f6d231b9b340bb9683e08566ba4
  Payload: 7b2274797065223a2272656164696e67222c226e6f64654944223a312c2274656d70223a32392e332c2268756d6964697479223a35362e332c22636f5f70706d223a313631342e372c226c61746974756465223a6e756c6c2c226c6f6e676974756465223a6e756c6c2c22616c746974756465223a6e756c6c2c226770735f666978223a66616c73657d
  PHY Pkt: 406b276000000d000130001aec99962fe9ee9e15550c8583d8fed67aafa06e60ae0ed8f80a11656529459aee23c92820881b47bfd68774126d814201732af2fb781ca57241f0e8877dd348450d278b7812d0b94d58d0913a98c36c2f00ec29d75b259daa3bcb220c91ead8a1f8efbb7463da8a0c04ddce8835660e581bf3650d0897cf6cea0f6d231b9b340bb9683e08566ba40b917133
  PHY payload len: 151 type: <class 'bytes'>
  lora.write used: list
→ Packet SENT
[AUDIO] Recording saved: ../recordings/clip_20251108_235029.wav
[AUDIO] ⚠️  Classification model not yet integrated - returning placeholder

============================================================
Timestamp: 2025-11-08 23:50:34
------------------------------------------------------------
🌡️  Temperature: 29.3°C (Normal)
💧 Humidity: 56.1% (Normal)
🔥 CO Level: 1616.5 ppm | Voltage: 0.578V | Rs: 76.52kΩ
   ⚠️  REMINDER: Calibrate R0 in clean air for accurate readings
📍 GPS: 14.60616, 120.990305 | Alt: 145.8m
   Satellites: 1 | Time: 155029
🎤 Audio: LOW-RISK (not sent in reading packet)
============================================================

📡 LoRa JSON Packet Ready: {'type': 'reading', 'nodeID': 1, 'temp': 29.3, 'humidity': 56.1, 'co_ppm': 1616.5, 'latitude': 14.60616, 'longitude': 120.990305, 'altitude': 145.8, 'gps_fix': True}
   JSON bytes len: 148 hex: 7b2274797065223a2272656164696e67222c226e6f64654944223a312c2274656d70223a32392e332c2268756d6964697479223a35362e312c22636f5f70706d223a313631362e352c226c61746974756465223a31342e36303631362c226c6f6e676974756465223a3132302e3939303330352c22616c746974756465223a3134352e382c226770735f666978223a747275657d
--- Sending ABP Packet (FCnt=14) ---
  Encrypted payload len: 148
  Encrypted payload (hex): 34a1842bd04bbcddb5f492d660b42201fb47eb19c7d07cb70a562ce7c759656520e1f9871e454becf34b23a17d5c2ab0b1afe63ccd04ba6cadf3abd06deb4d35db194f94667ec7728af4296c14f3c1b659ec9e0c54a97bb176751d9873eaff55e27ea5b1824e37f4bc518359b3029febbd9e9f3e5b15f5ffcd818c3665122d83f8858ceb4bb1f72b744eee5fd471269d48a0e872
  Payload: 7b2274797065223a2272656164696e67222c226e6f64654944223a312c2274656d70223a32392e332c2268756d6964697479223a35362e312c22636f5f70706d223a313631362e352c226c61746974756465223a31342e36303631362c226c6f6e676974756465223a3132302e3939303330352c22616c746974756465223a3134352e382c226770735f666978223a747275657d
  PHY Pkt: 406b276000000e000134a1842bd04bbcddb5f492d660b42201fb47eb19c7d07cb70a562ce7c759656520e1f9871e454becf34b23a17d5c2ab0b1afe63ccd04ba6cadf3abd06deb4d35db194f94667ec7728af4296c14f3c1b659ec9e0c54a97bb176751d9873eaff55e27ea5b1824e37f4bc518359b3029febbd9e9f3e5b15f5ffcd818c3665122d83f8858ceb4bb1f72b744eee5fd471269d48a0e872ffcdbba2
  PHY payload len: 161 type: <class 'bytes'>
  lora.write used: list
→ Packet SENT
[AUDIO] Recording saved: ../recordings/clip_20251108_235048.wav
[AUDIO] ⚠️  Classification model not yet integrated - returning placeholder

============================================================
Timestamp: 2025-11-08 23:50:53
------------------------------------------------------------
🌡️  Temperature: 29.3°C (Normal)
💧 Humidity: 56.1% (Normal)
🔥 CO Level: 1612.9 ppm | Voltage: 0.577V | Rs: 76.64kΩ
   ⚠️  REMINDER: Calibrate R0 in clean air for accurate readings
📍 GPS: 14.606162, 120.990305 | Alt: 145.9m
   Satellites: 1 | Time: 155048
🎤 Audio: LOW-RISK (not sent in reading packet)
============================================================

📡 LoRa JSON Packet Ready: {'type': 'reading', 'nodeID': 1, 'temp': 29.3, 'humidity': 56.1, 'co_ppm': 1612.9, 'latitude': 14.606162, 'longitude': 120.990305, 'altitude': 145.9, 'gps_fix': True}
   JSON bytes len: 149 hex: 7b2274797065223a2272656164696e67222c226e6f64654944223a312c2274656d70223a32392e332c2268756d6964697479223a35362e312c22636f5f70706d223a313631322e392c226c61746974756465223a31342e3630363136322c226c6f6e676974756465223a3132302e3939303330352c22616c746974756465223a3134352e392c226770735f666978223a747275657d
--- Sending ABP Packet (FCnt=15) ---
  Encrypted payload len: 149
  Encrypted payload (hex): 135b8b6fa23dbfd98b121aca2df5dd2bc02063b1b6963896e2dc690031685d3b7b05c47dd66c357c0bf77d2c1a3ef46a776ecb685656d95a8601c7c1017b1b05b35ea48b3499b7eb3715aca5347b6348afa41acbb560ed8a37e810229f8f657452b95aa8406b7d8fb5c4c917b6800881dbf67da450ea830a4a6247517fc6f25dc298ff34b8b5bfd77874cb8da9266dfecde2ee63fc
  Payload: 7b2274797065223a2272656164696e67222c226e6f64654944223a312c2274656d70223a32392e332c2268756d6964697479223a35362e312c22636f5f70706d223a313631322e392c226c61746974756465223a31342e3630363136322c226c6f6e676974756465223a3132302e3939303330352c22616c746974756465223a3134352e392c226770735f666978223a747275657d
  PHY Pkt: 406b276000000f0001135b8b6fa23dbfd98b121aca2df5dd2bc02063b1b6963896e2dc690031685d3b7b05c47dd66c357c0bf77d2c1a3ef46a776ecb685656d95a8601c7c1017b1b05b35ea48b3499b7eb3715aca5347b6348afa41acbb560ed8a37e810229f8f657452b95aa8406b7d8fb5c4c917b6800881dbf67da450ea830a4a6247517fc6f25dc298ff34b8b5bfd77874cb8da9266dfecde2ee63fca009f090
  PHY payload len: 162 type: <class 'bytes'>
  lora.write used: list
→ Packet SENT
[AUDIO] Recording saved: ../recordings/clip_20251108_235106.wav
[AUDIO] ⚠️  Classification model not yet integrated - returning placeholder

============================================================
Timestamp: 2025-11-08 23:51:11
------------------------------------------------------------
🌡️  Temperature: 29.4°C (Normal)
💧 Humidity: 55.9% (Normal)
🔥 CO Level: 1617.7 ppm | Voltage: 0.578V | Rs: 76.49kΩ
   ⚠️  REMINDER: Calibrate R0 in clean air for accurate readings
📍 GPS: No data (check wiring or wait for warm-up)
🎤 Audio: LOW-RISK (not sent in reading packet)
============================================================

📡 LoRa JSON Packet Ready: {'type': 'reading', 'nodeID': 1, 'temp': 29.4, 'humidity': 55.9, 'co_ppm': 1617.7, 'latitude': None, 'longitude': None, 'altitude': None, 'gps_fix': False}
   JSON bytes len: 138 hex: 7b2274797065223a2272656164696e67222c226e6f64654944223a312c2274656d70223a32392e342c2268756d6964697479223a35352e392c22636f5f70706d223a313631372e372c226c61746974756465223a6e756c6c2c226c6f6e676974756465223a6e756c6c2c22616c746974756465223a6e756c6c2c226770735f666978223a66616c73657d
--- Sending ABP Packet (FCnt=16) ---
  Encrypted payload len: 138
  Encrypted payload (hex): a71b1e769de523761a99f326da52bce7b7ca0b03be2b8fdcfabf15c2cbe05d40899d7020a8dab2a00d80c927c1bd8b49f73ee85311967991e5c7b250f019c3426bf1f1de40eb302fbcfba6435b780910f2bd4221b34a6cf90c1977cd532dd160ccfc2dee00d8e55c300cef0d40d5167539cc7a90fce0eaf1f6b69b3b31bbba7d8cda45b3459b1a750627
  Payload: 7b2274797065223a2272656164696e67222c226e6f64654944223a312c2274656d70223a32392e342c2268756d6964697479223a35352e392c22636f5f70706d223a313631372e372c226c61746974756465223a6e756c6c2c226c6f6e676974756465223a6e756c6c2c22616c746974756465223a6e756c6c2c226770735f666978223a66616c73657d
  PHY Pkt: 406b27600000100001a71b1e769de523761a99f326da52bce7b7ca0b03be2b8fdcfabf15c2cbe05d40899d7020a8dab2a00d80c927c1bd8b49f73ee85311967991e5c7b250f019c3426bf1f1de40eb302fbcfba6435b780910f2bd4221b34a6cf90c1977cd532dd160ccfc2dee00d8e55c300cef0d40d5167539cc7a90fce0eaf1f6b69b3b31bbba7d8cda45b3459b1a75062756deccad
  PHY payload len: 151 type: <class 'bytes'>
  lora.write used: list
→ Packet SENT
[AUDIO] Recording saved: ../recordings/clip_20251108_235124.wav
[AUDIO] ⚠️  Classification model not yet integrated - returning placeholder

============================================================
Timestamp: 2025-11-08 23:51:29
------------------------------------------------------------
🌡️  Temperature: 29.5°C (Normal)
💧 Humidity: 56.1% (Normal)
🔥 CO Level: 1615.3 ppm | Voltage: 0.578V | Rs: 76.56kΩ
   ⚠️  REMINDER: Calibrate R0 in clean air for accurate readings
📍 GPS: No data (check wiring or wait for warm-up)
🎤 Audio: LOW-RISK (not sent in reading packet)
============================================================

📡 LoRa JSON Packet Ready: {'type': 'reading', 'nodeID': 1, 'temp': 29.5, 'humidity': 56.1, 'co_ppm': 1615.3, 'latitude': None, 'longitude': None, 'altitude': None, 'gps_fix': False}
   JSON bytes len: 138 hex: 7b2274797065223a2272656164696e67222c226e6f64654944223a312c2274656d70223a32392e352c2268756d6964697479223a35362e312c22636f5f70706d223a313631352e332c226c61746974756465223a6e756c6c2c226c6f6e676974756465223a6e756c6c2c22616c746974756465223a6e756c6c2c226770735f666978223a66616c73657d
--- Sending ABP Packet (FCnt=17) ---
  Encrypted payload len: 138
  Encrypted payload (hex): 1a1d1bfa6cea134441c2a6856421a00d44d0245d10a18118434273464b1c7ba8472562e049848cd7010fd6a963289976e8c984e6d5baffdf2d6f58f33e79a684b3d7943fe50940878a7eb32f3d96046c08468b112043751201928e048cd17bf4666a5bfba8f08d00da76d8c5fea2140f5de26e94a61d2cd1fdfbe68079644c645b40e513ab7290de25d6
  Payload: 7b2274797065223a2272656164696e67222c226e6f64654944223a312c2274656d70223a32392e352c2268756d6964697479223a35362e312c22636f5f70706d223a313631352e332c226c61746974756465223a6e756c6c2c226c6f6e676974756465223a6e756c6c2c22616c746974756465223a6e756c6c2c226770735f666978223a66616c73657d
  PHY Pkt: 406b276000001100011a1d1bfa6cea134441c2a6856421a00d44d0245d10a18118434273464b1c7ba8472562e049848cd7010fd6a963289976e8c984e6d5baffdf2d6f58f33e79a684b3d7943fe50940878a7eb32f3d96046c08468b112043751201928e048cd17bf4666a5bfba8f08d00da76d8c5fea2140f5de26e94a61d2cd1fdfbe68079644c645b40e513ab7290de25d69e0ce395
  PHY payload len: 151 type: <class 'bytes'>
  lora.write used: list
→ Packet SENT
[AUDIO] Recording saved: ../recordings/clip_20251108_235137.wav
[AUDIO] ⚠️  Classification model not yet integrated - returning placeholder

============================================================
Timestamp: 2025-11-08 23:51:42
------------------------------------------------------------
🌡️  Temperature: 29.5°C (Normal)
💧 Humidity: 56.1% (Normal)
🔥 CO Level: 1612.3 ppm | Voltage: 0.577V | Rs: 76.66kΩ
   ⚠️  REMINDER: Calibrate R0 in clean air for accurate readings
📍 GPS: 14.606167, 120.990303 | Alt: 146.0m
   Satellites: 2 | Time: 155137
🎤 Audio: LOW-RISK (not sent in reading packet)
============================================================

📡 LoRa JSON Packet Ready: {'type': 'reading', 'nodeID': 1, 'temp': 29.5, 'humidity': 56.1, 'co_ppm': 1612.3, 'latitude': 14.606167, 'longitude': 120.990303, 'altitude': 146.0, 'gps_fix': True}
   JSON bytes len: 149 hex: 7b2274797065223a2272656164696e67222c226e6f64654944223a312c2274656d70223a32392e352c2268756d6964697479223a35362e312c22636f5f70706d223a313631322e332c226c61746974756465223a31342e3630363136372c226c6f6e676974756465223a3132302e3939303330332c22616c746974756465223a3134362e302c226770735f666978223a747275657d
--- Sending ABP Packet (FCnt=18) ---
  Encrypted payload len: 149
  Encrypted payload (hex): 1394eae827266c3f2ddbe72887b4e9fdb4a8e2087c168201de8dd4906da467969a544263c432ffacfeb3e6b5d08ff06f23dfa4a5832cc36198f5f84730f6f1e5590664a68dc2133ccc2f8c51e6e3b7be89aefc46ee647145fbde29fd4f430b3960a56bdfdf8469a0ee31502b5f614fa5b8ffce48bdc3f702afdeb7fcfa078f91f667e1a0d3d4aef1806dd05c1d00ab383c6232a74f
  Payload: 7b2274797065223a2272656164696e67222c226e6f64654944223a312c2274656d70223a32392e352c2268756d6964697479223a35362e312c22636f5f70706d223a313631322e332c226c61746974756465223a31342e3630363136372c226c6f6e676974756465223a3132302e3939303330332c22616c746974756465223a3134362e302c226770735f666978223a747275657d
  PHY Pkt: 406b276000001200011394eae827266c3f2ddbe72887b4e9fdb4a8e2087c168201de8dd4906da467969a544263c432ffacfeb3e6b5d08ff06f23dfa4a5832cc36198f5f84730f6f1e5590664a68dc2133ccc2f8c51e6e3b7be89aefc46ee647145fbde29fd4f430b3960a56bdfdf8469a0ee31502b5f614fa5b8ffce48bdc3f702afdeb7fcfa078f91f667e1a0d3d4aef1806dd05c1d00ab383c6232a74fc8c216a9
  PHY payload len: 162 type: <class 'bytes'>
  lora.write used: list
→ Packet SENT
[AUDIO] Recording saved: ../recordings/clip_20251108_235152.wav
[AUDIO] ⚠️  Classification model not yet integrated - returning placeholder

============================================================
Timestamp: 2025-11-08 23:51:57
------------------------------------------------------------
🌡️  Temperature: 29.5°C (Normal)
💧 Humidity: 56.1% (Normal)
🔥 CO Level: 1618.3 ppm | Voltage: 0.578V | Rs: 76.47kΩ
   ⚠️  REMINDER: Calibrate R0 in clean air for accurate readings
📍 GPS: 14.60617, 120.990303 | Alt: 146.0m
   Satellites: 2 | Time: 155152
🎤 Audio: LOW-RISK (not sent in reading packet)
============================================================

📡 LoRa JSON Packet Ready: {'type': 'reading', 'nodeID': 1, 'temp': 29.5, 'humidity': 56.1, 'co_ppm': 1618.3, 'latitude': 14.60617, 'longitude': 120.990303, 'altitude': 146.0, 'gps_fix': True}
   JSON bytes len: 148 hex: 7b2274797065223a2272656164696e67222c226e6f64654944223a312c2274656d70223a32392e352c2268756d6964697479223a35362e312c22636f5f70706d223a313631382e332c226c61746974756465223a31342e36303631372c226c6f6e676974756465223a3132302e3939303330332c22616c746974756465223a3134362e302c226770735f666978223a747275657d
--- Sending ABP Packet (FCnt=19) ---
  Encrypted payload len: 148
  Encrypted payload (hex): 791e6782103847164abd05b357a6ffefaaf0465d9d342e9186913d155dc684f064742ed58327ef149f5c235f545d60ef5a0de9d94c4f7f27b68172c53f49452076228dad77780888a589e9a96dc7731be8fca5c117bbebc7951b5df1fc0f60f1f60093d2ab6ff2be69e7964b33598643be46a64e000ff909fb58e92227c680b73dcac56749214a3f9396eabe8cb93bbd3f579c51
  Payload: 7b2274797065223a2272656164696e67222c226e6f64654944223a312c2274656d70223a32392e352c2268756d6964697479223a35362e312c22636f5f70706d223a313631382e332c226c61746974756465223a31342e36303631372c226c6f6e676974756465223a3132302e3939303330332c22616c746974756465223a3134362e302c226770735f666978223a747275657d
  PHY Pkt: 406b27600000130001791e6782103847164abd05b357a6ffefaaf0465d9d342e9186913d155dc684f064742ed58327ef149f5c235f545d60ef5a0de9d94c4f7f27b68172c53f49452076228dad77780888a589e9a96dc7731be8fca5c117bbebc7951b5df1fc0f60f1f60093d2ab6ff2be69e7964b33598643be46a64e000ff909fb58e92227c680b73dcac56749214a3f9396eabe8cb93bbd3f579c516f960fce
  PHY payload len: 161 type: <class 'bytes'>
  lora.write used: list
→ Packet SENT
[AUDIO] Recording saved: ../recordings/clip_20251108_235211.wav
[AUDIO] ⚠️  Classification model not yet integrated - returning placeholder

============================================================
Timestamp: 2025-11-08 23:52:16
------------------------------------------------------------
🌡️  Temperature: 29.6°C (Normal)
💧 Humidity: 54.8% (Normal)
🔥 CO Level: 1612.9 ppm | Voltage: 0.577V | Rs: 76.64kΩ
   ⚠️  REMINDER: Calibrate R0 in clean air for accurate readings
📍 GPS: No data (check wiring or wait for warm-up)
🎤 Audio: LOW-RISK (not sent in reading packet)
============================================================

📡 LoRa JSON Packet Ready: {'type': 'reading', 'nodeID': 1, 'temp': 29.6, 'humidity': 54.8, 'co_ppm': 1612.9, 'latitude': None, 'longitude': None, 'altitude': None, 'gps_fix': False}
   JSON bytes len: 138 hex: 7b2274797065223a2272656164696e67222c226e6f64654944223a312c2274656d70223a32392e362c2268756d6964697479223a35342e382c22636f5f70706d223a313631322e392c226c61746974756465223a6e756c6c2c226c6f6e676974756465223a6e756c6c2c22616c746974756465223a6e756c6c2c226770735f666978223a66616c73657d
--- Sending ABP Packet (FCnt=20) ---
  Encrypted payload len: 138
  Encrypted payload (hex): 86be5eed20bbd05d0d5ca207684672d35939e420f573ed1bcc92dcd08240f54a529958ecda1d9ec4795e8cf7551b106566a64a25fd3bf3691f3c5b5dae406f50106066ed121df0c1c1351d7161d3701f30c42f46de9e91478c63fdf494d57d0de28ab5903cb9dd539603b944f02e3246e926405f13d22b8d3982e3a9965dec93d5db2e182986c853c6d6
  Payload: 7b2274797065223a2272656164696e67222c226e6f64654944223a312c2274656d70223a32392e362c2268756d6964697479223a35342e382c22636f5f70706d223a313631322e392c226c61746974756465223a6e756c6c2c226c6f6e676974756465223a6e756c6c2c22616c746974756465223a6e756c6c2c226770735f666978223a66616c73657d
  PHY Pkt: 406b2760000014000186be5eed20bbd05d0d5ca207684672d35939e420f573ed1bcc92dcd08240f54a529958ecda1d9ec4795e8cf7551b106566a64a25fd3bf3691f3c5b5dae406f50106066ed121df0c1c1351d7161d3701f30c42f46de9e91478c63fdf494d57d0de28ab5903cb9dd539603b944f02e3246e926405f13d22b8d3982e3a9965dec93d5db2e182986c853c6d6043c11df
  PHY payload len: 151 type: <class 'bytes'>
  lora.write used: list
→ Packet SENT
[AUDIO] Recording saved: ../recordings/clip_20251108_235226.wav
[AUDIO] ⚠️  Classification model not yet integrated - returning placeholder

============================================================
Timestamp: 2025-11-08 23:52:31
------------------------------------------------------------
🌡️  Temperature: 29.6°C (Normal)
💧 Humidity: 55.0% (Normal)
🔥 CO Level: 1610.0 ppm | Voltage: 0.577V | Rs: 76.73kΩ
   ⚠️  REMINDER: Calibrate R0 in clean air for accurate readings
📍 GPS: 14.606168, 120.990303 | Alt: 146.0m
   Satellites: 1 | Time: 155226
🎤 Audio: LOW-RISK (not sent in reading packet)
============================================================
============================================================
LoRaWAN ABP Sender - AS923-3
  DevAddr: 0060276b
  TX Freq: 916.6 MHz (SF10)
============================================================
Press Ctrl+C to stop.

Initializing sensors...
[GPS] Serial port opened successfully
============================================================
Forest Fire Detection System - Unified Sensor Monitor
============================================================
Sensor readings every: 5s
LoRa packet preparation every: 10s
============================================================

🚀 Starting sensor monitoring loop...
   Press Ctrl+C to stop

⏳ GPS warming up... (this may take 30-60 seconds outdoors)
[AUDIO] Recording saved: ../recordings/clip_20251109_005912.wav
[AUDIO] ⚠️  Classification model not yet integrated - returning placeholder

============================================================
Timestamp: 2025-11-09 00:59:17
------------------------------------------------------------
🌡️  Temperature: ERROR
💧 Humidity: ERROR
🔥 CO Level: 1663.1 ppm | Voltage: 0.588V | Rs: 75.09kΩ
   ⚠️  REMINDER: Calibrate R0 in clean air for accurate readings
📍 GPS: No data (check wiring or wait for warm-up)
🎤 Audio: LOW-RISK (not sent in reading packet)
============================================================
[AUDIO] Recording saved: ../recordings/clip_20251117_142849.wav
[AUDIO] ⚠️  Classification model not yet integrated - returning placeholder

============================================================
Timestamp: 2025-11-17 14:28:54
------------------------------------------------------------
🌡️  Temperature: ERROR
💧 Humidity: ERROR
🔥 CO Level: 1660.1 ppm | Voltage: 0.587V | Rs: 75.18kΩ
   ⚠️  REMINDER: Calibrate R0 in clean air for accurate readings
📍 GPS: No data (check wiring or wait for warm-up)
🎤 Audio: LOW-RISK (not sent in reading packet)
============================================================

📡 LoRa JSON Packet Ready: {'type': 'reading', 'nodeID': 1, 'temp': None, 'humidity': None, 'co_ppm': 1660.1, 'latitude': None, 'longitude': None, 'altitude': None, 'gps_fix': False}
   JSON bytes len: 138 hex: 7b2274797065223a2272656164696e67222c226e6f64654944223a312c2274656d70223a6e756c6c2c2268756d6964697479223a6e756c6c2c22636f5f70706d223a313636302e312c226c61746974756465223a6e756c6c2c226c6f6e676974756465223a6e756c6c2c22616c746974756465223a6e756c6c2c226770735f666978223a66616c73657d
--- Sending ABP Packet (FCnt=0) ---
  Encrypted payload len: 138
  Encrypted payload (hex): 79dc0a44fe4328f4e97d892c2854779f090f2c90907d476bd4bb2a12902f8c139cc550a398a60ee678b52b9c9724c8e3faa78ae257d942601b0ce35c0076aefa10d9258536a988dc3cb2fa222ef2a39f7471baecb0a748160e9a6e2d8dd921d437af06ea3906b83350ebe62f5ddda7fe27f4c7cbbd29679a64ab1b41b27484b1ef27832985155e6b578b
  Payload: 7b2274797065223a2272656164696e67222c226e6f64654944223a312c2274656d70223a6e756c6c2c2268756d6964697479223a6e756c6c2c22636f5f70706d223a313636302e312c226c61746974756465223a6e756c6c2c226c6f6e676974756465223a6e756c6c2c22616c746974756465223a6e756c6c2c226770735f666978223a66616c73657d
  PHY Pkt: 406b2760000000000179dc0a44fe4328f4e97d892c2854779f090f2c90907d476bd4bb2a12902f8c139cc550a398a60ee678b52b9c9724c8e3faa78ae257d942601b0ce35c0076aefa10d9258536a988dc3cb2fa222ef2a39f7471baecb0a748160e9a6e2d8dd921d437af06ea3906b83350ebe62f5ddda7fe27f4c7cbbd29679a64ab1b41b27484b1ef27832985155e6b578b72083e32
  PHY payload len: 151 type: <class 'bytes'>
  lora.write used: list
→ Packet SENT
[AUDIO] Recording saved: ../recordings/clip_20251117_142951.wav
[AUDIO] ⚠️  Classification model not yet integrated - returning placeholder

============================================================
Timestamp: 2025-11-17 14:29:56
------------------------------------------------------------
🌡️  Temperature: 26.1°C (Normal)
💧 Humidity: 60.2% (Normal)
🔥 CO Level: 1659.5 ppm | Voltage: 0.587V | Rs: 75.2kΩ
   ⚠️  REMINDER: Calibrate R0 in clean air for accurate readings
📍 GPS: No data (check wiring or wait for warm-up)
🎤 Audio: LOW-RISK (not sent in reading packet)
============================================================

📡 LoRa JSON Packet Ready: {'type': 'reading', 'nodeID': 1, 'temp': 26.1, 'humidity': 60.2, 'co_ppm': 1659.5, 'latitude': None, 'longitude': None, 'altitude': None, 'gps_fix': False}
   JSON bytes len: 138 hex: 7b2274797065223a2272656164696e67222c226e6f64654944223a312c2274656d70223a32362e312c2268756d6964697479223a36302e322c22636f5f70706d223a313635392e352c226c61746974756465223a6e756c6c2c226c6f6e676974756465223a6e756c6c2c22616c746974756465223a6e756c6c2c226770735f666978223a66616c73657d
--- Sending ABP Packet (FCnt=1) ---
  Encrypted payload len: 138
  Encrypted payload (hex): ef4ebaa6bf5a226076adec597a51efa645e8678b50239abebf982e578dc6dd1f59e2df17840f2b24576156b332d16510986c1b3caa0100c89fe9a33fce67be94197cdb31221b1b1b5f57b89d6b9ad0288feecd23b2dd01ee35d9cc8aa5b8b3ca1cae950843d66c615e9acaee3e91fe9be65ccac7ed744e39ab493840b733c85f9f0615025fd11c76e591
  Payload: 7b2274797065223a2272656164696e67222c226e6f64654944223a312c2274656d70223a32362e312c2268756d6964697479223a36302e322c22636f5f70706d223a313635392e352c226c61746974756465223a6e756c6c2c226c6f6e676974756465223a6e756c6c2c22616c746974756465223a6e756c6c2c226770735f666978223a66616c73657d
  PHY Pkt: 406b27600000010001ef4ebaa6bf5a226076adec597a51efa645e8678b50239abebf982e578dc6dd1f59e2df17840f2b24576156b332d16510986c1b3caa0100c89fe9a33fce67be94197cdb31221b1b1b5f57b89d6b9ad0288feecd23b2dd01ee35d9cc8aa5b8b3ca1cae950843d66c615e9acaee3e91fe9be65ccac7ed744e39ab493840b733c85f9f0615025fd11c76e591fc3cecdd
  PHY payload len: 151 type: <class 'bytes'>
  lora.write used: list
→ Packet SENT
[AUDIO] Recording saved: ../recordings/clip_20251117_143053.wav
[AUDIO] ⚠️  Classification model not yet integrated - returning placeholder

============================================================
Timestamp: 2025-11-17 14:30:58
------------------------------------------------------------
🌡️  Temperature: 26.1°C (Normal)
💧 Humidity: 60.7% (Normal)
🔥 CO Level: 1659.5 ppm | Voltage: 0.587V | Rs: 75.2kΩ
   ⚠️  REMINDER: Calibrate R0 in clean air for accurate readings
📍 GPS: No data (check wiring or wait for warm-up)
🎤 Audio: LOW-RISK (not sent in reading packet)
============================================================

📡 LoRa JSON Packet Ready: {'type': 'reading', 'nodeID': 1, 'temp': 26.1, 'humidity': 60.7, 'co_ppm': 1659.5, 'latitude': None, 'longitude': None, 'altitude': None, 'gps_fix': False}
   JSON bytes len: 138 hex: 7b2274797065223a2272656164696e67222c226e6f64654944223a312c2274656d70223a32362e312c2268756d6964697479223a36302e372c22636f5f70706d223a313635392e352c226c61746974756465223a6e756c6c2c226c6f6e676974756465223a6e756c6c2c22616c746974756465223a6e756c6c2c226770735f666978223a66616c73657d
--- Sending ABP Packet (FCnt=2) ---
  Encrypted payload len: 138
  Encrypted payload (hex): 2881b252432977bae8b63974263c243ac9e6d9765f57bb05075ef0c09c7fd604071c174d8a0b89002f8fde595f478bcd2054df1742e8b0bfc2e0f814c9f9e4233df8b4cf3993d8a7f1007b49eae3ecb2a5fc8beda84511369f7678ebcfa0129a4a69a2607dca52c973276995adc3903c427d7f9f8007812f7a357b2a4b7480bea746df9a62ea70e915f9
  Payload: 7b2274797065223a2272656164696e67222c226e6f64654944223a312c2274656d70223a32362e312c2268756d6964697479223a36302e372c22636f5f70706d223a313635392e352c226c61746974756465223a6e756c6c2c226c6f6e676974756465223a6e756c6c2c22616c746974756465223a6e756c6c2c226770735f666978223a66616c73657d
  PHY Pkt: 406b276000000200012881b252432977bae8b63974263c243ac9e6d9765f57bb05075ef0c09c7fd604071c174d8a0b89002f8fde595f478bcd2054df1742e8b0bfc2e0f814c9f9e4233df8b4cf3993d8a7f1007b49eae3ecb2a5fc8beda84511369f7678ebcfa0129a4a69a2607dca52c973276995adc3903c427d7f9f8007812f7a357b2a4b7480bea746df9a62ea70e915f9d5b909bb
  PHY payload len: 151 type: <class 'bytes'>
  lora.write used: list
→ Packet SENT
[AUDIO] Recording saved: ../recordings/clip_20251117_143155.wav
[AUDIO] ⚠️  Classification model not yet integrated - returning placeholder

============================================================
Timestamp: 2025-11-17 14:32:00
------------------------------------------------------------
🌡️  Temperature: 26.1°C (Normal)
💧 Humidity: 60.9% (Normal)
🔥 CO Level: 1656.5 ppm | Voltage: 0.586V | Rs: 75.29kΩ
   ⚠️  REMINDER: Calibrate R0 in clean air for accurate readings
📍 GPS: No data (check wiring or wait for warm-up)
🎤 Audio: LOW-RISK (not sent in reading packet)
============================================================

📡 LoRa JSON Packet Ready: {'type': 'reading', 'nodeID': 1, 'temp': 26.1, 'humidity': 60.9, 'co_ppm': 1656.5, 'latitude': None, 'longitude': None, 'altitude': None, 'gps_fix': False}
   JSON bytes len: 138 hex: 7b2274797065223a2272656164696e67222c226e6f64654944223a312c2274656d70223a32362e312c2268756d6964697479223a36302e392c22636f5f70706d223a313635362e352c226c61746974756465223a6e756c6c2c226c6f6e676974756465223a6e756c6c2c22616c746974756465223a6e756c6c2c226770735f666978223a66616c73657d
--- Sending ABP Packet (FCnt=3) ---
  Encrypted payload len: 138
  Encrypted payload (hex): 9b48d9c3cbaaadae0fef9d5a3245d2aa490fde0ec636db25fdaf81d5603a0261f7888ccc8ae21aeb47ccb8f73d208ea18a6a28e4be49f02bd1bf1d29fcefb16d5997ee6fd687accc452ca41b06eefdd5ed82f55536ec7df0cf071ab0e755fc9684303317603cd7e48bba4ec92af87e8ab747a9147b85c2109a534eb3d3c232b8b9f10de08d99a4721bcb
  Payload: 7b2274797065223a2272656164696e67222c226e6f64654944223a312c2274656d70223a32362e312c2268756d6964697479223a36302e392c22636f5f70706d223a313635362e352c226c61746974756465223a6e756c6c2c226c6f6e676974756465223a6e756c6c2c22616c746974756465223a6e756c6c2c226770735f666978223a66616c73657d
  PHY Pkt: 406b276000000300019b48d9c3cbaaadae0fef9d5a3245d2aa490fde0ec636db25fdaf81d5603a0261f7888ccc8ae21aeb47ccb8f73d208ea18a6a28e4be49f02bd1bf1d29fcefb16d5997ee6fd687accc452ca41b06eefdd5ed82f55536ec7df0cf071ab0e755fc9684303317603cd7e48bba4ec92af87e8ab747a9147b85c2109a534eb3d3c232b8b9f10de08d99a4721bcb5ac566b9
  PHY payload len: 151 type: <class 'bytes'>
  lora.write used: list
→ Packet SENT
[AUDIO] Recording saved: ../recordings/clip_20251117_143257.wav
[AUDIO] ⚠️  Classification model not yet integrated - returning placeholder

============================================================
Timestamp: 2025-11-17 14:33:02
------------------------------------------------------------
🌡️  Temperature: 26.1°C (Normal)
💧 Humidity: 60.9% (Normal)
🔥 CO Level: 1656.5 ppm | Voltage: 0.586V | Rs: 75.29kΩ
   ⚠️  REMINDER: Calibrate R0 in clean air for accurate readings
📍 GPS: No data (check wiring or wait for warm-up)
🎤 Audio: LOW-RISK (not sent in reading packet)
============================================================

📡 LoRa JSON Packet Ready: {'type': 'reading', 'nodeID': 1, 'temp': 26.1, 'humidity': 60.9, 'co_ppm': 1656.5, 'latitude': None, 'longitude': None, 'altitude': None, 'gps_fix': False}
   JSON bytes len: 138 hex: 7b2274797065223a2272656164696e67222c226e6f64654944223a312c2274656d70223a32362e312c2268756d6964697479223a36302e392c22636f5f70706d223a313635362e352c226c61746974756465223a6e756c6c2c226c6f6e676974756465223a6e756c6c2c22616c746974756465223a6e756c6c2c226770735f666978223a66616c73657d
[LoRa][WARN] ⚠️  Payload appears identical to last packet!
--- Sending ABP Packet (FCnt=4) ---
  Encrypted payload len: 138
  Encrypted payload (hex): d77e590b34218799a87db5fcbfcc4962c621cc5c75f3ba6f97a3851dfd7ff46c72510ec44e4d700670caacff25322abf11f3f372748edc26d153704bda6c6ceaeb5cb271d469bf9da992fc25e6aa8389afd6e9ba8f6e43719d43d7190d545fb8eb6888bbcd8cca552456c3aa981cebfa421dbb5282bd899cc1709c31e1d6a84e17f2dbd455ffc1ce6811
  Payload: 7b2274797065223a2272656164696e67222c226e6f64654944223a312c2274656d70223a32362e312c2268756d6964697479223a36302e392c22636f5f70706d223a313635362e352c226c61746974756465223a6e756c6c2c226c6f6e676974756465223a6e756c6c2c22616c746974756465223a6e756c6c2c226770735f666978223a66616c73657d
  PHY Pkt: 406b27600000040001d77e590b34218799a87db5fcbfcc4962c621cc5c75f3ba6f97a3851dfd7ff46c72510ec44e4d700670caacff25322abf11f3f372748edc26d153704bda6c6ceaeb5cb271d469bf9da992fc25e6aa8389afd6e9ba8f6e43719d43d7190d545fb8eb6888bbcd8cca552456c3aa981cebfa421dbb5282bd899cc1709c31e1d6a84e17f2dbd455ffc1ce681169200c5e
  PHY payload len: 151 type: <class 'bytes'>
  lora.write used: list
→ Packet SENT
[AUDIO] Recording saved: ../recordings/clip_20251117_143400.wav
[AUDIO] ⚠️  Classification model not yet integrated - returning placeholder

============================================================
Timestamp: 2025-11-17 14:34:05
------------------------------------------------------------
🌡️  Temperature: 26.1°C (Normal)
💧 Humidity: 60.9% (Normal)
🔥 CO Level: 1654.7 ppm | Voltage: 0.586V | Rs: 75.34kΩ
   ⚠️  REMINDER: Calibrate R0 in clean air for accurate readings
📍 GPS: No data (check wiring or wait for warm-up)
🎤 Audio: LOW-RISK (not sent in reading packet)
============================================================

📡 LoRa JSON Packet Ready: {'type': 'reading', 'nodeID': 1, 'temp': 26.1, 'humidity': 60.9, 'co_ppm': 1654.7, 'latitude': None, 'longitude': None, 'altitude': None, 'gps_fix': False}
   JSON bytes len: 138 hex: 7b2274797065223a2272656164696e67222c226e6f64654944223a312c2274656d70223a32362e312c2268756d6964697479223a36302e392c22636f5f70706d223a313635342e372c226c61746974756465223a6e756c6c2c226c6f6e676974756465223a6e756c6c2c22616c746974756465223a6e756c6c2c226770735f666978223a66616c73657d
--- Sending ABP Packet (FCnt=5) ---
  Encrypted payload len: 138
  Encrypted payload (hex): 0c192e2df261959034503b234455bb08e74fc9ee348461411feaca0e32dabdc5b7983ee45eaedee3ff4d47a20aab0e8b1cc2b235fcd331d60acb2999f7f7aae91f713556eb95e9118e6e11ea9e30be628e351fe6f3a580387d8172664b950fbac93d1933c6539751199120f736bd7558ac555e03592723536c7a22c6bca282640ee08cf25c04642191b7
  Payload: 7b2274797065223a2272656164696e67222c226e6f64654944223a312c2274656d70223a32362e312c2268756d6964697479223a36302e392c22636f5f70706d223a313635342e372c226c61746974756465223a6e756c6c2c226c6f6e676974756465223a6e756c6c2c22616c746974756465223a6e756c6c2c226770735f666978223a66616c73657d
  PHY Pkt: 406b276000000500010c192e2df261959034503b234455bb08e74fc9ee348461411feaca0e32dabdc5b7983ee45eaedee3ff4d47a20aab0e8b1cc2b235fcd331d60acb2999f7f7aae91f713556eb95e9118e6e11ea9e30be628e351fe6f3a580387d8172664b950fbac93d1933c6539751199120f736bd7558ac555e03592723536c7a22c6bca282640ee08cf25c04642191b70f526f5d
  PHY payload len: 151 type: <class 'bytes'>
  lora.write used: list
→ Packet SENT
[AUDIO] Recording saved: ../recordings/clip_20251117_143502.wav
[AUDIO] ⚠️  Classification model not yet integrated - returning placeholder

============================================================
Timestamp: 2025-11-17 14:35:07
------------------------------------------------------------
🌡️  Temperature: 26.1°C (Normal)
💧 Humidity: 60.9% (Normal)
🔥 CO Level: 1653.5 ppm | Voltage: 0.586V | Rs: 75.38kΩ
   ⚠️  REMINDER: Calibrate R0 in clean air for accurate readings
📍 GPS: No data (check wiring or wait for warm-up)
🎤 Audio: LOW-RISK (not sent in reading packet)
============================================================

📡 LoRa JSON Packet Ready: {'type': 'reading', 'nodeID': 1, 'temp': 26.1, 'humidity': 60.9, 'co_ppm': 1653.5, 'latitude': None, 'longitude': None, 'altitude': None, 'gps_fix': False}
   JSON bytes len: 138 hex: 7b2274797065223a2272656164696e67222c226e6f64654944223a312c2274656d70223a32362e312c2268756d6964697479223a36302e392c22636f5f70706d223a313635332e352c226c61746974756465223a6e756c6c2c226c6f6e676974756465223a6e756c6c2c22616c746974756465223a6e756c6c2c226770735f666978223a66616c73657d
--- Sending ABP Packet (FCnt=6) ---
  Encrypted payload len: 138
  Encrypted payload (hex): 534921006a347555e12fe00a5d3b9da82931639968f58083df0e991374d0891239366e6c8420376058b03d5711179a9260a9cfb07e53988adfaaa24efb8e0e3dd1c268a930eae03db42cc04e8208c1274604a716f88ec216aefb4748b41885a9e870b4ad2d2e247f8d8359d51f399d109cf12f67a6154c112b812f8d616ebac5ee57e0e43aaf0a828d29
  Payload: 7b2274797065223a2272656164696e67222c226e6f64654944223a312c2274656d70223a32362e312c2268756d6964697479223a36302e392c22636f5f70706d223a313635332e352c226c61746974756465223a6e756c6c2c226c6f6e676974756465223a6e756c6c2c22616c746974756465223a6e756c6c2c226770735f666978223a66616c73657d
  PHY Pkt: 406b27600000060001534921006a347555e12fe00a5d3b9da82931639968f58083df0e991374d0891239366e6c8420376058b03d5711179a9260a9cfb07e53988adfaaa24efb8e0e3dd1c268a930eae03db42cc04e8208c1274604a716f88ec216aefb4748b41885a9e870b4ad2d2e247f8d8359d51f399d109cf12f67a6154c112b812f8d616ebac5ee57e0e43aaf0a828d2959e3dc6a
  PHY payload len: 151 type: <class 'bytes'>
  lora.write used: list
→ Packet SENT
[AUDIO] Recording saved: ../recordings/clip_20251117_143604.wav
[AUDIO] ⚠️  Classification model not yet integrated - returning placeholder

============================================================
Timestamp: 2025-11-17 14:36:09
------------------------------------------------------------
🌡️  Temperature: 26.8°C (Normal)
💧 Humidity: 58.9% (Normal)
🔥 CO Level: 1649.3 ppm | Voltage: 0.585V | Rs: 75.51kΩ
   ⚠️  REMINDER: Calibrate R0 in clean air for accurate readings
📍 GPS: No data (check wiring or wait for warm-up)
🎤 Audio: LOW-RISK (not sent in reading packet)
============================================================

📡 LoRa JSON Packet Ready: {'type': 'reading', 'nodeID': 1, 'temp': 26.8, 'humidity': 58.9, 'co_ppm': 1649.3, 'latitude': None, 'longitude': None, 'altitude': None, 'gps_fix': False}
   JSON bytes len: 138 hex: 7b2274797065223a2272656164696e67222c226e6f64654944223a312c2274656d70223a32362e382c2268756d6964697479223a35382e392c22636f5f70706d223a313634392e332c226c61746974756465223a6e756c6c2c226c6f6e676974756465223a6e756c6c2c22616c746974756465223a6e756c6c2c226770735f666978223a66616c73657d
--- Sending ABP Packet (FCnt=7) ---
  Encrypted payload len: 138
  Encrypted payload (hex): 2077d76223712dfc7a834e0722e56a7e851b80a3f59adf258a397541d09f869824e95e18bd95174f64489693878076797978fe12355138c9452e953febf96dc9e078c07c93bf82eadb7491d83cc1c435f07a886b33c719d8531fcb12dacbcbdfdf6ed05db99362fabc51c2e375a42f058c5f67a7ad79b216617da3293501102d0cbf91087a0e33c9f54f
  Payload: 7b2274797065223a2272656164696e67222c226e6f64654944223a312c2274656d70223a32362e382c2268756d6964697479223a35382e392c22636f5f70706d223a313634392e332c226c61746974756465223a6e756c6c2c226c6f6e676974756465223a6e756c6c2c22616c746974756465223a6e756c6c2c226770735f666978223a66616c73657d
  PHY Pkt: 406b276000000700012077d76223712dfc7a834e0722e56a7e851b80a3f59adf258a397541d09f869824e95e18bd95174f64489693878076797978fe12355138c9452e953febf96dc9e078c07c93bf82eadb7491d83cc1c435f07a886b33c719d8531fcb12dacbcbdfdf6ed05db99362fabc51c2e375a42f058c5f67a7ad79b216617da3293501102d0cbf91087a0e33c9f54fac917415
  PHY payload len: 151 type: <class 'bytes'>
  lora.write used: list
→ Packet SENT
[AUDIO] Recording saved: ../recordings/clip_20251117_143706.wav
[AUDIO] ⚠️  Classification model not yet integrated - returning placeholder

============================================================
Timestamp: 2025-11-17 14:37:11
------------------------------------------------------------
🌡️  Temperature: 26.8°C (Normal)
💧 Humidity: 58.9% (Normal)
🔥 CO Level: 1649.3 ppm | Voltage: 0.585V | Rs: 75.51kΩ
   ⚠️  REMINDER: Calibrate R0 in clean air for accurate readings
📍 GPS: No data (check wiring or wait for warm-up)
🎤 Audio: LOW-RISK (not sent in reading packet)
============================================================

📡 LoRa JSON Packet Ready: {'type': 'reading', 'nodeID': 1, 'temp': 26.8, 'humidity': 58.9, 'co_ppm': 1649.3, 'latitude': None, 'longitude': None, 'altitude': None, 'gps_fix': False}
   JSON bytes len: 138 hex: 7b2274797065223a2272656164696e67222c226e6f64654944223a312c2274656d70223a32362e382c2268756d6964697479223a35382e392c22636f5f70706d223a313634392e332c226c61746974756465223a6e756c6c2c226c6f6e676974756465223a6e756c6c2c22616c746974756465223a6e756c6c2c226770735f666978223a66616c73657d
[LoRa][WARN] ⚠️  Payload appears identical to last packet!
--- Sending ABP Packet (FCnt=8) ---
  Encrypted payload len: 138
  Encrypted payload (hex): 78dae22413ddd0555c3d8c3f1a36babb29d73d0286248097b01a382776a90cd366186ac9858e2fac53a989d27d6ccad75d022c73cbd71c369ee2c9c8994fc124f3163c0cb65d80929a595ef19d87ddce73b3c4796d84c24f516717cb1c891c63ee8d7fff71d131329c84642681f4d7c745ec3f35a818e20b54fc6f9ebfde7a973c1fcb593551b4647197
  Payload: 7b2274797065223a2272656164696e67222c226e6f64654944223a312c2274656d70223a32362e382c2268756d6964697479223a35382e392c22636f5f70706d223a313634392e332c226c61746974756465223a6e756c6c2c226c6f6e676974756465223a6e756c6c2c22616c746974756465223a6e756c6c2c226770735f666978223a66616c73657d
  PHY Pkt: 406b2760000008000178dae22413ddd0555c3d8c3f1a36babb29d73d0286248097b01a382776a90cd366186ac9858e2fac53a989d27d6ccad75d022c73cbd71c369ee2c9c8994fc124f3163c0cb65d80929a595ef19d87ddce73b3c4796d84c24f516717cb1c891c63ee8d7fff71d131329c84642681f4d7c745ec3f35a818e20b54fc6f9ebfde7a973c1fcb593551b46471972b68c91f
  PHY payload len: 151 type: <class 'bytes'>
  lora.write used: list
→ Packet SENT
[AUDIO] Recording saved: ../recordings/clip_20251117_143808.wav
[AUDIO] ⚠️  Classification model not yet integrated - returning placeholder

============================================================
Timestamp: 2025-11-17 14:38:13
------------------------------------------------------------
🌡️  Temperature: 27.2°C (Normal)
💧 Humidity: 56.3% (Normal)
🔥 CO Level: 1646.9 ppm | Voltage: 0.584V | Rs: 75.58kΩ
   ⚠️  REMINDER: Calibrate R0 in clean air for accurate readings
📍 GPS: No data (check wiring or wait for warm-up)
🎤 Audio: LOW-RISK (not sent in reading packet)
============================================================

📡 LoRa JSON Packet Ready: {'type': 'reading', 'nodeID': 1, 'temp': 27.2, 'humidity': 56.3, 'co_ppm': 1646.9, 'latitude': None, 'longitude': None, 'altitude': None, 'gps_fix': False}
   JSON bytes len: 138 hex: 7b2274797065223a2272656164696e67222c226e6f64654944223a312c2274656d70223a32372e322c2268756d6964697479223a35362e332c22636f5f70706d223a313634362e392c226c61746974756465223a6e756c6c2c226c6f6e676974756465223a6e756c6c2c22616c746974756465223a6e756c6c2c226770735f666978223a66616c73657d
--- Sending ABP Packet (FCnt=9) ---
  Encrypted payload len: 138
  Encrypted payload (hex): 15aa1f22a8680f922f6257503caeb02ab9490872ac77ad42d8e74b79946bdefea8bd4b77ff5fd80a4c8d2c0e55c9ff8bb8b7d45f0bc433d9aee1f45b4da17bd4e7e5ca520b339850c46f2bcc2879d65087e18d2535301735ef6f02d9f52c90d4a1b8d303e8a5710d63ef6de6c75d48220f5d3f3a96b9d9c44cddcb494f34afcbb8522678bcd9e8bbbd4d
  Payload: 7b2274797065223a2272656164696e67222c226e6f64654944223a312c2274656d70223a32372e322c2268756d6964697479223a35362e332c22636f5f70706d223a313634362e392c226c61746974756465223a6e756c6c2c226c6f6e676974756465223a6e756c6c2c22616c746974756465223a6e756c6c2c226770735f666978223a66616c73657d
  PHY Pkt: 406b2760000009000115aa1f22a8680f922f6257503caeb02ab9490872ac77ad42d8e74b79946bdefea8bd4b77ff5fd80a4c8d2c0e55c9ff8bb8b7d45f0bc433d9aee1f45b4da17bd4e7e5ca520b339850c46f2bcc2879d65087e18d2535301735ef6f02d9f52c90d4a1b8d303e8a5710d63ef6de6c75d48220f5d3f3a96b9d9c44cddcb494f34afcbb8522678bcd9e8bbbd4d8f6c890a
  PHY payload len: 151 type: <class 'bytes'>
  lora.write used: list
→ Packet SENT
[AUDIO] Recording saved: ../recordings/clip_20251117_143910.wav
[AUDIO] ⚠️  Classification model not yet integrated - returning placeholder

============================================================
Timestamp: 2025-11-17 14:39:15
------------------------------------------------------------
🌡️  Temperature: 27.4°C (Normal)
💧 Humidity: 55.3% (Normal)
🔥 CO Level: 1644.5 ppm | Voltage: 0.584V | Rs: 75.65kΩ
   ⚠️  REMINDER: Calibrate R0 in clean air for accurate readings
📍 GPS: No data (check wiring or wait for warm-up)
🎤 Audio: LOW-RISK (not sent in reading packet)
============================================================

📡 LoRa JSON Packet Ready: {'type': 'reading', 'nodeID': 1, 'temp': 27.4, 'humidity': 55.3, 'co_ppm': 1644.5, 'latitude': None, 'longitude': None, 'altitude': None, 'gps_fix': False}
   JSON bytes len: 138 hex: 7b2274797065223a2272656164696e67222c226e6f64654944223a312c2274656d70223a32372e342c2268756d6964697479223a35352e332c22636f5f70706d223a313634342e352c226c61746974756465223a6e756c6c2c226c6f6e676974756465223a6e756c6c2c22616c746974756465223a6e756c6c2c226770735f666978223a66616c73657d
--- Sending ABP Packet (FCnt=10) ---
  Encrypted payload len: 138
  Encrypted payload (hex): 7f9e36441a77a76904ae6603282678d00a40adc8b3c59036228d7ed8947fe8f6c1d171ba0f39930dd52b8191abd9a4bc2e6db8c518cd1d7a7b6a8a5795600fb9b8be491cfac11a2fa9b48ef243a52059447149a3adf6f9b72603257c8663de58e6cecd29c0f540decfaf08d66f8ea506fa9f77335bb627dded64aa95057502ffd63cf25cdd847571470e
  Payload: 7b2274797065223a2272656164696e67222c226e6f64654944223a312c2274656d70223a32372e342c2268756d6964697479223a35352e332c22636f5f70706d223a313634342e352c226c61746974756465223a6e756c6c2c226c6f6e676974756465223a6e756c6c2c22616c746974756465223a6e756c6c2c226770735f666978223a66616c73657d
  PHY Pkt: 406b276000000a00017f9e36441a77a76904ae6603282678d00a40adc8b3c59036228d7ed8947fe8f6c1d171ba0f39930dd52b8191abd9a4bc2e6db8c518cd1d7a7b6a8a5795600fb9b8be491cfac11a2fa9b48ef243a52059447149a3adf6f9b72603257c8663de58e6cecd29c0f540decfaf08d66f8ea506fa9f77335bb627dded64aa95057502ffd63cf25cdd847571470e015fd535
  PHY payload len: 151 type: <class 'bytes'>
  lora.write used: list
→ Packet SENT
[AUDIO] Recording saved: ../recordings/clip_20251117_144012.wav
[AUDIO] ⚠️  Classification model not yet integrated - returning placeholder

============================================================
Timestamp: 2025-11-17 14:40:17
------------------------------------------------------------
🌡️  Temperature: 27.6°C (Normal)
💧 Humidity: 54.4% (Normal)
🔥 CO Level: 1645.1 ppm | Voltage: 0.584V | Rs: 75.63kΩ
   ⚠️  REMINDER: Calibrate R0 in clean air for accurate readings
📍 GPS: No data (check wiring or wait for warm-up)
🎤 Audio: LOW-RISK (not sent in reading packet)
============================================================

📡 LoRa JSON Packet Ready: {'type': 'reading', 'nodeID': 1, 'temp': 27.6, 'humidity': 54.4, 'co_ppm': 1645.1, 'latitude': None, 'longitude': None, 'altitude': None, 'gps_fix': False}
   JSON bytes len: 138 hex: 7b2274797065223a2272656164696e67222c226e6f64654944223a312c2274656d70223a32372e362c2268756d6964697479223a35342e342c22636f5f70706d223a313634352e312c226c61746974756465223a6e756c6c2c226c6f6e676974756465223a6e756c6c2c22616c746974756465223a6e756c6c2c226770735f666978223a66616c73657d
--- Sending ABP Packet (FCnt=11) ---
  Encrypted payload len: 138
  Encrypted payload (hex): 2d8e2d7902ee10bb6b99e1ab140a061d11b2b12fb14a61b4f54a9a2022dc58227e16cc525906c5d14c5afdd439712ea076bc84e112bea4f3ba38a6fc595e5095877995a4e119c21fe8122104154adb011c65508ceb4a5eee351e7f19627fc05445931b171c17c60ccc8d798bdc5b49c01c975a186f73607937db35f5c4ffb5284bf37f6b61f571ba3c8a
  Payload: 7b2274797065223a2272656164696e67222c226e6f64654944223a312c2274656d70223a32372e362c2268756d6964697479223a35342e342c22636f5f70706d223a313634352e312c226c61746974756465223a6e756c6c2c226c6f6e676974756465223a6e756c6c2c22616c746974756465223a6e756c6c2c226770735f666978223a66616c73657d
  PHY Pkt: 406b276000000b00012d8e2d7902ee10bb6b99e1ab140a061d11b2b12fb14a61b4f54a9a2022dc58227e16cc525906c5d14c5afdd439712ea076bc84e112bea4f3ba38a6fc595e5095877995a4e119c21fe8122104154adb011c65508ceb4a5eee351e7f19627fc05445931b171c17c60ccc8d798bdc5b49c01c975a186f73607937db35f5c4ffb5284bf37f6b61f571ba3c8a6876dee5
  PHY payload len: 151 type: <class 'bytes'>
  lora.write used: list
→ Packet SENT
[AUDIO] Recording saved: ../recordings/clip_20251117_144114.wav
[AUDIO] ⚠️  Classification model not yet integrated - returning placeholder

============================================================
Timestamp: 2025-11-17 14:41:19
------------------------------------------------------------
🌡️  Temperature: 27.8°C (Normal)
💧 Humidity: 53.8% (Normal)
🔥 CO Level: 1640.9 ppm | Voltage: 0.583V | Rs: 75.76kΩ
   ⚠️  REMINDER: Calibrate R0 in clean air for accurate readings
📍 GPS: No data (check wiring or wait for warm-up)
🎤 Audio: LOW-RISK (not sent in reading packet)
============================================================

📡 LoRa JSON Packet Ready: {'type': 'reading', 'nodeID': 1, 'temp': 27.8, 'humidity': 53.8, 'co_ppm': 1640.9, 'latitude': None, 'longitude': None, 'altitude': None, 'gps_fix': False}
   JSON bytes len: 138 hex: 7b2274797065223a2272656164696e67222c226e6f64654944223a312c2274656d70223a32372e382c2268756d6964697479223a35332e382c22636f5f70706d223a313634302e392c226c61746974756465223a6e756c6c2c226c6f6e676974756465223a6e756c6c2c22616c746974756465223a6e756c6c2c226770735f666978223a66616c73657d
--- Sending ABP Packet (FCnt=12) ---
  Encrypted payload len: 138
  Encrypted payload (hex): 0687d71516d349476ae4a3558416d81a38cded9b115dc614575781585d64c6543794f9dce07657157d17eb9f9b9d22c458b4609268cd840b4cfc6b90aaf697648fdb461e294198a3d10e136e685b9156e0b4e1698942446c29079c38117ef878b9e95c27e5dd674a1c81fd5a488e80b00ced96ed049e497decf15ab499f11ce0e63de7e366ed46afa771
  Payload: 7b2274797065223a2272656164696e67222c226e6f64654944223a312c2274656d70223a32372e382c2268756d6964697479223a35332e382c22636f5f70706d223a313634302e392c226c61746974756465223a6e756c6c2c226c6f6e676974756465223a6e756c6c2c22616c746974756465223a6e756c6c2c226770735f666978223a66616c73657d
  PHY Pkt: 406b276000000c00010687d71516d349476ae4a3558416d81a38cded9b115dc614575781585d64c6543794f9dce07657157d17eb9f9b9d22c458b4609268cd840b4cfc6b90aaf697648fdb461e294198a3d10e136e685b9156e0b4e1698942446c29079c38117ef878b9e95c27e5dd674a1c81fd5a488e80b00ced96ed049e497decf15ab499f11ce0e63de7e366ed46afa7713423ecd2
  PHY payload len: 151 type: <class 'bytes'>
  lora.write used: list
→ Packet SENT
[AUDIO] Recording saved: ../recordings/clip_20251117_144216.wav
[AUDIO] ⚠️  Classification model not yet integrated - returning placeholder

============================================================
Timestamp: 2025-11-17 14:42:21
------------------------------------------------------------
🌡️  Temperature: 27.8°C (Normal)
💧 Humidity: 53.8% (Normal)
🔥 CO Level: 1640.3 ppm | Voltage: 0.583V | Rs: 75.78kΩ
   ⚠️  REMINDER: Calibrate R0 in clean air for accurate readings
📍 GPS: No data (check wiring or wait for warm-up)
🎤 Audio: LOW-RISK (not sent in reading packet)
============================================================

📡 LoRa JSON Packet Ready: {'type': 'reading', 'nodeID': 1, 'temp': 27.8, 'humidity': 53.8, 'co_ppm': 1640.3, 'latitude': None, 'longitude': None, 'altitude': None, 'gps_fix': False}
   JSON bytes len: 138 hex: 7b2274797065223a2272656164696e67222c226e6f64654944223a312c2274656d70223a32372e382c2268756d6964697479223a35332e382c22636f5f70706d223a313634302e332c226c61746974756465223a6e756c6c2c226c6f6e676974756465223a6e756c6c2c22616c746974756465223a6e756c6c2c226770735f666978223a66616c73657d
--- Sending ABP Packet (FCnt=13) ---
  Encrypted payload len: 138
  Encrypted payload (hex): 30001aec99962fe9ee9e15550c8583d8fed67aafa06e60ae0ed8f80a11656529459aee23c92620831b47bfd68774126d814201732af7fb731ca57241f0e8877dd348450d228f7816d0b94d58d0913a98c36c2f00ec29d75b259daa3bcb220c91ead8a1f8efbb7463da8a0c04ddce8835660e581bf3650d0897cf6cea0f6d231b9b340bb9683e08566ba4
  Payload: 7b2274797065223a2272656164696e67222c226e6f64654944223a312c2274656d70223a32372e382c2268756d6964697479223a35332e382c22636f5f70706d223a313634302e332c226c61746974756465223a6e756c6c2c226c6f6e676974756465223a6e756c6c2c22616c746974756465223a6e756c6c2c226770735f666978223a66616c73657d
  PHY Pkt: 406b276000000d000130001aec99962fe9ee9e15550c8583d8fed67aafa06e60ae0ed8f80a11656529459aee23c92620831b47bfd68774126d814201732af7fb731ca57241f0e8877dd348450d228f7816d0b94d58d0913a98c36c2f00ec29d75b259daa3bcb220c91ead8a1f8efbb7463da8a0c04ddce8835660e581bf3650d0897cf6cea0f6d231b9b340bb9683e08566ba43cc0781e
  PHY payload len: 151 type: <class 'bytes'>
  lora.write used: list
→ Packet SENT
[AUDIO] Recording saved: ../recordings/clip_20251117_144319.wav
[AUDIO] ⚠️  Classification model not yet integrated - returning placeholder

============================================================
Timestamp: 2025-11-17 14:43:24
------------------------------------------------------------
🌡️  Temperature: 27.8°C (Normal)
💧 Humidity: 53.8% (Normal)
🔥 CO Level: 1641.5 ppm | Voltage: 0.583V | Rs: 75.74kΩ
   ⚠️  REMINDER: Calibrate R0 in clean air for accurate readings
📍 GPS: No data (check wiring or wait for warm-up)
🎤 Audio: LOW-RISK (not sent in reading packet)
============================================================

📡 LoRa JSON Packet Ready: {'type': 'reading', 'nodeID': 1, 'temp': 27.8, 'humidity': 53.8, 'co_ppm': 1641.5, 'latitude': None, 'longitude': None, 'altitude': None, 'gps_fix': False}
   JSON bytes len: 138 hex: 7b2274797065223a2272656164696e67222c226e6f64654944223a312c2274656d70223a32372e382c2268756d6964697479223a35332e382c22636f5f70706d223a313634312e352c226c61746974756465223a6e756c6c2c226c6f6e676974756465223a6e756c6c2c22616c746974756465223a6e756c6c2c226770735f666978223a66616c73657d
--- Sending ABP Packet (FCnt=14) ---
  Encrypted payload len: 138
  Encrypted payload (hex): 34a1842bd04bbcddb5f492d660b42201fb47eb19c7d07cb70a562ce7c759656520e1f9871e4b4be7f34b23a17d5c2ab0b1afe63ccd01ba65adf3abd06deb4d35db194f946379c7728af4296c14f3c1b659ec9e0c0be839eb6a6140c131affa4ef97da9e7cd4427baea4c9308f14fcfaffbcacf30431aece7c8d9db35704348d4a5c880e901f2fc28626c
  Payload: 7b2274797065223a2272656164696e67222c226e6f64654944223a312c2274656d70223a32372e382c2268756d6964697479223a35332e382c22636f5f70706d223a313634312e352c226c61746974756465223a6e756c6c2c226c6f6e676974756465223a6e756c6c2c22616c746974756465223a6e756c6c2c226770735f666978223a66616c73657d
  PHY Pkt: 406b276000000e000134a1842bd04bbcddb5f492d660b42201fb47eb19c7d07cb70a562ce7c759656520e1f9871e4b4be7f34b23a17d5c2ab0b1afe63ccd01ba65adf3abd06deb4d35db194f946379c7728af4296c14f3c1b659ec9e0c0be839eb6a6140c131affa4ef97da9e7cd4427baea4c9308f14fcfaffbcacf30431aece7c8d9db35704348d4a5c880e901f2fc28626c86f3342f
  PHY payload len: 151 type: <class 'bytes'>
  lora.write used: list
→ Packet SENT
[AUDIO] Recording saved: ../recordings/clip_20251117_144421.wav
[AUDIO] ⚠️  Classification model not yet integrated - returning placeholder

============================================================
Timestamp: 2025-11-17 14:44:26
------------------------------------------------------------
🌡️  Temperature: 27.8°C (Normal)
💧 Humidity: 53.8% (Normal)
🔥 CO Level: 1640.3 ppm | Voltage: 0.583V | Rs: 75.78kΩ
   ⚠️  REMINDER: Calibrate R0 in clean air for accurate readings
📍 GPS: No data (check wiring or wait for warm-up)
🎤 Audio: LOW-RISK (not sent in reading packet)
============================================================

📡 LoRa JSON Packet Ready: {'type': 'reading', 'nodeID': 1, 'temp': 27.8, 'humidity': 53.8, 'co_ppm': 1640.3, 'latitude': None, 'longitude': None, 'altitude': None, 'gps_fix': False}
   JSON bytes len: 138 hex: 7b2274797065223a2272656164696e67222c226e6f64654944223a312c2274656d70223a32372e382c2268756d6964697479223a35332e382c22636f5f70706d223a313634302e332c226c61746974756465223a6e756c6c2c226c6f6e676974756465223a6e756c6c2c22616c746974756465223a6e756c6c2c226770735f666978223a66616c73657d
--- Sending ABP Packet (FCnt=15) ---
  Encrypted payload len: 138
  Encrypted payload (hex): 135b8b6fa23dbfd98b121aca2df5dd2bc02063b1b6963896e2dc690031685d3b7b05c47dd66235770bf77d2c1a3ef46a776ecb685653d9538601c7c1017b1b05b35ea48b319bb7e13715aca5347b6348afa41acbea21afd02bfc4d7bc3c42e6c48b358e30e706c86fbd2da44eada58cc9ea128b346a6970a522711436bd08f019ad4e820e7f8f1c36d7a
  Payload: 7b2274797065223a2272656164696e67222c226e6f64654944223a312c2274656d70223a32372e382c2268756d6964697479223a35332e382c22636f5f70706d223a313634302e332c226c61746974756465223a6e756c6c2c226c6f6e676974756465223a6e756c6c2c22616c746974756465223a6e756c6c2c226770735f666978223a66616c73657d
  PHY Pkt: 406b276000000f0001135b8b6fa23dbfd98b121aca2df5dd2bc02063b1b6963896e2dc690031685d3b7b05c47dd66235770bf77d2c1a3ef46a776ecb685653d9538601c7c1017b1b05b35ea48b319bb7e13715aca5347b6348afa41acbea21afd02bfc4d7bc3c42e6c48b358e30e706c86fbd2da44eada58cc9ea128b346a6970a522711436bd08f019ad4e820e7f8f1c36d7a24f30e93
  PHY payload len: 151 type: <class 'bytes'>
  lora.write used: list
→ Packet SENT
[AUDIO] Recording saved: ../recordings/clip_20251117_144523.wav
[AUDIO] ⚠️  Classification model not yet integrated - returning placeholder

============================================================
Timestamp: 2025-11-17 14:45:28
------------------------------------------------------------
🌡️  Temperature: 28.5°C (Normal)
💧 Humidity: 53.4% (Normal)
🔥 CO Level: 1639.1 ppm | Voltage: 0.583V | Rs: 75.82kΩ
   ⚠️  REMINDER: Calibrate R0 in clean air for accurate readings
📍 GPS: No data (check wiring or wait for warm-up)
🎤 Audio: LOW-RISK (not sent in reading packet)
============================================================

📡 LoRa JSON Packet Ready: {'type': 'reading', 'nodeID': 1, 'temp': 28.5, 'humidity': 53.4, 'co_ppm': 1639.1, 'latitude': None, 'longitude': None, 'altitude': None, 'gps_fix': False}
   JSON bytes len: 138 hex: 7b2274797065223a2272656164696e67222c226e6f64654944223a312c2274656d70223a32382e352c2268756d6964697479223a35332e342c22636f5f70706d223a313633392e312c226c61746974756465223a6e756c6c2c226c6f6e676974756465223a6e756c6c2c22616c746974756465223a6e756c6c2c226770735f666978223a66616c73657d
--- Sending ABP Packet (FCnt=16) ---
  Encrypted payload len: 138
  Encrypted payload (hex): a71b1e769de523761a99f326da52bce7b7ca0b03be2b8fdcfabf15c2cbe05d40899d7020a8dbb2a10d80c927c1bd8b49f73ee8531190799ce5c7b250f019c3426bf1f1de42e53029bcfba6435b780910f2bd4221b34a6cf90c1977cd532dd160ccfc2dee00d8e55c300cef0d40d5167539cc7a90fce0eaf1f6b69b3b31bbba7d8cda45b3459b1a750627
  Payload: 7b2274797065223a2272656164696e67222c226e6f64654944223a312c2274656d70223a32382e352c2268756d6964697479223a35332e342c22636f5f70706d223a313633392e312c226c61746974756465223a6e756c6c2c226c6f6e676974756465223a6e756c6c2c22616c746974756465223a6e756c6c2c226770735f666978223a66616c73657d
  PHY Pkt: 406b27600000100001a71b1e769de523761a99f326da52bce7b7ca0b03be2b8fdcfabf15c2cbe05d40899d7020a8dbb2a10d80c927c1bd8b49f73ee8531190799ce5c7b250f019c3426bf1f1de42e53029bcfba6435b780910f2bd4221b34a6cf90c1977cd532dd160ccfc2dee00d8e55c300cef0d40d5167539cc7a90fce0eaf1f6b69b3b31bbba7d8cda45b3459b1a7506274f1b82f3
  PHY payload len: 151 type: <class 'bytes'>
  lora.write used: list
→ Packet SENT
[AUDIO] Recording saved: ../recordings/clip_20251117_144625.wav
[AUDIO] ⚠️  Classification model not yet integrated - returning placeholder

============================================================
Timestamp: 2025-11-17 14:46:30
------------------------------------------------------------
🌡️  Temperature: 28.6°C (Normal)
💧 Humidity: 53.5% (Normal)
🔥 CO Level: 1639.1 ppm | Voltage: 0.583V | Rs: 75.82kΩ
   ⚠️  REMINDER: Calibrate R0 in clean air for accurate readings
📍 GPS: No data (check wiring or wait for warm-up)
🎤 Audio: LOW-RISK (not sent in reading packet)
============================================================

📡 LoRa JSON Packet Ready: {'type': 'reading', 'nodeID': 1, 'temp': 28.6, 'humidity': 53.5, 'co_ppm': 1639.1, 'latitude': None, 'longitude': None, 'altitude': None, 'gps_fix': False}
   JSON bytes len: 138 hex: 7b2274797065223a2272656164696e67222c226e6f64654944223a312c2274656d70223a32382e362c2268756d6964697479223a35332e352c22636f5f70706d223a313633392e312c226c61746974756465223a6e756c6c2c226c6f6e676974756465223a6e756c6c2c22616c746974756465223a6e756c6c2c226770735f666978223a66616c73657d
--- Sending ABP Packet (FCnt=17) ---
  Encrypted payload len: 138
  Encrypted payload (hex): 1a1d1bfa6cea134441c2a6856421a00d44d0245d10a18118434273464b1c7ba8472562e049858cd4010fd6a963289976e8c984e6d5bfffdb2d6f58f33e79a684b3d7943fe70540858a7eb32f3d96046c08468b112043751201928e048cd17bf4666a5bfba8f08d00da76d8c5fea2140f5de26e94a61d2cd1fdfbe68079644c645b40e513ab7290de25d6
  Payload: 7b2274797065223a2272656164696e67222c226e6f64654944223a312c2274656d70223a32382e362c2268756d6964697479223a35332e352c22636f5f70706d223a313633392e312c226c61746974756465223a6e756c6c2c226c6f6e676974756465223a6e756c6c2c22616c746974756465223a6e756c6c2c226770735f666978223a66616c73657d
  PHY Pkt: 406b276000001100011a1d1bfa6cea134441c2a6856421a00d44d0245d10a18118434273464b1c7ba8472562e049858cd4010fd6a963289976e8c984e6d5bfffdb2d6f58f33e79a684b3d7943fe70540858a7eb32f3d96046c08468b112043751201928e048cd17bf4666a5bfba8f08d00da76d8c5fea2140f5de26e94a61d2cd1fdfbe68079644c645b40e513ab7290de25d62df2071e
  PHY payload len: 151 type: <class 'bytes'>
  lora.write used: list
→ Packet SENT
[AUDIO] Recording saved: ../recordings/clip_20251117_144727.wav
[AUDIO] ⚠️  Classification model not yet integrated - returning placeholder

============================================================
Timestamp: 2025-11-17 14:47:32
------------------------------------------------------------
🌡️  Temperature: 28.6°C (Normal)
💧 Humidity: 53.8% (Normal)
🔥 CO Level: 1639.1 ppm | Voltage: 0.583V | Rs: 75.82kΩ
   ⚠️  REMINDER: Calibrate R0 in clean air for accurate readings
📍 GPS: No data (check wiring or wait for warm-up)
🎤 Audio: LOW-RISK (not sent in reading packet)
============================================================

📡 LoRa JSON Packet Ready: {'type': 'reading', 'nodeID': 1, 'temp': 28.6, 'humidity': 53.8, 'co_ppm': 1639.1, 'latitude': None, 'longitude': None, 'altitude': None, 'gps_fix': False}
   JSON bytes len: 138 hex: 7b2274797065223a2272656164696e67222c226e6f64654944223a312c2274656d70223a32382e362c2268756d6964697479223a35332e382c22636f5f70706d223a313633392e312c226c61746974756465223a6e756c6c2c226c6f6e676974756465223a6e756c6c2c22616c746974756465223a6e756c6c2c226770735f666978223a66616c73657d
--- Sending ABP Packet (FCnt=18) ---
  Encrypted payload len: 138
  Encrypted payload (hex): 1394eae827266c3f2ddbe72887b4e9fdb4a8e2087c168201de8dd4906da467969a544263c433ffaffeb3e6b5d08ff06f23dfa4a58329c36898f5f84730f6f1e5590664a68fc9133ecc2f8c51e6e3b7be89aefc46b125331fe7ca74a4160840217aaf6994919f78a9a0274378033b1fe8fda89b59ab8fe302b79be1eeee11f2cdae2bf5b48599e0e59563
  Payload: 7b2274797065223a2272656164696e67222c226e6f64654944223a312c2274656d70223a32382e362c2268756d6964697479223a35332e382c22636f5f70706d223a313633392e312c226c61746974756465223a6e756c6c2c226c6f6e676974756465223a6e756c6c2c22616c746974756465223a6e756c6c2c226770735f666978223a66616c73657d
  PHY Pkt: 406b276000001200011394eae827266c3f2ddbe72887b4e9fdb4a8e2087c168201de8dd4906da467969a544263c433ffaffeb3e6b5d08ff06f23dfa4a58329c36898f5f84730f6f1e5590664a68fc9133ecc2f8c51e6e3b7be89aefc46b125331fe7ca74a4160840217aaf6994919f78a9a0274378033b1fe8fda89b59ab8fe302b79be1eeee11f2cdae2bf5b48599e0e59563e1fcd57f
  PHY payload len: 151 type: <class 'bytes'>
  lora.write used: list
→ Packet SENT
[AUDIO] Recording saved: ../recordings/clip_20251117_144829.wav
[AUDIO] ⚠️  Classification model not yet integrated - returning placeholder

============================================================
Timestamp: 2025-11-17 14:48:34
------------------------------------------------------------
🌡️  Temperature: 28.6°C (Normal)
💧 Humidity: 53.8% (Normal)
🔥 CO Level: 1640.3 ppm | Voltage: 0.583V | Rs: 75.78kΩ
   ⚠️  REMINDER: Calibrate R0 in clean air for accurate readings
📍 GPS: No data (check wiring or wait for warm-up)
🎤 Audio: LOW-RISK (not sent in reading packet)
============================================================

📡 LoRa JSON Packet Ready: {'type': 'reading', 'nodeID': 1, 'temp': 28.6, 'humidity': 53.8, 'co_ppm': 1640.3, 'latitude': None, 'longitude': None, 'altitude': None, 'gps_fix': False}
   JSON bytes len: 138 hex: 7b2274797065223a2272656164696e67222c226e6f64654944223a312c2274656d70223a32382e362c2268756d6964697479223a35332e382c22636f5f70706d223a313634302e332c226c61746974756465223a6e756c6c2c226c6f6e676974756465223a6e756c6c2c22616c746974756465223a6e756c6c2c226770735f666978223a66616c73657d
--- Sending ABP Packet (FCnt=19) ---
  Encrypted payload len: 138
  Encrypted payload (hex): 791e6782103847164abd05b357a6ffefaaf0465d9d342e9186913d155dc684f064742ed58326ef179f5c235f545d60ef5a0de9d94c4a7f2eb68172c53f49452076228dad72700888a589e9a96dc7731be8fca5c148faa99d890f00a9be4a65eaed039f84e465e2f03ffa861a7114d607f812f0401800e011fe00be213297e5e06084c96d0362413c85b4
  Payload: 7b2274797065223a2272656164696e67222c226e6f64654944223a312c2274656d70223a32382e362c2268756d6964697479223a35332e382c22636f5f70706d223a313634302e332c226c61746974756465223a6e756c6c2c226c6f6e676974756465223a6e756c6c2c22616c746974756465223a6e756c6c2c226770735f666978223a66616c73657d
  PHY Pkt: 406b27600000130001791e6782103847164abd05b357a6ffefaaf0465d9d342e9186913d155dc684f064742ed58326ef179f5c235f545d60ef5a0de9d94c4a7f2eb68172c53f49452076228dad72700888a589e9a96dc7731be8fca5c148faa99d890f00a9be4a65eaed039f84e465e2f03ffa861a7114d607f812f0401800e011fe00be213297e5e06084c96d0362413c85b4f7b8afc1
  PHY payload len: 151 type: <class 'bytes'>
  lora.write used: list
→ Packet SENT
[AUDIO] Recording saved: ../recordings/clip_20251117_144931.wav
[AUDIO] ⚠️  Classification model not yet integrated - returning placeholder

============================================================
Timestamp: 2025-11-17 14:49:36
------------------------------------------------------------
🌡️  Temperature: 28.7°C (Normal)
💧 Humidity: 54.1% (Normal)
🔥 CO Level: 1640.3 ppm | Voltage: 0.583V | Rs: 75.78kΩ
   ⚠️  REMINDER: Calibrate R0 in clean air for accurate readings
📍 GPS: No data (check wiring or wait for warm-up)
🎤 Audio: LOW-RISK (not sent in reading packet)
============================================================

📡 LoRa JSON Packet Ready: {'type': 'reading', 'nodeID': 1, 'temp': 28.7, 'humidity': 54.1, 'co_ppm': 1640.3, 'latitude': None, 'longitude': None, 'altitude': None, 'gps_fix': False}
   JSON bytes len: 138 hex: 7b2274797065223a2272656164696e67222c226e6f64654944223a312c2274656d70223a32382e372c2268756d6964697479223a35342e312c22636f5f70706d223a313634302e332c226c61746974756465223a6e756c6c2c226c6f6e676974756465223a6e756c6c2c22616c746974756465223a6e756c6c2c226770735f666978223a66616c73657d
--- Sending ABP Packet (FCnt=20) ---
  Encrypted payload len: 138
  Encrypted payload (hex): 86be5eed20bbd05d0d5ca207684672d35939e420f573ed1bcc92dcd08240f54a529958ecda1c9ec5795e8cf7551b106566a64a25fd3bf3601f3c5b5dae406f50106066ed171ff0cbc1351d7161d3701f30c42f46de9e91478c63fdf494d57d0de28ab5903cb9dd539603b944f02e3246e926405f13d22b8d3982e3a9965dec93d5db2e182986c853c6d6
  Payload: 7b2274797065223a2272656164696e67222c226e6f64654944223a312c2274656d70223a32382e372c2268756d6964697479223a35342e312c22636f5f70706d223a313634302e332c226c61746974756465223a6e756c6c2c226c6f6e676974756465223a6e756c6c2c22616c746974756465223a6e756c6c2c226770735f666978223a66616c73657d
  PHY Pkt: 406b2760000014000186be5eed20bbd05d0d5ca207684672d35939e420f573ed1bcc92dcd08240f54a529958ecda1c9ec5795e8cf7551b106566a64a25fd3bf3601f3c5b5dae406f50106066ed171ff0cbc1351d7161d3701f30c42f46de9e91478c63fdf494d57d0de28ab5903cb9dd539603b944f02e3246e926405f13d22b8d3982e3a9965dec93d5db2e182986c853c6d651cb50db
  PHY payload len: 151 type: <class 'bytes'>
  lora.write used: list
→ Packet SENT
[AUDIO] Recording saved: ../recordings/clip_20251117_145033.wav
[AUDIO] ⚠️  Classification model not yet integrated - returning placeholder

============================================================
Timestamp: 2025-11-17 14:50:38
------------------------------------------------------------
🌡️  Temperature: 28.8°C (Normal)
💧 Humidity: 54.4% (Normal)
🔥 CO Level: 1637.9 ppm | Voltage: 0.582V | Rs: 75.86kΩ
   ⚠️  REMINDER: Calibrate R0 in clean air for accurate readings
📍 GPS: No data (check wiring or wait for warm-up)
🎤 Audio: LOW-RISK (not sent in reading packet)
============================================================

📡 LoRa JSON Packet Ready: {'type': 'reading', 'nodeID': 1, 'temp': 28.8, 'humidity': 54.4, 'co_ppm': 1637.9, 'latitude': None, 'longitude': None, 'altitude': None, 'gps_fix': False}
   JSON bytes len: 138 hex: 7b2274797065223a2272656164696e67222c226e6f64654944223a312c2274656d70223a32382e382c2268756d6964697479223a35342e342c22636f5f70706d223a313633372e392c226c61746974756465223a6e756c6c2c226c6f6e676974756465223a6e756c6c2c22616c746974756465223a6e756c6c2c226770735f666978223a66616c73657d
--- Sending ABP Packet (FCnt=21) ---
  Encrypted payload len: 138
  Encrypted payload (hex): 8e4c346c7e5b0c33a807a7398179e59e40406c902e049ae83701ee283b08af5e357f0a3c5d073ac9a8a5c147240d8a13838ff879d40ced913bba75946ffa4a2a5c3705185ebefaf8f10dca26c60022b3244a64d9d51cb3367e633851d1f5aa003f2a6a0a4e8229098920632ff942a5149178a89db0dcbd655d3dbcad2eecf703a6879802308435da345f
  Payload: 7b2274797065223a2272656164696e67222c226e6f64654944223a312c2274656d70223a32382e382c2268756d6964697479223a35342e342c22636f5f70706d223a313633372e392c226c61746974756465223a6e756c6c2c226c6f6e676974756465223a6e756c6c2c22616c746974756465223a6e756c6c2c226770735f666978223a66616c73657d
  PHY Pkt: 406b276000001500018e4c346c7e5b0c33a807a7398179e59e40406c902e049ae83701ee283b08af5e357f0a3c5d073ac9a8a5c147240d8a13838ff879d40ced913bba75946ffa4a2a5c3705185ebefaf8f10dca26c60022b3244a64d9d51cb3367e633851d1f5aa003f2a6a0a4e8229098920632ff942a5149178a89db0dcbd655d3dbcad2eecf703a6879802308435da345f258de399
  PHY payload len: 151 type: <class 'bytes'>
  lora.write used: list
→ Packet SENT
[AUDIO] Recording saved: ../recordings/clip_20251117_145135.wav
[AUDIO] ⚠️  Classification model not yet integrated - returning placeholder

============================================================
Timestamp: 2025-11-17 14:51:40
------------------------------------------------------------
🌡️  Temperature: 28.9°C (Normal)
💧 Humidity: 54.4% (Normal)
🔥 CO Level: 1636.7 ppm | Voltage: 0.582V | Rs: 75.89kΩ
   ⚠️  REMINDER: Calibrate R0 in clean air for accurate readings
📍 GPS: No data (check wiring or wait for warm-up)
🎤 Audio: LOW-RISK (not sent in reading packet)
============================================================

📡 LoRa JSON Packet Ready: {'type': 'reading', 'nodeID': 1, 'temp': 28.9, 'humidity': 54.4, 'co_ppm': 1636.7, 'latitude': None, 'longitude': None, 'altitude': None, 'gps_fix': False}
   JSON bytes len: 138 hex: 7b2274797065223a2272656164696e67222c226e6f64654944223a312c2274656d70223a32382e392c2268756d6964697479223a35342e342c22636f5f70706d223a313633362e372c226c61746974756465223a6e756c6c2c226c6f6e676974756465223a6e756c6c2c22616c746974756465223a6e756c6c2c226770735f666978223a66616c73657d
--- Sending ABP Packet (FCnt=22) ---
  Encrypted payload len: 138
  Encrypted payload (hex): 5e23c2f0593d5a856721ae9630f06fe7368c4c7a939d2723a180ae5001ad039d46c19e7a618bf65f8dfe9db09b99f23a4955cd7708c0b3b44c580137687413b5d13ba62b6039c42d82917ad365a26b11370ad2440cd41799e47f81ec56c1d5fbabe44ae7d73afd28e066cc08f10c9c4d0e9a7639804557ff9c7c1b058741ebe4ebae487e2deb8c275369
  Payload: 7b2274797065223a2272656164696e67222c226e6f64654944223a312c2274656d70223a32382e392c2268756d6964697479223a35342e342c22636f5f70706d223a313633362e372c226c61746974756465223a6e756c6c2c226c6f6e676974756465223a6e756c6c2c22616c746974756465223a6e756c6c2c226770735f666978223a66616c73657d
  PHY Pkt: 406b276000001600015e23c2f0593d5a856721ae9630f06fe7368c4c7a939d2723a180ae5001ad039d46c19e7a618bf65f8dfe9db09b99f23a4955cd7708c0b3b44c580137687413b5d13ba62b6039c42d82917ad365a26b11370ad2440cd41799e47f81ec56c1d5fbabe44ae7d73afd28e066cc08f10c9c4d0e9a7639804557ff9c7c1b058741ebe4ebae487e2deb8c275369f2fe2f3f
  PHY payload len: 151 type: <class 'bytes'>
  lora.write used: list
→ Packet SENT
[AUDIO] Recording saved: ../recordings/clip_20251117_145237.wav
[AUDIO] ⚠️  Classification model not yet integrated - returning placeholder

============================================================
Timestamp: 2025-11-17 14:52:42
------------------------------------------------------------
🌡️  Temperature: 29.0°C (Normal)
💧 Humidity: 54.4% (Normal)
🔥 CO Level: 1638.5 ppm | Voltage: 0.583V | Rs: 75.84kΩ
   ⚠️  REMINDER: Calibrate R0 in clean air for accurate readings
📍 GPS: No data (check wiring or wait for warm-up)
🎤 Audio: LOW-RISK (not sent in reading packet)
============================================================

📡 LoRa JSON Packet Ready: {'type': 'reading', 'nodeID': 1, 'temp': 29.0, 'humidity': 54.4, 'co_ppm': 1638.5, 'latitude': None, 'longitude': None, 'altitude': None, 'gps_fix': False}
   JSON bytes len: 138 hex: 7b2274797065223a2272656164696e67222c226e6f64654944223a312c2274656d70223a32392e302c2268756d6964697479223a35342e342c22636f5f70706d223a313633382e352c226c61746974756465223a6e756c6c2c226c6f6e676974756465223a6e756c6c2c22616c746974756465223a6e756c6c2c226770735f666978223a66616c73657d
--- Sending ABP Packet (FCnt=23) ---
  Encrypted payload len: 138
  Encrypted payload (hex): b781b6252e2df9e6a0e82be9d8097e9c4e91e992d0f5ac3054ae16b88c5953b54b812a43cfa2a522ca0af0cb1f3b10eca6f9b4e87be7643f6cf451c745b12d878307d2975981e94ed099c08897783458a1248dcefb50fd49369907761f0a18f4408923e521512d6b54b33f17c53673bb611cd7b53d700b92a9e04cac3bbe3e8db52a61e9f9625db33c37
  Payload: 7b2274797065223a2272656164696e67222c226e6f64654944223a312c2274656d70223a32392e302c2268756d6964697479223a35342e342c22636f5f70706d223a313633382e352c226c61746974756465223a6e756c6c2c226c6f6e676974756465223a6e756c6c2c22616c746974756465223a6e756c6c2c226770735f666978223a66616c73657d
  PHY Pkt: 406b27600000170001b781b6252e2df9e6a0e82be9d8097e9c4e91e992d0f5ac3054ae16b88c5953b54b812a43cfa2a522ca0af0cb1f3b10eca6f9b4e87be7643f6cf451c745b12d878307d2975981e94ed099c08897783458a1248dcefb50fd49369907761f0a18f4408923e521512d6b54b33f17c53673bb611cd7b53d700b92a9e04cac3bbe3e8db52a61e9f9625db33c3743dd2d1a
  PHY payload len: 151 type: <class 'bytes'>
  lora.write used: list
→ Packet SENT
[AUDIO] Recording saved: ../recordings/clip_20251117_145339.wav
[AUDIO] ⚠️  Classification model not yet integrated - returning placeholder

============================================================
Timestamp: 2025-11-17 14:53:44
------------------------------------------------------------
🌡️  Temperature: 29.0°C (Normal)
💧 Humidity: 54.4% (Normal)
🔥 CO Level: 1636.1 ppm | Voltage: 0.582V | Rs: 75.91kΩ
   ⚠️  REMINDER: Calibrate R0 in clean air for accurate readings
📍 GPS: No data (check wiring or wait for warm-up)
🎤 Audio: LOW-RISK (not sent in reading packet)
============================================================

📡 LoRa JSON Packet Ready: {'type': 'reading', 'nodeID': 1, 'temp': 29.0, 'humidity': 54.4, 'co_ppm': 1636.1, 'latitude': None, 'longitude': None, 'altitude': None, 'gps_fix': False}
   JSON bytes len: 138 hex: 7b2274797065223a2272656164696e67222c226e6f64654944223a312c2274656d70223a32392e302c2268756d6964697479223a35342e342c22636f5f70706d223a313633362e312c226c61746974756465223a6e756c6c2c226c6f6e676974756465223a6e756c6c2c22616c746974756465223a6e756c6c2c226770735f666978223a66616c73657d
--- Sending ABP Packet (FCnt=24) ---
  Encrypted payload len: 138
  Encrypted payload (hex): 15ddf6cbc3410ca78ca470276b7ad7bceca7b75fb57cd5dc8598eb9333e436fd353395e0fcc617380482db5c1cec6e682b7558d41843b3cf070aab7e2e0826ca0d83c8b07a5fd33167838df6d91377afe6ded86bd104e6de4507bde5c22e7b9c6d95df398b195e080774f9afe03c67e69e8a964bc5bf7f2df9b81907a18088decc847529fc09dd84f3e9
  Payload: 7b2274797065223a2272656164696e67222c226e6f64654944223a312c2274656d70223a32392e302c2268756d6964697479223a35342e342c22636f5f70706d223a313633362e312c226c61746974756465223a6e756c6c2c226c6f6e676974756465223a6e756c6c2c22616c746974756465223a6e756c6c2c226770735f666978223a66616c73657d
  PHY Pkt: 406b2760000018000115ddf6cbc3410ca78ca470276b7ad7bceca7b75fb57cd5dc8598eb9333e436fd353395e0fcc617380482db5c1cec6e682b7558d41843b3cf070aab7e2e0826ca0d83c8b07a5fd33167838df6d91377afe6ded86bd104e6de4507bde5c22e7b9c6d95df398b195e080774f9afe03c67e69e8a964bc5bf7f2df9b81907a18088decc847529fc09dd84f3e9118da902
  PHY payload len: 151 type: <class 'bytes'>
  lora.write used: list
→ Packet SENT
[AUDIO] Recording saved: ../recordings/clip_20251117_145441.wav
[AUDIO] ⚠️  Classification model not yet integrated - returning placeholder

============================================================
Timestamp: 2025-11-17 14:54:46
------------------------------------------------------------
🌡️  Temperature: 29.1°C (Normal)
💧 Humidity: 52.8% (Normal)
🔥 CO Level: 1635.5 ppm | Voltage: 0.582V | Rs: 75.93kΩ
   ⚠️  REMINDER: Calibrate R0 in clean air for accurate readings
📍 GPS: No data (check wiring or wait for warm-up)
🎤 Audio: LOW-RISK (not sent in reading packet)
============================================================

📡 LoRa JSON Packet Ready: {'type': 'reading', 'nodeID': 1, 'temp': 29.1, 'humidity': 52.8, 'co_ppm': 1635.5, 'latitude': None, 'longitude': None, 'altitude': None, 'gps_fix': False}
   JSON bytes len: 138 hex: 7b2274797065223a2272656164696e67222c226e6f64654944223a312c2274656d70223a32392e312c2268756d6964697479223a35322e382c22636f5f70706d223a313633352e352c226c61746974756465223a6e756c6c2c226c6f6e676974756465223a6e756c6c2c22616c746974756465223a6e756c6c2c226770735f666978223a66616c73657d
--- Sending ABP Packet (FCnt=25) ---
  Encrypted payload len: 138
  Encrypted payload (hex): b7f4cfb5657755c9da32c1100b64ab2b5006ce71a9312be96728625ca82d1d5b669baded3a432a2f14ee487b22d7dcf758593d74621b9c03943ecc42b0627698f91146eb14969dd5ce9b40a02781095d8d5daa911fa820057ccbeca84864eabe00ab1da17a48254f01a4326bae9dc8cf5bfebb082e8f574b9f359c584f91de99085931fa370585bdab1f
  Payload: 7b2274797065223a2272656164696e67222c226e6f64654944223a312c2274656d70223a32392e312c2268756d6964697479223a35322e382c22636f5f70706d223a313633352e352c226c61746974756465223a6e756c6c2c226c6f6e676974756465223a6e756c6c2c22616c746974756465223a6e756c6c2c226770735f666978223a66616c73657d
  PHY Pkt: 406b27600000190001b7f4cfb5657755c9da32c1100b64ab2b5006ce71a9312be96728625ca82d1d5b669baded3a432a2f14ee487b22d7dcf758593d74621b9c03943ecc42b0627698f91146eb14969dd5ce9b40a02781095d8d5daa911fa820057ccbeca84864eabe00ab1da17a48254f01a4326bae9dc8cf5bfebb082e8f574b9f359c584f91de99085931fa370585bdab1f118b1c3e
  PHY payload len: 151 type: <class 'bytes'>
  lora.write used: list
→ Packet SENT
[AUDIO] Recording saved: ../recordings/clip_20251117_145543.wav
[AUDIO] ⚠️  Classification model not yet integrated - returning placeholder

============================================================
Timestamp: 2025-11-17 14:55:48
------------------------------------------------------------
🌡️  Temperature: 29.1°C (Normal)
💧 Humidity: 52.8% (Normal)
🔥 CO Level: 1637.3 ppm | Voltage: 0.582V | Rs: 75.87kΩ
   ⚠️  REMINDER: Calibrate R0 in clean air for accurate readings
📍 GPS: No data (check wiring or wait for warm-up)
🎤 Audio: LOW-RISK (not sent in reading packet)
============================================================

📡 LoRa JSON Packet Ready: {'type': 'reading', 'nodeID': 1, 'temp': 29.1, 'humidity': 52.8, 'co_ppm': 1637.3, 'latitude': None, 'longitude': None, 'altitude': None, 'gps_fix': False}
   JSON bytes len: 138 hex: 7b2274797065223a2272656164696e67222c226e6f64654944223a312c2274656d70223a32392e312c2268756d6964697479223a35322e382c22636f5f70706d223a313633372e332c226c61746974756465223a6e756c6c2c226c6f6e676974756465223a6e756c6c2c22616c746974756465223a6e756c6c2c226770735f666978223a66616c73657d
--- Sending ABP Packet (FCnt=26) ---
  Encrypted payload len: 138
  Encrypted payload (hex): 02a0d156011e682f5ad6fb4b1a9d3de41bf9285966d069aea125904e282bf9c993b54c4268d636d73fdd21832eef1cea1f82bc35092ba36bd472c0a66c461873980d599210ba44fa0251ccda03cada8307b6871083a6edb9c90bbe9e32f0026fa0932ba2ee156a0bae20dff78450d85ed33b02f16f8325cbf2876d0b63419097184ee52549ea688251c5
  Payload: 7b2274797065223a2272656164696e67222c226e6f64654944223a312c2274656d70223a32392e312c2268756d6964697479223a35322e382c22636f5f70706d223a313633372e332c226c61746974756465223a6e756c6c2c226c6f6e676974756465223a6e756c6c2c22616c746974756465223a6e756c6c2c226770735f666978223a66616c73657d
  PHY Pkt: 406b276000001a000102a0d156011e682f5ad6fb4b1a9d3de41bf9285966d069aea125904e282bf9c993b54c4268d636d73fdd21832eef1cea1f82bc35092ba36bd472c0a66c461873980d599210ba44fa0251ccda03cada8307b6871083a6edb9c90bbe9e32f0026fa0932ba2ee156a0bae20dff78450d85ed33b02f16f8325cbf2876d0b63419097184ee52549ea688251c532b5d29b
  PHY payload len: 151 type: <class 'bytes'>
  lora.write used: list
→ Packet SENT
[AUDIO] Recording saved: ../recordings/clip_20251117_145646.wav
[AUDIO] ⚠️  Classification model not yet integrated - returning placeholder

============================================================
Timestamp: 2025-11-17 14:56:51
------------------------------------------------------------
🌡️  Temperature: 29.1°C (Normal)
💧 Humidity: 52.8% (Normal)
🔥 CO Level: 1637.3 ppm | Voltage: 0.582V | Rs: 75.87kΩ
   ⚠️  REMINDER: Calibrate R0 in clean air for accurate readings
📍 GPS: No data (check wiring or wait for warm-up)
🎤 Audio: LOW-RISK (not sent in reading packet)
============================================================

📡 LoRa JSON Packet Ready: {'type': 'reading', 'nodeID': 1, 'temp': 29.1, 'humidity': 52.8, 'co_ppm': 1637.3, 'latitude': None, 'longitude': None, 'altitude': None, 'gps_fix': False}
   JSON bytes len: 138 hex: 7b2274797065223a2272656164696e67222c226e6f64654944223a312c2274656d70223a32392e312c2268756d6964697479223a35322e382c22636f5f70706d223a313633372e332c226c61746974756465223a6e756c6c2c226c6f6e676974756465223a6e756c6c2c22616c746974756465223a6e756c6c2c226770735f666978223a66616c73657d
[LoRa][WARN] ⚠️  Payload appears identical to last packet!
--- Sending ABP Packet (FCnt=27) ---
  Encrypted payload len: 138
  Encrypted payload (hex): 35712fe1a1ade20051d938fd8911d1b6b77ea20c71c07543029fa9216c765c7b70bee5736b45c5be229f0da7c67f0b5af9d7293712bd916b65e00ac51382843890226cd2abf7949bc0ef00c5deae1695247f1526b1f64117477713ed1018a59bfa5a17569cc2280fee8d34e639ebc0bc3bca89a2486745b80d8cab5c7ff3374de23c75a2603b0a1b3b88
  Payload: 7b2274797065223a2272656164696e67222c226e6f64654944223a312c2274656d70223a32392e312c2268756d6964697479223a35322e382c22636f5f70706d223a313633372e332c226c61746974756465223a6e756c6c2c226c6f6e676974756465223a6e756c6c2c22616c746974756465223a6e756c6c2c226770735f666978223a66616c73657d
  PHY Pkt: 406b276000001b000135712fe1a1ade20051d938fd8911d1b6b77ea20c71c07543029fa9216c765c7b70bee5736b45c5be229f0da7c67f0b5af9d7293712bd916b65e00ac51382843890226cd2abf7949bc0ef00c5deae1695247f1526b1f64117477713ed1018a59bfa5a17569cc2280fee8d34e639ebc0bc3bca89a2486745b80d8cab5c7ff3374de23c75a2603b0a1b3b8889287eff
  PHY payload len: 151 type: <class 'bytes'>
  lora.write used: list
→ Packet SENT
[AUDIO] Recording saved: ../recordings/clip_20251117_145748.wav
[AUDIO] ⚠️  Classification model not yet integrated - returning placeholder

============================================================
Timestamp: 2025-11-17 14:57:53
------------------------------------------------------------
🌡️  Temperature: 29.1°C (Normal)
💧 Humidity: 52.8% (Normal)
🔥 CO Level: 1637.9 ppm | Voltage: 0.582V | Rs: 75.86kΩ
   ⚠️  REMINDER: Calibrate R0 in clean air for accurate readings
📍 GPS: No data (check wiring or wait for warm-up)
🎤 Audio: LOW-RISK (not sent in reading packet)
============================================================

📡 LoRa JSON Packet Ready: {'type': 'reading', 'nodeID': 1, 'temp': 29.1, 'humidity': 52.8, 'co_ppm': 1637.9, 'latitude': None, 'longitude': None, 'altitude': None, 'gps_fix': False}
   JSON bytes len: 138 hex: 7b2274797065223a2272656164696e67222c226e6f64654944223a312c2274656d70223a32392e312c2268756d6964697479223a35322e382c22636f5f70706d223a313633372e392c226c61746974756465223a6e756c6c2c226c6f6e676974756465223a6e756c6c2c22616c746974756465223a6e756c6c2c226770735f666978223a66616c73657d
--- Sending ABP Packet (FCnt=28) ---
  Encrypted payload len: 138
  Encrypted payload (hex): ef9376d14745f7e4b3ab592f2f6582a114c072f92edd78bc7bf15fd2cf1cda133d075f11a063a36fc52b593e6eff6a126aa9801ee2a13e06478f578fe1737a528ba66c3f3e082793402bff70cb64ef3600e1380df74ff11d5f2f9859b3b817edbf5fc8fccac7504e49bad086c8d6ae7d3760e9f30e4c7ff1b4310512621da6c9cc37c56b6e261cfe9811
  Payload: 7b2274797065223a2272656164696e67222c226e6f64654944223a312c2274656d70223a32392e312c2268756d6964697479223a35322e382c22636f5f70706d223a313633372e392c226c61746974756465223a6e756c6c2c226c6f6e676974756465223a6e756c6c2c22616c746974756465223a6e756c6c2c226770735f666978223a66616c73657d
  PHY Pkt: 406b276000001c0001ef9376d14745f7e4b3ab592f2f6582a114c072f92edd78bc7bf15fd2cf1cda133d075f11a063a36fc52b593e6eff6a126aa9801ee2a13e06478f578fe1737a528ba66c3f3e082793402bff70cb64ef3600e1380df74ff11d5f2f9859b3b817edbf5fc8fccac7504e49bad086c8d6ae7d3760e9f30e4c7ff1b4310512621da6c9cc37c56b6e261cfe98112aa292f0
  PHY payload len: 151 type: <class 'bytes'>
  lora.write used: list
→ Packet SENT
[AUDIO] Recording saved: ../recordings/clip_20251117_145850.wav
[AUDIO] ⚠️  Classification model not yet integrated - returning placeholder

============================================================
Timestamp: 2025-11-17 14:58:55
------------------------------------------------------------
🌡️  Temperature: 29.1°C (Normal)
💧 Humidity: 52.8% (Normal)
🔥 CO Level: 1637.9 ppm | Voltage: 0.582V | Rs: 75.86kΩ
   ⚠️  REMINDER: Calibrate R0 in clean air for accurate readings
📍 GPS: No data (check wiring or wait for warm-up)
🎤 Audio: LOW-RISK (not sent in reading packet)
============================================================

📡 LoRa JSON Packet Ready: {'type': 'reading', 'nodeID': 1, 'temp': 29.1, 'humidity': 52.8, 'co_ppm': 1637.9, 'latitude': None, 'longitude': None, 'altitude': None, 'gps_fix': False}
   JSON bytes len: 138 hex: 7b2274797065223a2272656164696e67222c226e6f64654944223a312c2274656d70223a32392e312c2268756d6964697479223a35322e382c22636f5f70706d223a313633372e392c226c61746974756465223a6e756c6c2c226c6f6e676974756465223a6e756c6c2c22616c746974756465223a6e756c6c2c226770735f666978223a66616c73657d
[LoRa][WARN] ⚠️  Payload appears identical to last packet!
--- Sending ABP Packet (FCnt=29) ---
  Encrypted payload len: 138
  Encrypted payload (hex): fd562bd9caf2d3941ba13366e3cdc849c0510f9a8a853e29b7d423de1984436107f6232f7ccb32fed8b0c06b8df2434ed2f3e01fd78e0fcf3e90638800f13a06e6046c13c2cf166bf5ef6262fc95b1169411a01c6a710c2b270a731308a19f3e34759ad682eaf738983f5d6b20716c0be1236214e1c61f86495252d9b922344c41fa2e500d37b708cb79
  Payload: 7b2274797065223a2272656164696e67222c226e6f64654944223a312c2274656d70223a32392e312c2268756d6964697479223a35322e382c22636f5f70706d223a313633372e392c226c61746974756465223a6e756c6c2c226c6f6e676974756465223a6e756c6c2c22616c746974756465223a6e756c6c2c226770735f666978223a66616c73657d
  PHY Pkt: 406b276000001d0001fd562bd9caf2d3941ba13366e3cdc849c0510f9a8a853e29b7d423de1984436107f6232f7ccb32fed8b0c06b8df2434ed2f3e01fd78e0fcf3e90638800f13a06e6046c13c2cf166bf5ef6262fc95b1169411a01c6a710c2b270a731308a19f3e34759ad682eaf738983f5d6b20716c0be1236214e1c61f86495252d9b922344c41fa2e500d37b708cb790f6d464d
  PHY payload len: 151 type: <class 'bytes'>
  lora.write used: list
→ Packet SENT
[AUDIO] Recording saved: ../recordings/clip_20251117_145953.wav
[AUDIO] ⚠️  Classification model not yet integrated - returning placeholder

============================================================
Timestamp: 2025-11-17 14:59:58
------------------------------------------------------------
🌡️  Temperature: 29.1°C (Normal)
💧 Humidity: 52.8% (Normal)
🔥 CO Level: 1639.1 ppm | Voltage: 0.583V | Rs: 75.82kΩ
   ⚠️  REMINDER: Calibrate R0 in clean air for accurate readings
📍 GPS: No data (check wiring or wait for warm-up)
🎤 Audio: LOW-RISK (not sent in reading packet)
============================================================

📡 LoRa JSON Packet Ready: {'type': 'reading', 'nodeID': 1, 'temp': 29.1, 'humidity': 52.8, 'co_ppm': 1639.1, 'latitude': None, 'longitude': None, 'altitude': None, 'gps_fix': False}
   JSON bytes len: 138 hex: 7b2274797065223a2272656164696e67222c226e6f64654944223a312c2274656d70223a32392e312c2268756d6964697479223a35322e382c22636f5f70706d223a313633392e312c226c61746974756465223a6e756c6c2c226c6f6e676974756465223a6e756c6c2c22616c746974756465223a6e756c6c2c226770735f666978223a66616c73657d
--- Sending ABP Packet (FCnt=30) ---
  Encrypted payload len: 138
  Encrypted payload (hex): 79c5d9e035faa5dbeb6b702291209af9229b5be2698735d173e879f2f2bd2e16cb44dd5cbd8622f12002d656e91f1208eafb2d361801aa94e3713372d2fc12e9326147e299db0963c91a8fde6f9e4e496b85ca5d8f8c925507e0fc8dd68724ac634335c83cb38fa43859f8ff7dc5376050a00ca374c944f7c48b2bb54aaf2cf1817ab9d32d82ea826df4
  Payload: 7b2274797065223a2272656164696e67222c226e6f64654944223a312c2274656d70223a32392e312c2268756d6964697479223a35322e382c22636f5f70706d223a313633392e312c226c61746974756465223a6e756c6c2c226c6f6e676974756465223a6e756c6c2c22616c746974756465223a6e756c6c2c226770735f666978223a66616c73657d
  PHY Pkt: 406b276000001e000179c5d9e035faa5dbeb6b702291209af9229b5be2698735d173e879f2f2bd2e16cb44dd5cbd8622f12002d656e91f1208eafb2d361801aa94e3713372d2fc12e9326147e299db0963c91a8fde6f9e4e496b85ca5d8f8c925507e0fc8dd68724ac634335c83cb38fa43859f8ff7dc5376050a00ca374c944f7c48b2bb54aaf2cf1817ab9d32d82ea826df493facbc0
  PHY payload len: 151 type: <class 'bytes'>
  lora.write used: list
→ Packet SENT
[AUDIO] Recording saved: ../recordings/clip_20251117_150055.wav
[AUDIO] ⚠️  Classification model not yet integrated - returning placeholder

============================================================
Timestamp: 2025-11-17 15:01:00
------------------------------------------------------------
🌡️  Temperature: 28.9°C (Normal)
💧 Humidity: 50.5% (Normal)
🔥 CO Level: 1638.5 ppm | Voltage: 0.583V | Rs: 75.84kΩ
   ⚠️  REMINDER: Calibrate R0 in clean air for accurate readings
📍 GPS: No data (check wiring or wait for warm-up)
🎤 Audio: LOW-RISK (not sent in reading packet)
============================================================

📡 LoRa JSON Packet Ready: {'type': 'reading', 'nodeID': 1, 'temp': 28.9, 'humidity': 50.5, 'co_ppm': 1638.5, 'latitude': None, 'longitude': None, 'altitude': None, 'gps_fix': False}
   JSON bytes len: 138 hex: 7b2274797065223a2272656164696e67222c226e6f64654944223a312c2274656d70223a32382e392c2268756d6964697479223a35302e352c22636f5f70706d223a313633382e352c226c61746974756465223a6e756c6c2c226c6f6e676974756465223a6e756c6c2c22616c746974756465223a6e756c6c2c226770735f666978223a66616c73657d
--- Sending ABP Packet (FCnt=31) ---
  Encrypted payload len: 138
  Encrypted payload (hex): 4d33df9f1dcc27bd67337426f0336619d26d6fa112f87ab20809e54170c696b092715ec4451f1abba08b696af618cb711b87c968ba62d244dd71f7d5cde116da03d736d752814fa4aba18faed196b491176767adb6eeae95a20343c716ac945a98b7054448a0e56e9af6e61fa5a279ae1214aef766f2a9bd04e439dfa039289306eedde2ba7cb96f1dda
  Payload: 7b2274797065223a2272656164696e67222c226e6f64654944223a312c2274656d70223a32382e392c2268756d6964697479223a35302e352c22636f5f70706d223a313633382e352c226c61746974756465223a6e756c6c2c226c6f6e676974756465223a6e756c6c2c22616c746974756465223a6e756c6c2c226770735f666978223a66616c73657d
  PHY Pkt: 406b276000001f00014d33df9f1dcc27bd67337426f0336619d26d6fa112f87ab20809e54170c696b092715ec4451f1abba08b696af618cb711b87c968ba62d244dd71f7d5cde116da03d736d752814fa4aba18faed196b491176767adb6eeae95a20343c716ac945a98b7054448a0e56e9af6e61fa5a279ae1214aef766f2a9bd04e439dfa039289306eedde2ba7cb96f1dda73edb03e
  PHY payload len: 151 type: <class 'bytes'>
  lora.write used: list
→ Packet SENT
[AUDIO] Recording saved: ../recordings/clip_20251117_150157.wav
[AUDIO] ⚠️  Classification model not yet integrated - returning placeholder

============================================================
Timestamp: 2025-11-17 15:02:02
------------------------------------------------------------
🌡️  Temperature: 28.9°C (Normal)
💧 Humidity: 50.5% (Normal)
🔥 CO Level: 1637.3 ppm | Voltage: 0.582V | Rs: 75.87kΩ
   ⚠️  REMINDER: Calibrate R0 in clean air for accurate readings
📍 GPS: No data (check wiring or wait for warm-up)
🎤 Audio: LOW-RISK (not sent in reading packet)
============================================================

📡 LoRa JSON Packet Ready: {'type': 'reading', 'nodeID': 1, 'temp': 28.9, 'humidity': 50.5, 'co_ppm': 1637.3, 'latitude': None, 'longitude': None, 'altitude': None, 'gps_fix': False}
   JSON bytes len: 138 hex: 7b2274797065223a2272656164696e67222c226e6f64654944223a312c2274656d70223a32382e392c2268756d6964697479223a35302e352c22636f5f70706d223a313633372e332c226c61746974756465223a6e756c6c2c226c6f6e676974756465223a6e756c6c2c22616c746974756465223a6e756c6c2c226770735f666978223a66616c73657d
--- Sending ABP Packet (FCnt=32) ---
  Encrypted payload len: 138
  Encrypted payload (hex): 8e3e40cdc67d6f7a3186fd747e848f3eb2804d51618562595b2b9c399f7b5e3b032ba64aa6e0570f1744ea8c884d5b8fcbb96516d5a07ed939a4054cb7aee8071fe4a7c00e2a6ee195a0a235fc256b018a04f245279a878e9d4080560c1da01026a98241402b2c4045d872e6586874121f240289470886a793d37d36aab8b8d82bf46b3fa2ceccde4484
  Payload: 7b2274797065223a2272656164696e67222c226e6f64654944223a312c2274656d70223a32382e392c2268756d6964697479223a35302e352c22636f5f70706d223a313633372e332c226c61746974756465223a6e756c6c2c226c6f6e676974756465223a6e756c6c2c22616c746974756465223a6e756c6c2c226770735f666978223a66616c73657d
  PHY Pkt: 406b276000002000018e3e40cdc67d6f7a3186fd747e848f3eb2804d51618562595b2b9c399f7b5e3b032ba64aa6e0570f1744ea8c884d5b8fcbb96516d5a07ed939a4054cb7aee8071fe4a7c00e2a6ee195a0a235fc256b018a04f245279a878e9d4080560c1da01026a98241402b2c4045d872e6586874121f240289470886a793d37d36aab8b8d82bf46b3fa2ceccde4484ae8858dd
  PHY payload len: 151 type: <class 'bytes'>
  lora.write used: list
→ Packet SENT
[AUDIO] Recording saved: ../recordings/clip_20251117_150259.wav
[AUDIO] ⚠️  Classification model not yet integrated - returning placeholder

============================================================
Timestamp: 2025-11-17 15:03:04
------------------------------------------------------------
🌡️  Temperature: 28.9°C (Normal)
💧 Humidity: 49.6% (Normal)
🔥 CO Level: 1640.3 ppm | Voltage: 0.583V | Rs: 75.78kΩ
   ⚠️  REMINDER: Calibrate R0 in clean air for accurate readings
📍 GPS: No data (check wiring or wait for warm-up)
🎤 Audio: LOW-RISK (not sent in reading packet)
============================================================

📡 LoRa JSON Packet Ready: {'type': 'reading', 'nodeID': 1, 'temp': 28.9, 'humidity': 49.6, 'co_ppm': 1640.3, 'latitude': None, 'longitude': None, 'altitude': None, 'gps_fix': False}
   JSON bytes len: 138 hex: 7b2274797065223a2272656164696e67222c226e6f64654944223a312c2274656d70223a32382e392c2268756d6964697479223a34392e362c22636f5f70706d223a313634302e332c226c61746974756465223a6e756c6c2c226c6f6e676974756465223a6e756c6c2c22616c746974756465223a6e756c6c2c226770735f666978223a66616c73657d
--- Sending ABP Packet (FCnt=33) ---
  Encrypted payload len: 138
  Encrypted payload (hex): 7b422ecf003cbb7be704a01ceecf793b9299c8ad7257810263f80bb37152b932e91b8100a4dc5e8357676bc1112c8fb56ec0af62603d84b9c273e16184cb697f8b2ebd257c40dfea19744bb1f79ca409a65a38d2c239f8ac8fbfa3a5fda34474333c2e8cf7a98bf209b7b6dc3af28d88b4e5379345b85421edc0f81ee7d98276765a7a2d595bdfec824d
  Payload: 7b2274797065223a2272656164696e67222c226e6f64654944223a312c2274656d70223a32382e392c2268756d6964697479223a34392e362c22636f5f70706d223a313634302e332c226c61746974756465223a6e756c6c2c226c6f6e676974756465223a6e756c6c2c22616c746974756465223a6e756c6c2c226770735f666978223a66616c73657d
  PHY Pkt: 406b276000002100017b422ecf003cbb7be704a01ceecf793b9299c8ad7257810263f80bb37152b932e91b8100a4dc5e8357676bc1112c8fb56ec0af62603d84b9c273e16184cb697f8b2ebd257c40dfea19744bb1f79ca409a65a38d2c239f8ac8fbfa3a5fda34474333c2e8cf7a98bf209b7b6dc3af28d88b4e5379345b85421edc0f81ee7d98276765a7a2d595bdfec824d1af144d0
  PHY payload len: 151 type: <class 'bytes'>
  lora.write used: list
→ Packet SENT
[AUDIO] Recording saved: ../recordings/clip_20251117_150401.wav
[AUDIO] ⚠️  Classification model not yet integrated - returning placeholder

============================================================
Timestamp: 2025-11-17 15:04:06
------------------------------------------------------------
🌡️  Temperature: 28.9°C (Normal)
💧 Humidity: 49.2% (Normal)
🔥 CO Level: 1639.7 ppm | Voltage: 0.583V | Rs: 75.8kΩ
   ⚠️  REMINDER: Calibrate R0 in clean air for accurate readings
📍 GPS: No data (check wiring or wait for warm-up)
🎤 Audio: LOW-RISK (not sent in reading packet)
============================================================

📡 LoRa JSON Packet Ready: {'type': 'reading', 'nodeID': 1, 'temp': 28.9, 'humidity': 49.2, 'co_ppm': 1639.7, 'latitude': None, 'longitude': None, 'altitude': None, 'gps_fix': False}
   JSON bytes len: 138 hex: 7b2274797065223a2272656164696e67222c226e6f64654944223a312c2274656d70223a32382e392c2268756d6964697479223a34392e322c22636f5f70706d223a313633392e372c226c61746974756465223a6e756c6c2c226c6f6e676974756465223a6e756c6c2c22616c746974756465223a6e756c6c2c226770735f666978223a66616c73657d
--- Sending ABP Packet (FCnt=34) ---
  Encrypted payload len: 138
  Encrypted payload (hex): 947434d547433c50848e00f5f08ed7d55ef8a2b4be322ebc0fc10751043a7543f6b9629c4a3119341b589be3980205df83104c578037f9e20c534d0948593b2b4adce9280b6c5f3cdeb8137560652b68e2779b4f6841354e0c24d93c089757e4b45f41773cc7b1fec5c8bd0ddd3c750eae8ec9bc16aa2410421d1ddfa26878e2edfae946364a35d38236
  Payload: 7b2274797065223a2272656164696e67222c226e6f64654944223a312c2274656d70223a32382e392c2268756d6964697479223a34392e322c22636f5f70706d223a313633392e372c226c61746974756465223a6e756c6c2c226c6f6e676974756465223a6e756c6c2c22616c746974756465223a6e756c6c2c226770735f666978223a66616c73657d
  PHY Pkt: 406b27600000220001947434d547433c50848e00f5f08ed7d55ef8a2b4be322ebc0fc10751043a7543f6b9629c4a3119341b589be3980205df83104c578037f9e20c534d0948593b2b4adce9280b6c5f3cdeb8137560652b68e2779b4f6841354e0c24d93c089757e4b45f41773cc7b1fec5c8bd0ddd3c750eae8ec9bc16aa2410421d1ddfa26878e2edfae946364a35d38236a16fd275
  PHY payload len: 151 type: <class 'bytes'>
  lora.write used: list
→ Packet SENT
[AUDIO] Recording saved: ../recordings/clip_20251117_150503.wav
[AUDIO] ⚠️  Classification model not yet integrated - returning placeholder

============================================================
Timestamp: 2025-11-17 15:05:08
------------------------------------------------------------
🌡️  Temperature: 28.9°C (Normal)
💧 Humidity: 49.2% (Normal)
🔥 CO Level: 1639.1 ppm | Voltage: 0.583V | Rs: 75.82kΩ
   ⚠️  REMINDER: Calibrate R0 in clean air for accurate readings
📍 GPS: No data (check wiring or wait for warm-up)
🎤 Audio: LOW-RISK (not sent in reading packet)
============================================================

📡 LoRa JSON Packet Ready: {'type': 'reading', 'nodeID': 1, 'temp': 28.9, 'humidity': 49.2, 'co_ppm': 1639.1, 'latitude': None, 'longitude': None, 'altitude': None, 'gps_fix': False}
   JSON bytes len: 138 hex: 7b2274797065223a2272656164696e67222c226e6f64654944223a312c2274656d70223a32382e392c2268756d6964697479223a34392e322c22636f5f70706d223a313633392e312c226c61746974756465223a6e756c6c2c226c6f6e676974756465223a6e756c6c2c22616c746974756465223a6e756c6c2c226770735f666978223a66616c73657d
--- Sending ABP Packet (FCnt=35) ---
  Encrypted payload len: 138
  Encrypted payload (hex): 19d512d3f229db9fdcf1fe5e0862508f4e188151b535f0f5a71e64c2a8ab8d3d087de67b79d1040e80560891a43139fdbd769af178ad3cc59b67b6c71e6001bfe2ad649141eee81dcde5c9eddd9b4c926979aebbc6651ccef246bc9d2ffb7283d86cefbda9117889cda36daad7276e5eddfdf98c532ce90212f7f5dcffe8c9af15de9bdef1ae8977b420
  Payload: 7b2274797065223a2272656164696e67222c226e6f64654944223a312c2274656d70223a32382e392c2268756d6964697479223a34392e322c22636f5f70706d223a313633392e312c226c61746974756465223a6e756c6c2c226c6f6e676974756465223a6e756c6c2c22616c746974756465223a6e756c6c2c226770735f666978223a66616c73657d
  PHY Pkt: 406b2760000023000119d512d3f229db9fdcf1fe5e0862508f4e188151b535f0f5a71e64c2a8ab8d3d087de67b79d1040e80560891a43139fdbd769af178ad3cc59b67b6c71e6001bfe2ad649141eee81dcde5c9eddd9b4c926979aebbc6651ccef246bc9d2ffb7283d86cefbda9117889cda36daad7276e5eddfdf98c532ce90212f7f5dcffe8c9af15de9bdef1ae8977b420ea33ecb0
  PHY payload len: 151 type: <class 'bytes'>
  lora.write used: list
→ Packet SENT
[AUDIO] Recording saved: ../recordings/clip_20251117_150605.wav
[AUDIO] ⚠️  Classification model not yet integrated - returning placeholder

============================================================
Timestamp: 2025-11-17 15:06:10
------------------------------------------------------------
🌡️  Temperature: 29.0°C (Normal)
💧 Humidity: 49.6% (Normal)
🔥 CO Level: 1639.1 ppm | Voltage: 0.583V | Rs: 75.82kΩ
   ⚠️  REMINDER: Calibrate R0 in clean air for accurate readings
📍 GPS: No data (check wiring or wait for warm-up)
🎤 Audio: LOW-RISK (not sent in reading packet)
============================================================

📡 LoRa JSON Packet Ready: {'type': 'reading', 'nodeID': 1, 'temp': 29.0, 'humidity': 49.6, 'co_ppm': 1639.1, 'latitude': None, 'longitude': None, 'altitude': None, 'gps_fix': False}
   JSON bytes len: 138 hex: 7b2274797065223a2272656164696e67222c226e6f64654944223a312c2274656d70223a32392e302c2268756d6964697479223a34392e362c22636f5f70706d223a313633392e312c226c61746974756465223a6e756c6c2c226c6f6e676974756465223a6e756c6c2c22616c746974756465223a6e756c6c2c226770735f666978223a66616c73657d
--- Sending ABP Packet (FCnt=36) ---
  Encrypted payload len: 138
  Encrypted payload (hex): cd0de34c1622869f8aa435a39836f9125315309b71a9a9696c916c69e110d37cb50a2087e985e84b6f6de648e1bf11777b55ff73ecd282fd20e55a7afa864df3f13a13982f539fa0a97f7c5044a2d8f31af5dc766f7f6cf5c5ea53a9957339edc124380a13047819dffa8ccf1b258e15706c3bfa04c450f226ddf64e460e5fb3bfe30b96b2926f59084f
  Payload: 7b2274797065223a2272656164696e67222c226e6f64654944223a312c2274656d70223a32392e302c2268756d6964697479223a34392e362c22636f5f70706d223a313633392e312c226c61746974756465223a6e756c6c2c226c6f6e676974756465223a6e756c6c2c22616c746974756465223a6e756c6c2c226770735f666978223a66616c73657d
  PHY Pkt: 406b27600000240001cd0de34c1622869f8aa435a39836f9125315309b71a9a9696c916c69e110d37cb50a2087e985e84b6f6de648e1bf11777b55ff73ecd282fd20e55a7afa864df3f13a13982f539fa0a97f7c5044a2d8f31af5dc766f7f6cf5c5ea53a9957339edc124380a13047819dffa8ccf1b258e15706c3bfa04c450f226ddf64e460e5fb3bfe30b96b2926f59084febddc561
  PHY payload len: 151 type: <class 'bytes'>
  lora.write used: list
→ Packet SENT
[AUDIO] Recording saved: ../recordings/clip_20251117_150707.wav
[AUDIO] ⚠️  Classification model not yet integrated - returning placeholder

============================================================
Timestamp: 2025-11-17 15:07:12
------------------------------------------------------------
🌡️  Temperature: 29.0°C (Normal)
💧 Humidity: 49.6% (Normal)
🔥 CO Level: 1641.5 ppm | Voltage: 0.583V | Rs: 75.74kΩ
   ⚠️  REMINDER: Calibrate R0 in clean air for accurate readings
📍 GPS: No data (check wiring or wait for warm-up)
🎤 Audio: LOW-RISK (not sent in reading packet)
============================================================

📡 LoRa JSON Packet Ready: {'type': 'reading', 'nodeID': 1, 'temp': 29.0, 'humidity': 49.6, 'co_ppm': 1641.5, 'latitude': None, 'longitude': None, 'altitude': None, 'gps_fix': False}
   JSON bytes len: 138 hex: 7b2274797065223a2272656164696e67222c226e6f64654944223a312c2274656d70223a32392e302c2268756d6964697479223a34392e362c22636f5f70706d223a313634312e352c226c61746974756465223a6e756c6c2c226c6f6e676974756465223a6e756c6c2c22616c746974756465223a6e756c6c2c226770735f666978223a66616c73657d
--- Sending ABP Packet (FCnt=37) ---
  Encrypted payload len: 138
  Encrypted payload (hex): 8e350cd30748f8ecbaa75bc910957580529c4b6c4995bdb696574f3707cb04bb980ad1582bd0fc28beb87be448991fee3d03c98bced05bccae97726a5acebe440a0d10dde4c8da52295fca42a6cc99ac5e8f75e55272993baa0881dc2bbb6466056404aa1a7f4b8b56e474187d0f20a742869a3831ad812837c2b4210e03c69293a3b1532f00d0e959dd
  Payload: 7b2274797065223a2272656164696e67222c226e6f64654944223a312c2274656d70223a32392e302c2268756d6964697479223a34392e362c22636f5f70706d223a313634312e352c226c61746974756465223a6e756c6c2c226c6f6e676974756465223a6e756c6c2c22616c746974756465223a6e756c6c2c226770735f666978223a66616c73657d
  PHY Pkt: 406b276000002500018e350cd30748f8ecbaa75bc910957580529c4b6c4995bdb696574f3707cb04bb980ad1582bd0fc28beb87be448991fee3d03c98bced05bccae97726a5acebe440a0d10dde4c8da52295fca42a6cc99ac5e8f75e55272993baa0881dc2bbb6466056404aa1a7f4b8b56e474187d0f20a742869a3831ad812837c2b4210e03c69293a3b1532f00d0e959dd63326090
  PHY payload len: 151 type: <class 'bytes'>
  lora.write used: list
→ Packet SENT
[AUDIO] Recording saved: ../recordings/clip_20251117_150809.wav
[AUDIO] ⚠️  Classification model not yet integrated - returning placeholder

============================================================
Timestamp: 2025-11-17 15:08:14
------------------------------------------------------------
🌡️  Temperature: 29.0°C (Normal)
💧 Humidity: 50.4% (Normal)
🔥 CO Level: 1639.7 ppm | Voltage: 0.583V | Rs: 75.8kΩ
   ⚠️  REMINDER: Calibrate R0 in clean air for accurate readings
📍 GPS: No data (check wiring or wait for warm-up)
🎤 Audio: LOW-RISK (not sent in reading packet)
============================================================

📡 LoRa JSON Packet Ready: {'type': 'reading', 'nodeID': 1, 'temp': 29.0, 'humidity': 50.4, 'co_ppm': 1639.7, 'latitude': None, 'longitude': None, 'altitude': None, 'gps_fix': False}
   JSON bytes len: 138 hex: 7b2274797065223a2272656164696e67222c226e6f64654944223a312c2274656d70223a32392e302c2268756d6964697479223a35302e342c22636f5f70706d223a313633392e372c226c61746974756465223a6e756c6c2c226c6f6e676974756465223a6e756c6c2c22616c746974756465223a6e756c6c2c226770735f666978223a66616c73657d
--- Sending ABP Packet (FCnt=38) ---
  Encrypted payload len: 138
  Encrypted payload (hex): 055c32cf0176d2a3dc6b3bf9b0385aa48516d0a3c54295e74cc7684f41bbfb11a99fa5de0b32a977be0e12e3b0bbeb6bf56f0f3c952ce68a7acb982d013f7e75582623c2c744f98ca6344a4c436d5e55a35284fe15bff598181b91437176ee4cf280deb7cff354fa2243069d7adbbf7c478b8faf910dd0daa9ae10d8b5159402c0db4fb17352d05ef819
  Payload: 7b2274797065223a2272656164696e67222c226e6f64654944223a312c2274656d70223a32392e302c2268756d6964697479223a35302e342c22636f5f70706d223a313633392e372c226c61746974756465223a6e756c6c2c226c6f6e676974756465223a6e756c6c2c22616c746974756465223a6e756c6c2c226770735f666978223a66616c73657d
  PHY Pkt: 406b27600000260001055c32cf0176d2a3dc6b3bf9b0385aa48516d0a3c54295e74cc7684f41bbfb11a99fa5de0b32a977be0e12e3b0bbeb6bf56f0f3c952ce68a7acb982d013f7e75582623c2c744f98ca6344a4c436d5e55a35284fe15bff598181b91437176ee4cf280deb7cff354fa2243069d7adbbf7c478b8faf910dd0daa9ae10d8b5159402c0db4fb17352d05ef8195f7a72d3
  PHY payload len: 151 type: <class 'bytes'>
  lora.write used: list
→ Packet SENT
[AUDIO] Recording saved: ../recordings/clip_20251117_150911.wav
[AUDIO] ⚠️  Classification model not yet integrated - returning placeholder

============================================================
Timestamp: 2025-11-17 15:09:16
------------------------------------------------------------
🌡️  Temperature: 29.0°C (Normal)
💧 Humidity: 51.0% (Normal)
🔥 CO Level: 1640.3 ppm | Voltage: 0.583V | Rs: 75.78kΩ
   ⚠️  REMINDER: Calibrate R0 in clean air for accurate readings
📍 GPS: No data (check wiring or wait for warm-up)
🎤 Audio: LOW-RISK (not sent in reading packet)
============================================================

📡 LoRa JSON Packet Ready: {'type': 'reading', 'nodeID': 1, 'temp': 29.0, 'humidity': 51.0, 'co_ppm': 1640.3, 'latitude': None, 'longitude': None, 'altitude': None, 'gps_fix': False}
   JSON bytes len: 138 hex: 7b2274797065223a2272656164696e67222c226e6f64654944223a312c2274656d70223a32392e302c2268756d6964697479223a35312e302c22636f5f70706d223a313634302e332c226c61746974756465223a6e756c6c2c226c6f6e676974756465223a6e756c6c2c22616c746974756465223a6e756c6c2c226770735f666978223a66616c73657d
--- Sending ABP Packet (FCnt=39) ---
  Encrypted payload len: 138
  Encrypted payload (hex): fe2e1d371f7d852338f60e089a18d9b65310741abd5e79a5f094ce2af72a73ff4d9063e1aa26eafe68c1af7e6f1af4da4abe82a7a950dcabbdb2c94af94fc790e035bfb673aa97111aba5484fcc5e0b969615cb1abae21979e07cc9399f7d66067b137112ad6a756ea54c06075c796ac6a09edaed9834aa2407c1abea4158f03cad864de4a54cf687e89
  Payload: 7b2274797065223a2272656164696e67222c226e6f64654944223a312c2274656d70223a32392e302c2268756d6964697479223a35312e302c22636f5f70706d223a313634302e332c226c61746974756465223a6e756c6c2c226c6f6e676974756465223a6e756c6c2c22616c746974756465223a6e756c6c2c226770735f666978223a66616c73657d
  PHY Pkt: 406b27600000270001fe2e1d371f7d852338f60e089a18d9b65310741abd5e79a5f094ce2af72a73ff4d9063e1aa26eafe68c1af7e6f1af4da4abe82a7a950dcabbdb2c94af94fc790e035bfb673aa97111aba5484fcc5e0b969615cb1abae21979e07cc9399f7d66067b137112ad6a756ea54c06075c796ac6a09edaed9834aa2407c1abea4158f03cad864de4a54cf687e89d5176e3d
  PHY payload len: 151 type: <class 'bytes'>
  lora.write used: list
→ Packet SENT
[AUDIO] Recording saved: ../recordings/clip_20251117_151013.wav
[AUDIO] ⚠️  Classification model not yet integrated - returning placeholder

============================================================
Timestamp: 2025-11-17 15:10:18
------------------------------------------------------------
🌡️  Temperature: 29.1°C (Normal)
💧 Humidity: 51.4% (Normal)
🔥 CO Level: 1642.1 ppm | Voltage: 0.583V | Rs: 75.73kΩ
   ⚠️  REMINDER: Calibrate R0 in clean air for accurate readings
📍 GPS: No data (check wiring or wait for warm-up)
🎤 Audio: LOW-RISK (not sent in reading packet)
============================================================

📡 LoRa JSON Packet Ready: {'type': 'reading', 'nodeID': 1, 'temp': 29.1, 'humidity': 51.4, 'co_ppm': 1642.1, 'latitude': None, 'longitude': None, 'altitude': None, 'gps_fix': False}
   JSON bytes len: 138 hex: 7b2274797065223a2272656164696e67222c226e6f64654944223a312c2274656d70223a32392e312c2268756d6964697479223a35312e342c22636f5f70706d223a313634322e312c226c61746974756465223a6e756c6c2c226c6f6e676974756465223a6e756c6c2c22616c746974756465223a6e756c6c2c226770735f666978223a66616c73657d
--- Sending ABP Packet (FCnt=40) ---
  Encrypted payload len: 138
  Encrypted payload (hex): 4fe96ea9d74e2626f4674cf00dc504e2f30167a109ad74eaa82a3c163626424e867f346b7aeb0e524c6b1e6d7311ae61a3c90b9f24a5a82356cb06a896c6da13a41e2dab672584741c81c04bcdb7068c15e927c80b542abffd42059368b84637c7b1c6ec7919a94a9170aa7f40b19f69304d0f40659c79a3cc2bc11b8302a4a002d0a8f9f6c1c48704b0
  Payload: 7b2274797065223a2272656164696e67222c226e6f64654944223a312c2274656d70223a32392e312c2268756d6964697479223a35312e342c22636f5f70706d223a313634322e312c226c61746974756465223a6e756c6c2c226c6f6e676974756465223a6e756c6c2c22616c746974756465223a6e756c6c2c226770735f666978223a66616c73657d
  PHY Pkt: 406b276000002800014fe96ea9d74e2626f4674cf00dc504e2f30167a109ad74eaa82a3c163626424e867f346b7aeb0e524c6b1e6d7311ae61a3c90b9f24a5a82356cb06a896c6da13a41e2dab672584741c81c04bcdb7068c15e927c80b542abffd42059368b84637c7b1c6ec7919a94a9170aa7f40b19f69304d0f40659c79a3cc2bc11b8302a4a002d0a8f9f6c1c48704b0a0ca6b20
  PHY payload len: 151 type: <class 'bytes'>
  lora.write used: list
→ Packet SENT
[AUDIO] Recording saved: ../recordings/clip_20251117_151115.wav
[AUDIO] ⚠️  Classification model not yet integrated - returning placeholder

============================================================
Timestamp: 2025-11-17 15:11:20
------------------------------------------------------------
🌡️  Temperature: 29.1°C (Normal)
💧 Humidity: 51.4% (Normal)
🔥 CO Level: 1638.5 ppm | Voltage: 0.583V | Rs: 75.84kΩ
   ⚠️  REMINDER: Calibrate R0 in clean air for accurate readings
📍 GPS: No data (check wiring or wait for warm-up)
🎤 Audio: LOW-RISK (not sent in reading packet)
============================================================

📡 LoRa JSON Packet Ready: {'type': 'reading', 'nodeID': 1, 'temp': 29.1, 'humidity': 51.4, 'co_ppm': 1638.5, 'latitude': None, 'longitude': None, 'altitude': None, 'gps_fix': False}
   JSON bytes len: 138 hex: 7b2274797065223a2272656164696e67222c226e6f64654944223a312c2274656d70223a32392e312c2268756d6964697479223a35312e342c22636f5f70706d223a313633382e352c226c61746974756465223a6e756c6c2c226c6f6e676974756465223a6e756c6c2c22616c746974756465223a6e756c6c2c226770735f666978223a66616c73657d
--- Sending ABP Packet (FCnt=41) ---
  Encrypted payload len: 138
  Encrypted payload (hex): 7e25c0adce48090224a73ea373694de8133d06b9fdd6a8bfe6cd8298571a51280eb7745c5851c44985a9e19a3c1609069a330231dabdb5ee7c88b989d1e9af6eebe78e184e090787cddf976a97769f2b1682adb6869e63fa57794648ee59ee4ee87a42ff1128f96c25111d58b26ede8d2048c3c562d2a5a013d9fae72c45ed967dfeee4c3da89e252eea
  Payload: 7b2274797065223a2272656164696e67222c226e6f64654944223a312c2274656d70223a32392e312c2268756d6964697479223a35312e342c22636f5f70706d223a313633382e352c226c61746974756465223a6e756c6c2c226c6f6e676974756465223a6e756c6c2c22616c746974756465223a6e756c6c2c226770735f666978223a66616c73657d
  PHY Pkt: 406b276000002900017e25c0adce48090224a73ea373694de8133d06b9fdd6a8bfe6cd8298571a51280eb7745c5851c44985a9e19a3c1609069a330231dabdb5ee7c88b989d1e9af6eebe78e184e090787cddf976a97769f2b1682adb6869e63fa57794648ee59ee4ee87a42ff1128f96c25111d58b26ede8d2048c3c562d2a5a013d9fae72c45ed967dfeee4c3da89e252eeac5a49941
  PHY payload len: 151 type: <class 'bytes'>
  lora.write used: list
→ Packet SENT
[AUDIO] Recording saved: ../recordings/clip_20251117_151218.wav
[AUDIO] ⚠️  Classification model not yet integrated - returning placeholder

============================================================
Timestamp: 2025-11-17 15:12:23
------------------------------------------------------------
🌡️  Temperature: 29.1°C (Normal)
💧 Humidity: 51.4% (Normal)
🔥 CO Level: 1640.3 ppm | Voltage: 0.583V | Rs: 75.78kΩ
   ⚠️  REMINDER: Calibrate R0 in clean air for accurate readings
📍 GPS: No data (check wiring or wait for warm-up)
🎤 Audio: LOW-RISK (not sent in reading packet)
============================================================

📡 LoRa JSON Packet Ready: {'type': 'reading', 'nodeID': 1, 'temp': 29.1, 'humidity': 51.4, 'co_ppm': 1640.3, 'latitude': None, 'longitude': None, 'altitude': None, 'gps_fix': False}
   JSON bytes len: 138 hex: 7b2274797065223a2272656164696e67222c226e6f64654944223a312c2274656d70223a32392e312c2268756d6964697479223a35312e342c22636f5f70706d223a313634302e332c226c61746974756465223a6e756c6c2c226c6f6e676974756465223a6e756c6c2c22616c746974756465223a6e756c6c2c226770735f666978223a66616c73657d
--- Sending ABP Packet (FCnt=42) ---
  Encrypted payload len: 138
  Encrypted payload (hex): b7f8cf4ead454e1d2b1c7be67e4c06d67623d56f43dfbe19f3c95d972736774a769ccdbdb087ec6a9c7de9b11a82277f123c941a3cf7465d9b1f4ee5064013acc902eac9589dddc499f947d3cd9b049511f66d34bba9c1f99c457743a660d726edf5e3b9b7b63ab306f88c6fc93dbdbd16ecbed7436369be1395301f253afadfd386742d991e49026899
  Payload: 7b2274797065223a2272656164696e67222c226e6f64654944223a312c2274656d70223a32392e312c2268756d6964697479223a35312e342c22636f5f70706d223a313634302e332c226c61746974756465223a6e756c6c2c226c6f6e676974756465223a6e756c6c2c22616c746974756465223a6e756c6c2c226770735f666978223a66616c73657d
  PHY Pkt: 406b276000002a0001b7f8cf4ead454e1d2b1c7be67e4c06d67623d56f43dfbe19f3c95d972736774a769ccdbdb087ec6a9c7de9b11a82277f123c941a3cf7465d9b1f4ee5064013acc902eac9589dddc499f947d3cd9b049511f66d34bba9c1f99c457743a660d726edf5e3b9b7b63ab306f88c6fc93dbdbd16ecbed7436369be1395301f253afadfd386742d991e49026899bb61d2e9
  PHY payload len: 151 type: <class 'bytes'>
  lora.write used: list
→ Packet SENT
[AUDIO] Recording saved: ../recordings/clip_20251117_151320.wav
[AUDIO] ⚠️  Classification model not yet integrated - returning placeholder

============================================================
Timestamp: 2025-11-17 15:13:25
------------------------------------------------------------
🌡️  Temperature: 29.1°C (Normal)
💧 Humidity: 51.4% (Normal)
🔥 CO Level: 1640.9 ppm | Voltage: 0.583V | Rs: 75.76kΩ
   ⚠️  REMINDER: Calibrate R0 in clean air for accurate readings
📍 GPS: No data (check wiring or wait for warm-up)
🎤 Audio: LOW-RISK (not sent in reading packet)
============================================================

📡 LoRa JSON Packet Ready: {'type': 'reading', 'nodeID': 1, 'temp': 29.1, 'humidity': 51.4, 'co_ppm': 1640.9, 'latitude': None, 'longitude': None, 'altitude': None, 'gps_fix': False}
   JSON bytes len: 138 hex: 7b2274797065223a2272656164696e67222c226e6f64654944223a312c2274656d70223a32392e312c2268756d6964697479223a35312e342c22636f5f70706d223a313634302e392c226c61746974756465223a6e756c6c2c226c6f6e676974756465223a6e756c6c2c22616c746974756465223a6e756c6c2c226770735f666978223a66616c73657d
--- Sending ABP Packet (FCnt=43) ---
  Encrypted payload len: 138
  Encrypted payload (hex): 4f558b0d9542349468261b5eb3478d299c18e55389bdcd8cb531483d6667456746821453d7e8a76ac317d38e80df9f3306d2f9e2fb92a3747d332c01fb7ed5d6492c6713cac646046dd5ee055091f97249d04753a977e672e84f53dd86883f7ee8dfb6aa58483d49797d5d02fa839f874db41d997eca48a65c95f20afcf88590cfa82f3b6f18d9c2efa8
  Payload: 7b2274797065223a2272656164696e67222c226e6f64654944223a312c2274656d70223a32392e312c2268756d6964697479223a35312e342c22636f5f70706d223a313634302e392c226c61746974756465223a6e756c6c2c226c6f6e676974756465223a6e756c6c2c22616c746974756465223a6e756c6c2c226770735f666978223a66616c73657d
  PHY Pkt: 406b276000002b00014f558b0d9542349468261b5eb3478d299c18e55389bdcd8cb531483d6667456746821453d7e8a76ac317d38e80df9f3306d2f9e2fb92a3747d332c01fb7ed5d6492c6713cac646046dd5ee055091f97249d04753a977e672e84f53dd86883f7ee8dfb6aa58483d49797d5d02fa839f874db41d997eca48a65c95f20afcf88590cfa82f3b6f18d9c2efa84293a6bd
  PHY payload len: 151 type: <class 'bytes'>
  lora.write used: list
→ Packet SENT
[AUDIO] Recording saved: ../recordings/clip_20251117_151422.wav
[AUDIO] ⚠️  Classification model not yet integrated - returning placeholder

============================================================
Timestamp: 2025-11-17 15:14:27
------------------------------------------------------------
🌡️  Temperature: 29.4°C (Normal)
💧 Humidity: 52.6% (Normal)
🔥 CO Level: 1636.1 ppm | Voltage: 0.582V | Rs: 75.91kΩ
   ⚠️  REMINDER: Calibrate R0 in clean air for accurate readings
📍 GPS: No data (check wiring or wait for warm-up)
🎤 Audio: LOW-RISK (not sent in reading packet)
============================================================

📡 LoRa JSON Packet Ready: {'type': 'reading', 'nodeID': 1, 'temp': 29.4, 'humidity': 52.6, 'co_ppm': 1636.1, 'latitude': None, 'longitude': None, 'altitude': None, 'gps_fix': False}
   JSON bytes len: 138 hex: 7b2274797065223a2272656164696e67222c226e6f64654944223a312c2274656d70223a32392e342c2268756d6964697479223a35322e362c22636f5f70706d223a313633362e312c226c61746974756465223a6e756c6c2c226c6f6e676974756465223a6e756c6c2c22616c746974756465223a6e756c6c2c226770735f666978223a66616c73657d
--- Sending ABP Packet (FCnt=44) ---
  Encrypted payload len: 138
  Encrypted payload (hex): f1f3bb3002ff4ffc81ebf199e5b5ff5c65c3c2196206c2fac6be16c7345bfa4da060005cc0eeccc036e8f95a7e8f83abbaf1aae4234760074c1a25e7975037a3dedefa764c17e5ad8e5d0e5883d051a676ff6efe4bbe86e1cad8316c93f8cf19532176d45f12dc54bd998d3ba11e5841d848a2f600f85509750dda4379e91565de63534a3e9f79d740a5
  Payload: 7b2274797065223a2272656164696e67222c226e6f64654944223a312c2274656d70223a32392e342c2268756d6964697479223a35322e362c22636f5f70706d223a313633362e312c226c61746974756465223a6e756c6c2c226c6f6e676974756465223a6e756c6c2c22616c746974756465223a6e756c6c2c226770735f666978223a66616c73657d
  PHY Pkt: 406b276000002c0001f1f3bb3002ff4ffc81ebf199e5b5ff5c65c3c2196206c2fac6be16c7345bfa4da060005cc0eeccc036e8f95a7e8f83abbaf1aae4234760074c1a25e7975037a3dedefa764c17e5ad8e5d0e5883d051a676ff6efe4bbe86e1cad8316c93f8cf19532176d45f12dc54bd998d3ba11e5841d848a2f600f85509750dda4379e91565de63534a3e9f79d740a569b326d7
  PHY payload len: 151 type: <class 'bytes'>
  lora.write used: list
→ Packet SENT
[AUDIO] Recording saved: ../recordings/clip_20251117_151524.wav
[AUDIO] ⚠️  Classification model not yet integrated - returning placeholder

============================================================
Timestamp: 2025-11-17 15:15:29
------------------------------------------------------------
🌡️  Temperature: 29.6°C (Normal)
💧 Humidity: 52.6% (Normal)
🔥 CO Level: 1636.7 ppm | Voltage: 0.582V | Rs: 75.89kΩ
   ⚠️  REMINDER: Calibrate R0 in clean air for accurate readings
📍 GPS: No data (check wiring or wait for warm-up)
🎤 Audio: LOW-RISK (not sent in reading packet)
============================================================

📡 LoRa JSON Packet Ready: {'type': 'reading', 'nodeID': 1, 'temp': 29.6, 'humidity': 52.6, 'co_ppm': 1636.7, 'latitude': None, 'longitude': None, 'altitude': None, 'gps_fix': False}
   JSON bytes len: 138 hex: 7b2274797065223a2272656164696e67222c226e6f64654944223a312c2274656d70223a32392e362c2268756d6964697479223a35322e362c22636f5f70706d223a313633362e372c226c61746974756465223a6e756c6c2c226c6f6e676974756465223a6e756c6c2c22616c746974756465223a6e756c6c2c226770735f666978223a66616c73657d
--- Sending ABP Packet (FCnt=45) ---
  Encrypted payload len: 138
  Encrypted payload (hex): c55f7755043f4ef2f41828521a91ae660685ac54e214dcee95832dd6ed028e430e58b50b76ef847335a824610a99f404ad82e2dd793a61a090e63022ac33de699e8441dc1957e7aba36917e25c9012bc7048669e05d5e48bb6adcaf5e11591162e6e764bdeb00767bac17e0f130ae2237773900c8c5ec629f9cca254b933ec488cb325f3df4cc975780b
  Payload: 7b2274797065223a2272656164696e67222c226e6f64654944223a312c2274656d70223a32392e362c2268756d6964697479223a35322e362c22636f5f70706d223a313633362e372c226c61746974756465223a6e756c6c2c226c6f6e676974756465223a6e756c6c2c22616c746974756465223a6e756c6c2c226770735f666978223a66616c73657d
  PHY Pkt: 406b276000002d0001c55f7755043f4ef2f41828521a91ae660685ac54e214dcee95832dd6ed028e430e58b50b76ef847335a824610a99f404ad82e2dd793a61a090e63022ac33de699e8441dc1957e7aba36917e25c9012bc7048669e05d5e48bb6adcaf5e11591162e6e764bdeb00767bac17e0f130ae2237773900c8c5ec629f9cca254b933ec488cb325f3df4cc975780b32715af9
  PHY payload len: 151 type: <class 'bytes'>
  lora.write used: list
→ Packet SENT
[AUDIO] Recording saved: ../recordings/clip_20251117_151626.wav
[AUDIO] ⚠️  Classification model not yet integrated - returning placeholder

============================================================
Timestamp: 2025-11-17 15:16:31
------------------------------------------------------------
🌡️  Temperature: 29.6°C (Normal)
💧 Humidity: 52.8% (Normal)
🔥 CO Level: 1635.5 ppm | Voltage: 0.582V | Rs: 75.93kΩ
   ⚠️  REMINDER: Calibrate R0 in clean air for accurate readings
📍 GPS: No data (check wiring or wait for warm-up)
🎤 Audio: LOW-RISK (not sent in reading packet)
============================================================

📡 LoRa JSON Packet Ready: {'type': 'reading', 'nodeID': 1, 'temp': 29.6, 'humidity': 52.8, 'co_ppm': 1635.5, 'latitude': None, 'longitude': None, 'altitude': None, 'gps_fix': False}
   JSON bytes len: 138 hex: 7b2274797065223a2272656164696e67222c226e6f64654944223a312c2274656d70223a32392e362c2268756d6964697479223a35322e382c22636f5f70706d223a313633352e352c226c61746974756465223a6e756c6c2c226c6f6e676974756465223a6e756c6c2c22616c746974756465223a6e756c6c2c226770735f666978223a66616c73657d
--- Sending ABP Packet (FCnt=46) ---
  Encrypted payload len: 138
  Encrypted payload (hex): 723d0d9f0dc76b0bbadb9361cf8394a314c6ddf7defc2ede5d019af3767beda2da84055ea0f83df19e95a519fc31944eead25053ab40372cac87ea31f35fa7f086016cab8bc595a3cf6643f62290957a6f9b0466f1d98798a11ceccfc47c875a7312519935a5a3b3e3400a1d171686dcb3f5dfd70ce6e4c10d5068c08ea48129b3580b84ce2ab8a134fd
  Payload: 7b2274797065223a2272656164696e67222c226e6f64654944223a312c2274656d70223a32392e362c2268756d6964697479223a35322e382c22636f5f70706d223a313633352e352c226c61746974756465223a6e756c6c2c226c6f6e676974756465223a6e756c6c2c22616c746974756465223a6e756c6c2c226770735f666978223a66616c73657d
  PHY Pkt: 406b276000002e0001723d0d9f0dc76b0bbadb9361cf8394a314c6ddf7defc2ede5d019af3767beda2da84055ea0f83df19e95a519fc31944eead25053ab40372cac87ea31f35fa7f086016cab8bc595a3cf6643f62290957a6f9b0466f1d98798a11ceccfc47c875a7312519935a5a3b3e3400a1d171686dcb3f5dfd70ce6e4c10d5068c08ea48129b3580b84ce2ab8a134fdf3bb23ee
  PHY payload len: 151 type: <class 'bytes'>
  lora.write used: list
→ Packet SENT
[AUDIO] Recording saved: ../recordings/clip_20251117_151728.wav
[AUDIO] ⚠️  Classification model not yet integrated - returning placeholder

============================================================
Timestamp: 2025-11-17 15:17:33
------------------------------------------------------------
🌡️  Temperature: 29.7°C (Normal)
💧 Humidity: 53.2% (Normal)
🔥 CO Level: 1636.1 ppm | Voltage: 0.582V | Rs: 75.91kΩ
   ⚠️  REMINDER: Calibrate R0 in clean air for accurate readings
📍 GPS: No data (check wiring or wait for warm-up)
🎤 Audio: LOW-RISK (not sent in reading packet)
============================================================

📡 LoRa JSON Packet Ready: {'type': 'reading', 'nodeID': 1, 'temp': 29.7, 'humidity': 53.2, 'co_ppm': 1636.1, 'latitude': None, 'longitude': None, 'altitude': None, 'gps_fix': False}
   JSON bytes len: 138 hex: 7b2274797065223a2272656164696e67222c226e6f64654944223a312c2274656d70223a32392e372c2268756d6964697479223a35332e322c22636f5f70706d223a313633362e312c226c61746974756465223a6e756c6c2c226c6f6e676974756465223a6e756c6c2c22616c746974756465223a6e756c6c2c226770735f666978223a66616c73657d
--- Sending ABP Packet (FCnt=47) ---
  Encrypted payload len: 138
  Encrypted payload (hex): 33227c09567ea924ae3e6477a5a6fbb6482b05f2f9a0998ca2ab1cad98dfee88430a004963d7ee966d23f502d5eb4d4eb812a8114961dd36a5321a77075a4daa2c15d27e84a056dba960de5e01d7b60e19138ce4db86a3716baff0ff2c18bb0723677ea4b91fcbdfaeaa9d6daadd911abb2c17208e4ce0aee501168172d25c243f143d9a89f7ffc8f986
  Payload: 7b2274797065223a2272656164696e67222c226e6f64654944223a312c2274656d70223a32392e372c2268756d6964697479223a35332e322c22636f5f70706d223a313633362e312c226c61746974756465223a6e756c6c2c226c6f6e676974756465223a6e756c6c2c22616c746974756465223a6e756c6c2c226770735f666978223a66616c73657d
  PHY Pkt: 406b276000002f000133227c09567ea924ae3e6477a5a6fbb6482b05f2f9a0998ca2ab1cad98dfee88430a004963d7ee966d23f502d5eb4d4eb812a8114961dd36a5321a77075a4daa2c15d27e84a056dba960de5e01d7b60e19138ce4db86a3716baff0ff2c18bb0723677ea4b91fcbdfaeaa9d6daadd911abb2c17208e4ce0aee501168172d25c243f143d9a89f7ffc8f986510bff52
  PHY payload len: 151 type: <class 'bytes'>
  lora.write used: list
→ Packet SENT
[AUDIO] Recording saved: ../recordings/clip_20251117_151829.wav
[AUDIO] ⚠️  Classification model not yet integrated - returning placeholder

============================================================
Timestamp: 2025-11-17 15:18:34
------------------------------------------------------------
🌡️  Temperature: 29.6°C (Normal)
💧 Humidity: 52.9% (Normal)
🔥 CO Level: 1635.5 ppm | Voltage: 0.582V | Rs: 75.93kΩ
   ⚠️  REMINDER: Calibrate R0 in clean air for accurate readings
📍 GPS: No data (check wiring or wait for warm-up)
🎤 Audio: LOW-RISK (not sent in reading packet)
============================================================

📡 LoRa JSON Packet Ready: {'type': 'reading', 'nodeID': 1, 'temp': 29.6, 'humidity': 52.9, 'co_ppm': 1635.5, 'latitude': None, 'longitude': None, 'altitude': None, 'gps_fix': False}
   JSON bytes len: 138 hex: 7b2274797065223a2272656164696e67222c226e6f64654944223a312c2274656d70223a32392e362c2268756d6964697479223a35322e392c22636f5f70706d223a313633352e352c226c61746974756465223a6e756c6c2c226c6f6e676974756465223a6e756c6c2c22616c746974756465223a6e756c6c2c226770735f666978223a66616c73657d
--- Sending ABP Packet (FCnt=48) ---
  Encrypted payload len: 138
  Encrypted payload (hex): 676656e01bb0f9544ea35fa2270358c678a761d1731c1a1c0626eed359e043316776855c377db8f92872cad4d787a06393e9f54acf4a0c12d589055c02f58dd58b92d613131f9d86c76f912e44ed3b170215d3c8bb6034e33358c0b245fb0757f9a625fbfec888506e667da3722fdacc598196a45b81961c37394896b08a3da2b65a8fc8d6c421127c1a
  Payload: 7b2274797065223a2272656164696e67222c226e6f64654944223a312c2274656d70223a32392e362c2268756d6964697479223a35322e392c22636f5f70706d223a313633352e352c226c61746974756465223a6e756c6c2c226c6f6e676974756465223a6e756c6c2c22616c746974756465223a6e756c6c2c226770735f666978223a66616c73657d
  PHY Pkt: 406b27600000300001676656e01bb0f9544ea35fa2270358c678a761d1731c1a1c0626eed359e043316776855c377db8f92872cad4d787a06393e9f54acf4a0c12d589055c02f58dd58b92d613131f9d86c76f912e44ed3b170215d3c8bb6034e33358c0b245fb0757f9a625fbfec888506e667da3722fdacc598196a45b81961c37394896b08a3da2b65a8fc8d6c421127c1a0241a44a
  PHY payload len: 151 type: <class 'bytes'>
  lora.write used: list
→ Packet SENT
[AUDIO] Recording saved: ../recordings/clip_20251117_151932.wav
[AUDIO] ⚠️  Classification model not yet integrated - returning placeholder

============================================================
Timestamp: 2025-11-17 15:19:37
------------------------------------------------------------
🌡️  Temperature: 29.6°C (Normal)
💧 Humidity: 52.9% (Normal)
🔥 CO Level: 1633.7 ppm | Voltage: 0.582V | Rs: 75.98kΩ
   ⚠️  REMINDER: Calibrate R0 in clean air for accurate readings
📍 GPS: No data (check wiring or wait for warm-up)
🎤 Audio: LOW-RISK (not sent in reading packet)
============================================================

📡 LoRa JSON Packet Ready: {'type': 'reading', 'nodeID': 1, 'temp': 29.6, 'humidity': 52.9, 'co_ppm': 1633.7, 'latitude': None, 'longitude': None, 'altitude': None, 'gps_fix': False}
   JSON bytes len: 138 hex: 7b2274797065223a2272656164696e67222c226e6f64654944223a312c2274656d70223a32392e362c2268756d6964697479223a35322e392c22636f5f70706d223a313633332e372c226c61746974756465223a6e756c6c2c226c6f6e676974756465223a6e756c6c2c22616c746974756465223a6e756c6c2c226770735f666978223a66616c73657d
--- Sending ABP Packet (FCnt=49) ---
  Encrypted payload len: 138
  Encrypted payload (hex): 724abd4bc5e586b3b0105631c5bb030a25fdf208b986df00c70baac3fd81dd233df4e577787f966d5e4f22a76880ead0a1fd9cb67806ea1e2f798332fdb63b11369612b3c36b5e5503029ef7422b155d78a40fc62f16129b73db4f030115bb248d214d43a01ebaae900d95649b1c4dc94f8f9b90bb8511b6018dd5077802532395093e7d2d00b19a8fd6
  Payload: 7b2274797065223a2272656164696e67222c226e6f64654944223a312c2274656d70223a32392e362c2268756d6964697479223a35322e392c22636f5f70706d223a313633332e372c226c61746974756465223a6e756c6c2c226c6f6e676974756465223a6e756c6c2c22616c746974756465223a6e756c6c2c226770735f666978223a66616c73657d
  PHY Pkt: 406b27600000310001724abd4bc5e586b3b0105631c5bb030a25fdf208b986df00c70baac3fd81dd233df4e577787f966d5e4f22a76880ead0a1fd9cb67806ea1e2f798332fdb63b11369612b3c36b5e5503029ef7422b155d78a40fc62f16129b73db4f030115bb248d214d43a01ebaae900d95649b1c4dc94f8f9b90bb8511b6018dd5077802532395093e7d2d00b19a8fd678667fe2
  PHY payload len: 151 type: <class 'bytes'>
  lora.write used: list
→ Packet SENT
[AUDIO] Recording saved: ../recordings/clip_20251117_152034.wav
[AUDIO] ⚠️  Classification model not yet integrated - returning placeholder

============================================================
Timestamp: 2025-11-17 15:20:39
------------------------------------------------------------
🌡️  Temperature: 29.6°C (Normal)
💧 Humidity: 52.9% (Normal)
🔥 CO Level: 1633.7 ppm | Voltage: 0.582V | Rs: 75.98kΩ
   ⚠️  REMINDER: Calibrate R0 in clean air for accurate readings
📍 GPS: No data (check wiring or wait for warm-up)
🎤 Audio: LOW-RISK (not sent in reading packet)
============================================================

📡 LoRa JSON Packet Ready: {'type': 'reading', 'nodeID': 1, 'temp': 29.6, 'humidity': 52.9, 'co_ppm': 1633.7, 'latitude': None, 'longitude': None, 'altitude': None, 'gps_fix': False}
   JSON bytes len: 138 hex: 7b2274797065223a2272656164696e67222c226e6f64654944223a312c2274656d70223a32392e362c2268756d6964697479223a35322e392c22636f5f70706d223a313633332e372c226c61746974756465223a6e756c6c2c226c6f6e676974756465223a6e756c6c2c22616c746974756465223a6e756c6c2c226770735f666978223a66616c73657d
[LoRa][WARN] ⚠️  Payload appears identical to last packet!
--- Sending ABP Packet (FCnt=50) ---
  Encrypted payload len: 138
  Encrypted payload (hex): 89edcd5dd31f2efd61da34aa7395e297f261c7ddf982046e7de6a97f1b9bf53d77a69ec4561cad2482a6eed342e6c3747e64c643fd8371c14dc7761f571649391cd340f29aceccbde7a049149ad87d2f6127e89e5f4583d3a11eb83b314f0b38560536a2fd8ffca1754471c3c6bd3f13f8177a9d4dc7f2939a237f8a7cf7813ea139a5a036fd373260a7
  Payload: 7b2274797065223a2272656164696e67222c226e6f64654944223a312c2274656d70223a32392e362c2268756d6964697479223a35322e392c22636f5f70706d223a313633332e372c226c61746974756465223a6e756c6c2c226c6f6e676974756465223a6e756c6c2c22616c746974756465223a6e756c6c2c226770735f666978223a66616c73657d
  PHY Pkt: 406b2760000032000189edcd5dd31f2efd61da34aa7395e297f261c7ddf982046e7de6a97f1b9bf53d77a69ec4561cad2482a6eed342e6c3747e64c643fd8371c14dc7761f571649391cd340f29aceccbde7a049149ad87d2f6127e89e5f4583d3a11eb83b314f0b38560536a2fd8ffca1754471c3c6bd3f13f8177a9d4dc7f2939a237f8a7cf7813ea139a5a036fd373260a7bc62d556
  PHY payload len: 151 type: <class 'bytes'>
  lora.write used: list
→ Packet SENT
[AUDIO] Recording saved: ../recordings/clip_20251117_152136.wav
[AUDIO] ⚠️  Classification model not yet integrated - returning placeholder

============================================================
Timestamp: 2025-11-17 15:21:41
------------------------------------------------------------
🌡️  Temperature: 29.6°C (Normal)
💧 Humidity: 50.9% (Normal)
🔥 CO Level: 1637.3 ppm | Voltage: 0.582V | Rs: 75.87kΩ
   ⚠️  REMINDER: Calibrate R0 in clean air for accurate readings
📍 GPS: No data (check wiring or wait for warm-up)
🎤 Audio: LOW-RISK (not sent in reading packet)
============================================================

📡 LoRa JSON Packet Ready: {'type': 'reading', 'nodeID': 1, 'temp': 29.6, 'humidity': 50.9, 'co_ppm': 1637.3, 'latitude': None, 'longitude': None, 'altitude': None, 'gps_fix': False}
   JSON bytes len: 138 hex: 7b2274797065223a2272656164696e67222c226e6f64654944223a312c2274656d70223a32392e362c2268756d6964697479223a35302e392c22636f5f70706d223a313633372e332c226c61746974756465223a6e756c6c2c226c6f6e676974756465223a6e756c6c2c22616c746974756465223a6e756c6c2c226770735f666978223a66616c73657d
--- Sending ABP Packet (FCnt=51) ---
  Encrypted payload len: 138
  Encrypted payload (hex): ab8804841f4e97a4d13f5ca303f4801f4eb87156ea336c5daa888b1914ed66bb45db609db25055abf83888527978f79a17a42a286f234b35d7590b68a17fa0f9273f39dba20e5c3c7e635e94d9e17fc3defef1d99c690c6307cc7c6588ad0dc2387af770ae5e3bd129db714f20ff168cd5936a5702ec74b5acaad90cf33db0ccfe942653ba5994a3979e
  Payload: 7b2274797065223a2272656164696e67222c226e6f64654944223a312c2274656d70223a32392e362c2268756d6964697479223a35302e392c22636f5f70706d223a313633372e332c226c61746974756465223a6e756c6c2c226c6f6e676974756465223a6e756c6c2c22616c746974756465223a6e756c6c2c226770735f666978223a66616c73657d
  PHY Pkt: 406b27600000330001ab8804841f4e97a4d13f5ca303f4801f4eb87156ea336c5daa888b1914ed66bb45db609db25055abf83888527978f79a17a42a286f234b35d7590b68a17fa0f9273f39dba20e5c3c7e635e94d9e17fc3defef1d99c690c6307cc7c6588ad0dc2387af770ae5e3bd129db714f20ff168cd5936a5702ec74b5acaad90cf33db0ccfe942653ba5994a3979effd40846
  PHY payload len: 151 type: <class 'bytes'>
  lora.write used: list
→ Packet SENT
[AUDIO] Recording saved: ../recordings/clip_20251117_152238.wav
[AUDIO] ⚠️  Classification model not yet integrated - returning placeholder

============================================================
Timestamp: 2025-11-17 15:22:43
------------------------------------------------------------
🌡️  Temperature: 29.6°C (Normal)
💧 Humidity: 50.9% (Normal)
🔥 CO Level: 1639.1 ppm | Voltage: 0.583V | Rs: 75.82kΩ
   ⚠️  REMINDER: Calibrate R0 in clean air for accurate readings
📍 GPS: No data (check wiring or wait for warm-up)
🎤 Audio: LOW-RISK (not sent in reading packet)
============================================================

📡 LoRa JSON Packet Ready: {'type': 'reading', 'nodeID': 1, 'temp': 29.6, 'humidity': 50.9, 'co_ppm': 1639.1, 'latitude': None, 'longitude': None, 'altitude': None, 'gps_fix': False}
   JSON bytes len: 138 hex: 7b2274797065223a2272656164696e67222c226e6f64654944223a312c2274656d70223a32392e362c2268756d6964697479223a35302e392c22636f5f70706d223a313633392e312c226c61746974756465223a6e756c6c2c226c6f6e676974756465223a6e756c6c2c22616c746974756465223a6e756c6c2c226770735f666978223a66616c73657d
--- Sending ABP Packet (FCnt=52) ---
  Encrypted payload len: 138
  Encrypted payload (hex): ff0d231aaf7a691a9b66140b9464b7184b69a6cb5e0bb72f416bf4412b196436ac3fe72d5e4d6fc26f2c3ae8d786ee2653b224705dfa21ee15861fd8a341b7d0f1b06976949375cc3dbba95e0800529c7bc481e1300c0c192ac606a034946b0bda3705a93a1ba42523534fb43eefd94d1dc5d2a914a2853510e04eb4a27a5db729d285b0e9975e1decf2
  Payload: 7b2274797065223a2272656164696e67222c226e6f64654944223a312c2274656d70223a32392e362c2268756d6964697479223a35302e392c22636f5f70706d223a313633392e312c226c61746974756465223a6e756c6c2c226c6f6e676974756465223a6e756c6c2c22616c746974756465223a6e756c6c2c226770735f666978223a66616c73657d
  PHY Pkt: 406b27600000340001ff0d231aaf7a691a9b66140b9464b7184b69a6cb5e0bb72f416bf4412b196436ac3fe72d5e4d6fc26f2c3ae8d786ee2653b224705dfa21ee15861fd8a341b7d0f1b06976949375cc3dbba95e0800529c7bc481e1300c0c192ac606a034946b0bda3705a93a1ba42523534fb43eefd94d1dc5d2a914a2853510e04eb4a27a5db729d285b0e9975e1decf217cfa6b3
  PHY payload len: 151 type: <class 'bytes'>
  lora.write used: list
→ Packet SENT
[AUDIO] Recording saved: ../recordings/clip_20251117_152341.wav
[AUDIO] ⚠️  Classification model not yet integrated - returning placeholder

============================================================
Timestamp: 2025-11-17 15:23:46
------------------------------------------------------------
🌡️  Temperature: 29.6°C (Normal)
💧 Humidity: 50.9% (Normal)
🔥 CO Level: 1639.1 ppm | Voltage: 0.583V | Rs: 75.82kΩ
   ⚠️  REMINDER: Calibrate R0 in clean air for accurate readings
📍 GPS: No data (check wiring or wait for warm-up)
🎤 Audio: LOW-RISK (not sent in reading packet)
============================================================

📡 LoRa JSON Packet Ready: {'type': 'reading', 'nodeID': 1, 'temp': 29.6, 'humidity': 50.9, 'co_ppm': 1639.1, 'latitude': None, 'longitude': None, 'altitude': None, 'gps_fix': False}
   JSON bytes len: 138 hex: 7b2274797065223a2272656164696e67222c226e6f64654944223a312c2274656d70223a32392e362c2268756d6964697479223a35302e392c22636f5f70706d223a313633392e312c226c61746974756465223a6e756c6c2c226c6f6e676974756465223a6e756c6c2c22616c746974756465223a6e756c6c2c226770735f666978223a66616c73657d
[LoRa][WARN] ⚠️  Payload appears identical to last packet!
--- Sending ABP Packet (FCnt=53) ---
  Encrypted payload len: 138
  Encrypted payload (hex): ee75722dad8cae6ebf05528126c402e98b61ba7416698eb23095eafb0ac952eb4cf21293e48acad54172dca6242403f3e0ce75cde680b1d4e156261c833c30cd4201357bb68a2b98c873009fbcdde1f62ed2d6dfe5708021e923c79a79d6f95e0c41772e2a0869996b586c85f27ba7e3895e6e063ec4164cac9a894fa5b5758efefe443eb0255c3ab04b
  Payload: 7b2274797065223a2272656164696e67222c226e6f64654944223a312c2274656d70223a32392e362c2268756d6964697479223a35302e392c22636f5f70706d223a313633392e312c226c61746974756465223a6e756c6c2c226c6f6e676974756465223a6e756c6c2c22616c746974756465223a6e756c6c2c226770735f666978223a66616c73657d
  PHY Pkt: 406b27600000350001ee75722dad8cae6ebf05528126c402e98b61ba7416698eb23095eafb0ac952eb4cf21293e48acad54172dca6242403f3e0ce75cde680b1d4e156261c833c30cd4201357bb68a2b98c873009fbcdde1f62ed2d6dfe5708021e923c79a79d6f95e0c41772e2a0869996b586c85f27ba7e3895e6e063ec4164cac9a894fa5b5758efefe443eb0255c3ab04b29e48bd1
  PHY payload len: 151 type: <class 'bytes'>
  lora.write used: list
→ Packet SENT
[AUDIO] Recording saved: ../recordings/clip_20251117_152441.wav
[AUDIO] ⚠️  Classification model not yet integrated - returning placeholder

============================================================
Timestamp: 2025-11-17 15:24:46
------------------------------------------------------------
🌡️  Temperature: 29.4°C (Normal)
💧 Humidity: 49.5% (Normal)
🔥 CO Level: 1640.9 ppm | Voltage: 0.583V | Rs: 75.76kΩ
   ⚠️  REMINDER: Calibrate R0 in clean air for accurate readings
📍 GPS: No data (check wiring or wait for warm-up)
🎤 Audio: LOW-RISK (not sent in reading packet)
============================================================

📡 LoRa JSON Packet Ready: {'type': 'reading', 'nodeID': 1, 'temp': 29.4, 'humidity': 49.5, 'co_ppm': 1640.9, 'latitude': None, 'longitude': None, 'altitude': None, 'gps_fix': False}
   JSON bytes len: 138 hex: 7b2274797065223a2272656164696e67222c226e6f64654944223a312c2274656d70223a32392e342c2268756d6964697479223a34392e352c22636f5f70706d223a313634302e392c226c61746974756465223a6e756c6c2c226c6f6e676974756465223a6e756c6c2c22616c746974756465223a6e756c6c2c226770735f666978223a66616c73657d
--- Sending ABP Packet (FCnt=54) ---
  Encrypted payload len: 138
  Encrypted payload (hex): 87bb1dbddeb247779b6e7803b402607ee6443d253a1ec7fcc88465a3702b67fb6a0b18ce8a3094f09038cb1e6e0c7dc5909c562fa8e6f5f47c4f6492d0ee4e65fe2da820c4fc268aa771b9de5744123ce6bf18bb5627eb0fab3ada080d0d749297baff8897886341ad41895fac4905b062bc6ced2026339b0e4dab59a9c6fed3de764dbeb88f588df8f4
  Payload: 7b2274797065223a2272656164696e67222c226e6f64654944223a312c2274656d70223a32392e342c2268756d6964697479223a34392e352c22636f5f70706d223a313634302e392c226c61746974756465223a6e756c6c2c226c6f6e676974756465223a6e756c6c2c22616c746974756465223a6e756c6c2c226770735f666978223a66616c73657d
  PHY Pkt: 406b2760000036000187bb1dbddeb247779b6e7803b402607ee6443d253a1ec7fcc88465a3702b67fb6a0b18ce8a3094f09038cb1e6e0c7dc5909c562fa8e6f5f47c4f6492d0ee4e65fe2da820c4fc268aa771b9de5744123ce6bf18bb5627eb0fab3ada080d0d749297baff8897886341ad41895fac4905b062bc6ced2026339b0e4dab59a9c6fed3de764dbeb88f588df8f4a533d53c
  PHY payload len: 151 type: <class 'bytes'>
  lora.write used: list
→ Packet SENT
[AUDIO] Recording saved: ../recordings/clip_20251117_152542.wav
[AUDIO] ⚠️  Classification model not yet integrated - returning placeholder

============================================================
Timestamp: 2025-11-17 15:25:47
------------------------------------------------------------
🌡️  Temperature: 29.3°C (Normal)
💧 Humidity: 49.4% (Normal)
🔥 CO Level: 1640.9 ppm | Voltage: 0.583V | Rs: 75.76kΩ
   ⚠️  REMINDER: Calibrate R0 in clean air for accurate readings
📍 GPS: No data (check wiring or wait for warm-up)
🎤 Audio: LOW-RISK (not sent in reading packet)
============================================================

📡 LoRa JSON Packet Ready: {'type': 'reading', 'nodeID': 1, 'temp': 29.3, 'humidity': 49.4, 'co_ppm': 1640.9, 'latitude': None, 'longitude': None, 'altitude': None, 'gps_fix': False}
   JSON bytes len: 138 hex: 7b2274797065223a2272656164696e67222c226e6f64654944223a312c2274656d70223a32392e332c2268756d6964697479223a34392e342c22636f5f70706d223a313634302e392c226c61746974756465223a6e756c6c2c226c6f6e676974756465223a6e756c6c2c22616c746974756465223a6e756c6c2c226770735f666978223a66616c73657d
--- Sending ABP Packet (FCnt=55) ---
  Encrypted payload len: 138
  Encrypted payload (hex): 0f384239e2b5175fbc6f42584f2d0c15b18900440518f65041dd97a8ce237512436ea77d0b500ddb007e11f8f2b23dec1ead0628b80546e64f3fc3a1a9aa964c375f0f48892532c34bbe27ddaba9761a69663d368b275b8f1bdbd5c58475d52bb1162e340636d35444d31fe583c9d0702cfc098c275e061623ad1f61969cb1958fce42785e0de8d8a488
  Payload: 7b2274797065223a2272656164696e67222c226e6f64654944223a312c2274656d70223a32392e332c2268756d6964697479223a34392e342c22636f5f70706d223a313634302e392c226c61746974756465223a6e756c6c2c226c6f6e676974756465223a6e756c6c2c22616c746974756465223a6e756c6c2c226770735f666978223a66616c73657d
  PHY Pkt: 406b276000003700010f384239e2b5175fbc6f42584f2d0c15b18900440518f65041dd97a8ce237512436ea77d0b500ddb007e11f8f2b23dec1ead0628b80546e64f3fc3a1a9aa964c375f0f48892532c34bbe27ddaba9761a69663d368b275b8f1bdbd5c58475d52bb1162e340636d35444d31fe583c9d0702cfc098c275e061623ad1f61969cb1958fce42785e0de8d8a488fd693488
  PHY payload len: 151 type: <class 'bytes'>
  lora.write used: list
→ Packet SENT
[AUDIO] Recording saved: ../recordings/clip_20251117_152642.wav
[AUDIO] ⚠️  Classification model not yet integrated - returning placeholder

============================================================
Timestamp: 2025-11-17 15:26:47
------------------------------------------------------------
🌡️  Temperature: 29.3°C (Normal)
💧 Humidity: 49.2% (Normal)
🔥 CO Level: 1640.9 ppm | Voltage: 0.583V | Rs: 75.76kΩ
   ⚠️  REMINDER: Calibrate R0 in clean air for accurate readings
📍 GPS: No data (check wiring or wait for warm-up)
🎤 Audio: LOW-RISK (not sent in reading packet)
============================================================

📡 LoRa JSON Packet Ready: {'type': 'reading', 'nodeID': 1, 'temp': 29.3, 'humidity': 49.2, 'co_ppm': 1640.9, 'latitude': None, 'longitude': None, 'altitude': None, 'gps_fix': False}
   JSON bytes len: 138 hex: 7b2274797065223a2272656164696e67222c226e6f64654944223a312c2274656d70223a32392e332c2268756d6964697479223a34392e322c22636f5f70706d223a313634302e392c226c61746974756465223a6e756c6c2c226c6f6e676974756465223a6e756c6c2c22616c746974756465223a6e756c6c2c226770735f666978223a66616c73657d
--- Sending ABP Packet (FCnt=56) ---
  Encrypted payload len: 138
  Encrypted payload (hex): f63fce32b1c22ae9cd171232c5ebce8110e2eb0afc55fc62d685bd4e87ac6e911e31248373a00b96fdf72ee355047262a8dfb36d9418b2989f7af25f1e822bf2af9eb0658da2a8b059e219d205b581b7b2e52c2660a6c396619a3008fbeef68ace1327141317d901e1dfb4f63568cf907043f2704d0f91e1adccfb870ebd23cc345542d3eed0b3d37caa
  Payload: 7b2274797065223a2272656164696e67222c226e6f64654944223a312c2274656d70223a32392e332c2268756d6964697479223a34392e322c22636f5f70706d223a313634302e392c226c61746974756465223a6e756c6c2c226c6f6e676974756465223a6e756c6c2c22616c746974756465223a6e756c6c2c226770735f666978223a66616c73657d
  PHY Pkt: 406b27600000380001f63fce32b1c22ae9cd171232c5ebce8110e2eb0afc55fc62d685bd4e87ac6e911e31248373a00b96fdf72ee355047262a8dfb36d9418b2989f7af25f1e822bf2af9eb0658da2a8b059e219d205b581b7b2e52c2660a6c396619a3008fbeef68ace1327141317d901e1dfb4f63568cf907043f2704d0f91e1adccfb870ebd23cc345542d3eed0b3d37caa2d6d1ddb
  PHY payload len: 151 type: <class 'bytes'>
  lora.write used: list
→ Packet SENT
[AUDIO] Recording saved: ../recordings/clip_20251117_152743.wav
[AUDIO] ⚠️  Classification model not yet integrated - returning placeholder

============================================================
Timestamp: 2025-11-17 15:27:48
------------------------------------------------------------
🌡️  Temperature: 29.2°C (Normal)
💧 Humidity: 49.0% (Normal)
🔥 CO Level: 1641.5 ppm | Voltage: 0.583V | Rs: 75.74kΩ
   ⚠️  REMINDER: Calibrate R0 in clean air for accurate readings
📍 GPS: No data (check wiring or wait for warm-up)
🎤 Audio: LOW-RISK (not sent in reading packet)
============================================================

📡 LoRa JSON Packet Ready: {'type': 'reading', 'nodeID': 1, 'temp': 29.2, 'humidity': 49.0, 'co_ppm': 1641.5, 'latitude': None, 'longitude': None, 'altitude': None, 'gps_fix': False}
   JSON bytes len: 138 hex: 7b2274797065223a2272656164696e67222c226e6f64654944223a312c2274656d70223a32392e322c2268756d6964697479223a34392e302c22636f5f70706d223a313634312e352c226c61746974756465223a6e756c6c2c226c6f6e676974756465223a6e756c6c2c22616c746974756465223a6e756c6c2c226770735f666978223a66616c73657d
--- Sending ABP Packet (FCnt=57) ---
  Encrypted payload len: 138
  Encrypted payload (hex): f7bdd95f25a3c0d623e14e4f709c8b28ec883a12583aac4f8a654418ce2927b483efd37383e6ae1ac34f4906966ee2fbd514f65c5bb5a2532ec633b5fb920b9ad8e371375ba2dd3fe714d910dd484c709e74547fa408f7f5bff15ecfd809e475913d9d7f8d36e934823246354f5e6d683ee526f41c4ce7294a565a3198d454ff4d300e544fdfe81c75b0
  Payload: 7b2274797065223a2272656164696e67222c226e6f64654944223a312c2274656d70223a32392e322c2268756d6964697479223a34392e302c22636f5f70706d223a313634312e352c226c61746974756465223a6e756c6c2c226c6f6e676974756465223a6e756c6c2c22616c746974756465223a6e756c6c2c226770735f666978223a66616c73657d
  PHY Pkt: 406b27600000390001f7bdd95f25a3c0d623e14e4f709c8b28ec883a12583aac4f8a654418ce2927b483efd37383e6ae1ac34f4906966ee2fbd514f65c5bb5a2532ec633b5fb920b9ad8e371375ba2dd3fe714d910dd484c709e74547fa408f7f5bff15ecfd809e475913d9d7f8d36e934823246354f5e6d683ee526f41c4ce7294a565a3198d454ff4d300e544fdfe81c75b08fbf0886
  PHY payload len: 151 type: <class 'bytes'>
  lora.write used: list
→ Packet SENT
[AUDIO] Recording saved: ../recordings/clip_20251117_152843.wav
[AUDIO] ⚠️  Classification model not yet integrated - returning placeholder

============================================================
Timestamp: 2025-11-17 15:28:48
------------------------------------------------------------
🌡️  Temperature: 29.2°C (Normal)
💧 Humidity: 49.0% (Normal)
🔥 CO Level: 1642.7 ppm | Voltage: 0.583V | Rs: 75.71kΩ
   ⚠️  REMINDER: Calibrate R0 in clean air for accurate readings
📍 GPS: No data (check wiring or wait for warm-up)
🎤 Audio: LOW-RISK (not sent in reading packet)
============================================================

📡 LoRa JSON Packet Ready: {'type': 'reading', 'nodeID': 1, 'temp': 29.2, 'humidity': 49.0, 'co_ppm': 1642.7, 'latitude': None, 'longitude': None, 'altitude': None, 'gps_fix': False}
   JSON bytes len: 138 hex: 7b2274797065223a2272656164696e67222c226e6f64654944223a312c2274656d70223a32392e322c2268756d6964697479223a34392e302c22636f5f70706d223a313634322e372c226c61746974756465223a6e756c6c2c226c6f6e676974756465223a6e756c6c2c22616c746974756465223a6e756c6c2c226770735f666978223a66616c73657d
--- Sending ABP Packet (FCnt=58) ---
  Encrypted payload len: 138
  Encrypted payload (hex): 536d23876a6297d7d93d94b5af5b133f90ecf6fb03cd38526b7bce2b8e6c99dda68ce21ffbfdea437eb3c9ce962c908549106144671475027798b638ef7fe83cbd7763d5277bb2ddbf281a103707008a619dbb127b5e1a6775ecf3167f44ceaf9b5d0a5507f83532291745205051fa095e7ea519c13299f2b44fbc4178b89ccf9839f19071f265640710
  Payload: 7b2274797065223a2272656164696e67222c226e6f64654944223a312c2274656d70223a32392e322c2268756d6964697479223a34392e302c22636f5f70706d223a313634322e372c226c61746974756465223a6e756c6c2c226c6f6e676974756465223a6e756c6c2c22616c746974756465223a6e756c6c2c226770735f666978223a66616c73657d
  PHY Pkt: 406b276000003a0001536d23876a6297d7d93d94b5af5b133f90ecf6fb03cd38526b7bce2b8e6c99dda68ce21ffbfdea437eb3c9ce962c908549106144671475027798b638ef7fe83cbd7763d5277bb2ddbf281a103707008a619dbb127b5e1a6775ecf3167f44ceaf9b5d0a5507f83532291745205051fa095e7ea519c13299f2b44fbc4178b89ccf9839f19071f265640710833da399
  PHY payload len: 151 type: <class 'bytes'>
  lora.write used: list
→ Packet SENT
[AUDIO] Recording saved: ../recordings/clip_20251117_152944.wav
[AUDIO] ⚠️  Classification model not yet integrated - returning placeholder

============================================================
Timestamp: 2025-11-17 15:29:49
------------------------------------------------------------
🌡️  Temperature: 29.2°C (Normal)
💧 Humidity: 49.0% (Normal)
🔥 CO Level: 1642.7 ppm | Voltage: 0.583V | Rs: 75.71kΩ
   ⚠️  REMINDER: Calibrate R0 in clean air for accurate readings
📍 GPS: No data (check wiring or wait for warm-up)
🎤 Audio: LOW-RISK (not sent in reading packet)
============================================================

📡 LoRa JSON Packet Ready: {'type': 'reading', 'nodeID': 1, 'temp': 29.2, 'humidity': 49.0, 'co_ppm': 1642.7, 'latitude': None, 'longitude': None, 'altitude': None, 'gps_fix': False}
   JSON bytes len: 138 hex: 7b2274797065223a2272656164696e67222c226e6f64654944223a312c2274656d70223a32392e322c2268756d6964697479223a34392e302c22636f5f70706d223a313634322e372c226c61746974756465223a6e756c6c2c226c6f6e676974756465223a6e756c6c2c22616c746974756465223a6e756c6c2c226770735f666978223a66616c73657d
[LoRa][WARN] ⚠️  Payload appears identical to last packet!
--- Sending ABP Packet (FCnt=59) ---
  Encrypted payload len: 138
  Encrypted payload (hex): c839421d21aa17dff98c8341b196ff1ae4ff63be3be04cd4496ca10edb79240d7f6901b17fac18a6b3034aece25e242bc20c3853e28f41231e15096fafb6897e890c5caab8fadec9e49036f3098f8ebb1af25c1297f141ea02da97d4328e9d9820c6e4be7c1a6579c94b6d3b78fa2a944c56e8e6c40c57b4aa19c29c85c81871ccb826acf8c0a850289c
  Payload: 7b2274797065223a2272656164696e67222c226e6f64654944223a312c2274656d70223a32392e322c2268756d6964697479223a34392e302c22636f5f70706d223a313634322e372c226c61746974756465223a6e756c6c2c226c6f6e676974756465223a6e756c6c2c22616c746974756465223a6e756c6c2c226770735f666978223a66616c73657d
  PHY Pkt: 406b276000003b0001c839421d21aa17dff98c8341b196ff1ae4ff63be3be04cd4496ca10edb79240d7f6901b17fac18a6b3034aece25e242bc20c3853e28f41231e15096fafb6897e890c5caab8fadec9e49036f3098f8ebb1af25c1297f141ea02da97d4328e9d9820c6e4be7c1a6579c94b6d3b78fa2a944c56e8e6c40c57b4aa19c29c85c81871ccb826acf8c0a850289c21360665
  PHY payload len: 151 type: <class 'bytes'>
  lora.write used: list
→ Packet SENT
[AUDIO] Recording saved: ../recordings/clip_20251117_153044.wav
[AUDIO] ⚠️  Classification model not yet integrated - returning placeholder

============================================================
Timestamp: 2025-11-17 15:30:49
------------------------------------------------------------
🌡️  Temperature: 29.1°C (Normal)
💧 Humidity: 49.2% (Normal)
🔥 CO Level: 1642.7 ppm | Voltage: 0.583V | Rs: 75.71kΩ
   ⚠️  REMINDER: Calibrate R0 in clean air for accurate readings
📍 GPS: No data (check wiring or wait for warm-up)
🎤 Audio: LOW-RISK (not sent in reading packet)
============================================================

📡 LoRa JSON Packet Ready: {'type': 'reading', 'nodeID': 1, 'temp': 29.1, 'humidity': 49.2, 'co_ppm': 1642.7, 'latitude': None, 'longitude': None, 'altitude': None, 'gps_fix': False}
   JSON bytes len: 138 hex: 7b2274797065223a2272656164696e67222c226e6f64654944223a312c2274656d70223a32392e312c2268756d6964697479223a34392e322c22636f5f70706d223a313634322e372c226c61746974756465223a6e756c6c2c226c6f6e676974756465223a6e756c6c2c22616c746974756465223a6e756c6c2c226770735f666978223a66616c73657d
--- Sending ABP Packet (FCnt=60) ---
  Encrypted payload len: 138
  Encrypted payload (hex): 97d267e86f532286acec5116aa0b6e5cb4764f232d8c2703eb874db203960e0353d32885b54ed9c9442f22e2af5dfec612c3897e74f9402078b8f332f0cad03d6fd961ffc9c3ee515faeffce800cf692d429a3dcf7628cd36869ab76e8a678a8f9d83d074c614f643482f892cb634b2f459a0e49ed3755c37411b3dd62766915a709f17b49015a96f6a8
  Payload: 7b2274797065223a2272656164696e67222c226e6f64654944223a312c2274656d70223a32392e312c2268756d6964697479223a34392e322c22636f5f70706d223a313634322e372c226c61746974756465223a6e756c6c2c226c6f6e676974756465223a6e756c6c2c22616c746974756465223a6e756c6c2c226770735f666978223a66616c73657d
  PHY Pkt: 406b276000003c000197d267e86f532286acec5116aa0b6e5cb4764f232d8c2703eb874db203960e0353d32885b54ed9c9442f22e2af5dfec612c3897e74f9402078b8f332f0cad03d6fd961ffc9c3ee515faeffce800cf692d429a3dcf7628cd36869ab76e8a678a8f9d83d074c614f643482f892cb634b2f459a0e49ed3755c37411b3dd62766915a709f17b49015a96f6a83c3eeced
  PHY payload len: 151 type: <class 'bytes'>
  lora.write used: list
→ Packet SENT
[AUDIO] Recording saved: ../recordings/clip_20251117_153145.wav
[AUDIO] ⚠️  Classification model not yet integrated - returning placeholder

============================================================
Timestamp: 2025-11-17 15:31:50
------------------------------------------------------------
🌡️  Temperature: 29.1°C (Normal)
💧 Humidity: 49.2% (Normal)
🔥 CO Level: 1645.1 ppm | Voltage: 0.584V | Rs: 75.63kΩ
   ⚠️  REMINDER: Calibrate R0 in clean air for accurate readings
📍 GPS: No data (check wiring or wait for warm-up)
🎤 Audio: LOW-RISK (not sent in reading packet)
============================================================

📡 LoRa JSON Packet Ready: {'type': 'reading', 'nodeID': 1, 'temp': 29.1, 'humidity': 49.2, 'co_ppm': 1645.1, 'latitude': None, 'longitude': None, 'altitude': None, 'gps_fix': False}
   JSON bytes len: 138 hex: 7b2274797065223a2272656164696e67222c226e6f64654944223a312c2274656d70223a32392e312c2268756d6964697479223a34392e322c22636f5f70706d223a313634352e312c226c61746974756465223a6e756c6c2c226c6f6e676974756465223a6e756c6c2c22616c746974756465223a6e756c6c2c226770735f666978223a66616c73657d
--- Sending ABP Packet (FCnt=61) ---
  Encrypted payload len: 138
  Encrypted payload (hex): 02dc9da993ac69961cd6cb5a9ddc93053e998612b61d39dd2dd0164727b6323c4ef9a15a635d2d4517d951854507b14c500f054c65384382ab04f281a547686268d513a53e894a63669fbe5da8007a6b4816da8f23f778b7630ade88724dd309043fe5b97f7a46105867303472ec7371b4dd5ce75907176e1dd430044183e548b2e43b9de09cff7fd260
  Payload: 7b2274797065223a2272656164696e67222c226e6f64654944223a312c2274656d70223a32392e312c2268756d6964697479223a34392e322c22636f5f70706d223a313634352e312c226c61746974756465223a6e756c6c2c226c6f6e676974756465223a6e756c6c2c22616c746974756465223a6e756c6c2c226770735f666978223a66616c73657d
  PHY Pkt: 406b276000003d000102dc9da993ac69961cd6cb5a9ddc93053e998612b61d39dd2dd0164727b6323c4ef9a15a635d2d4517d951854507b14c500f054c65384382ab04f281a547686268d513a53e894a63669fbe5da8007a6b4816da8f23f778b7630ade88724dd309043fe5b97f7a46105867303472ec7371b4dd5ce75907176e1dd430044183e548b2e43b9de09cff7fd260aebef85d
  PHY payload len: 151 type: <class 'bytes'>
  lora.write used: list
→ Packet SENT
[AUDIO] Recording saved: ../recordings/clip_20251117_153246.wav
[AUDIO] ⚠️  Classification model not yet integrated - returning placeholder

============================================================
Timestamp: 2025-11-17 15:32:51
------------------------------------------------------------
🌡️  Temperature: 29.1°C (Normal)
💧 Humidity: 49.2% (Normal)
🔥 CO Level: 1645.1 ppm | Voltage: 0.584V | Rs: 75.63kΩ
   ⚠️  REMINDER: Calibrate R0 in clean air for accurate readings
📍 GPS: No data (check wiring or wait for warm-up)
🎤 Audio: LOW-RISK (not sent in reading packet)
============================================================

📡 LoRa JSON Packet Ready: {'type': 'reading', 'nodeID': 1, 'temp': 29.1, 'humidity': 49.2, 'co_ppm': 1645.1, 'latitude': None, 'longitude': None, 'altitude': None, 'gps_fix': False}
   JSON bytes len: 138 hex: 7b2274797065223a2272656164696e67222c226e6f64654944223a312c2274656d70223a32392e312c2268756d6964697479223a34392e322c22636f5f70706d223a313634352e312c226c61746974756465223a6e756c6c2c226c6f6e676974756465223a6e756c6c2c22616c746974756465223a6e756c6c2c226770735f666978223a66616c73657d
[LoRa][WARN] ⚠️  Payload appears identical to last packet!
--- Sending ABP Packet (FCnt=62) ---
  Encrypted payload len: 138
  Encrypted payload (hex): a5c060d5a00ef7078080653d737b5517d32d4d4eb82ff1635ed99eadd350dd82bf036f286e2ba53bdfffabcac04081dface7ff0fbab9e64512036f3e54c080ef914739764c71db695511cb2aebd7f41f46f330b1bf9b41801e3b6b5d8337cb158a099ec53f2f5acf695fdbebf4d5e800cbfd4d114dcbffd273e35a1b15905441da204c02b4b8a68d6e5c
  Payload: 7b2274797065223a2272656164696e67222c226e6f64654944223a312c2274656d70223a32392e312c2268756d6964697479223a34392e322c22636f5f70706d223a313634352e312c226c61746974756465223a6e756c6c2c226c6f6e676974756465223a6e756c6c2c22616c746974756465223a6e756c6c2c226770735f666978223a66616c73657d
  PHY Pkt: 406b276000003e0001a5c060d5a00ef7078080653d737b5517d32d4d4eb82ff1635ed99eadd350dd82bf036f286e2ba53bdfffabcac04081dface7ff0fbab9e64512036f3e54c080ef914739764c71db695511cb2aebd7f41f46f330b1bf9b41801e3b6b5d8337cb158a099ec53f2f5acf695fdbebf4d5e800cbfd4d114dcbffd273e35a1b15905441da204c02b4b8a68d6e5ce0a59014
  PHY payload len: 151 type: <class 'bytes'>
  lora.write used: list
→ Packet SENT
[AUDIO] Recording saved: ../recordings/clip_20251117_153347.wav
[AUDIO] ⚠️  Classification model not yet integrated - returning placeholder

============================================================
Timestamp: 2025-11-17 15:33:52
------------------------------------------------------------
🌡️  Temperature: 29.1°C (Normal)
💧 Humidity: 51.3% (Normal)
🔥 CO Level: 1645.1 ppm | Voltage: 0.584V | Rs: 75.63kΩ
   ⚠️  REMINDER: Calibrate R0 in clean air for accurate readings
📍 GPS: No data (check wiring or wait for warm-up)
🎤 Audio: LOW-RISK (not sent in reading packet)
============================================================

📡 LoRa JSON Packet Ready: {'type': 'reading', 'nodeID': 1, 'temp': 29.1, 'humidity': 51.3, 'co_ppm': 1645.1, 'latitude': None, 'longitude': None, 'altitude': None, 'gps_fix': False}
   JSON bytes len: 138 hex: 7b2274797065223a2272656164696e67222c226e6f64654944223a312c2274656d70223a32392e312c2268756d6964697479223a35312e332c22636f5f70706d223a313634352e312c226c61746974756465223a6e756c6c2c226c6f6e676974756465223a6e756c6c2c22616c746974756465223a6e756c6c2c226770735f666978223a66616c73657d
--- Sending ABP Packet (FCnt=63) ---
  Encrypted payload len: 138
  Encrypted payload (hex): e1705c3c802b37e8ed6e2f487a73aba69dab164dea6b9665916d1f182d442ff6119cdd96d9108221ba22d9efab14c2ee54cb053489e01607fb0d4f017a97d9ca8c57f23c3b52117883a52dc1e7bb663a54a1264b85c955c054699b5956a03083fb4a602c39a7a687675e9d68fbc5b3409f4c6ea19043eeefa305fc2a0910a707e46c4920b1aa74b77806
  Payload: 7b2274797065223a2272656164696e67222c226e6f64654944223a312c2274656d70223a32392e312c2268756d6964697479223a35312e332c22636f5f70706d223a313634352e312c226c61746974756465223a6e756c6c2c226c6f6e676974756465223a6e756c6c2c22616c746974756465223a6e756c6c2c226770735f666978223a66616c73657d
  PHY Pkt: 406b276000003f0001e1705c3c802b37e8ed6e2f487a73aba69dab164dea6b9665916d1f182d442ff6119cdd96d9108221ba22d9efab14c2ee54cb053489e01607fb0d4f017a97d9ca8c57f23c3b52117883a52dc1e7bb663a54a1264b85c955c054699b5956a03083fb4a602c39a7a687675e9d68fbc5b3409f4c6ea19043eeefa305fc2a0910a707e46c4920b1aa74b778065eddac78
  PHY payload len: 151 type: <class 'bytes'>
  lora.write used: list
→ Packet SENT
[AUDIO] Recording saved: ../recordings/clip_20251117_153447.wav
[AUDIO] ⚠️  Classification model not yet integrated - returning placeholder

============================================================
Timestamp: 2025-11-17 15:34:52
------------------------------------------------------------
🌡️  Temperature: 29.1°C (Normal)
💧 Humidity: 52.0% (Normal)
🔥 CO Level: 1644.5 ppm | Voltage: 0.584V | Rs: 75.65kΩ
   ⚠️  REMINDER: Calibrate R0 in clean air for accurate readings
📍 GPS: No data (check wiring or wait for warm-up)
🎤 Audio: LOW-RISK (not sent in reading packet)
============================================================

📡 LoRa JSON Packet Ready: {'type': 'reading', 'nodeID': 1, 'temp': 29.1, 'humidity': 52.0, 'co_ppm': 1644.5, 'latitude': None, 'longitude': None, 'altitude': None, 'gps_fix': False}
   JSON bytes len: 138 hex: 7b2274797065223a2272656164696e67222c226e6f64654944223a312c2274656d70223a32392e312c2268756d6964697479223a35322e302c22636f5f70706d223a313634342e352c226c61746974756465223a6e756c6c2c226c6f6e676974756465223a6e756c6c2c22616c746974756465223a6e756c6c2c226770735f666978223a66616c73657d
--- Sending ABP Packet (FCnt=64) ---
  Encrypted payload len: 138
  Encrypted payload (hex): d497514790e61e88b796f1a8107a74c94e3c17c4c5cdba72b9a4baa7a1cf7f71e18366ced0b6e99885ff0f9563f90bea85dc1b09a9af019c98094aee458c065fec1774043a3a6161ddecce0f0d7b2b91e375afe36cbb5eefeb3244d987ed7efb0022a9dc8af091b56154e59ac604287ee3f73d2e752d8814c83e4863e432e5fe19c442df1cc24c83ed89
  Payload: 7b2274797065223a2272656164696e67222c226e6f64654944223a312c2274656d70223a32392e312c2268756d6964697479223a35322e302c22636f5f70706d223a313634342e352c226c61746974756465223a6e756c6c2c226c6f6e676974756465223a6e756c6c2c22616c746974756465223a6e756c6c2c226770735f666978223a66616c73657d
  PHY Pkt: 406b27600000400001d497514790e61e88b796f1a8107a74c94e3c17c4c5cdba72b9a4baa7a1cf7f71e18366ced0b6e99885ff0f9563f90bea85dc1b09a9af019c98094aee458c065fec1774043a3a6161ddecce0f0d7b2b91e375afe36cbb5eefeb3244d987ed7efb0022a9dc8af091b56154e59ac604287ee3f73d2e752d8814c83e4863e432e5fe19c442df1cc24c83ed899fb49a36
  PHY payload len: 151 type: <class 'bytes'>
  lora.write used: list
→ Packet SENT
[AUDIO] Recording saved: ../recordings/clip_20251117_153548.wav
[AUDIO] ⚠️  Classification model not yet integrated - returning placeholder

============================================================
Timestamp: 2025-11-17 15:35:53
------------------------------------------------------------
🌡️  Temperature: 29.1°C (Normal)
💧 Humidity: 52.4% (Normal)
🔥 CO Level: 1645.1 ppm | Voltage: 0.584V | Rs: 75.63kΩ
   ⚠️  REMINDER: Calibrate R0 in clean air for accurate readings
📍 GPS: No data (check wiring or wait for warm-up)
🎤 Audio: LOW-RISK (not sent in reading packet)
============================================================

📡 LoRa JSON Packet Ready: {'type': 'reading', 'nodeID': 1, 'temp': 29.1, 'humidity': 52.4, 'co_ppm': 1645.1, 'latitude': None, 'longitude': None, 'altitude': None, 'gps_fix': False}
   JSON bytes len: 138 hex: 7b2274797065223a2272656164696e67222c226e6f64654944223a312c2274656d70223a32392e312c2268756d6964697479223a35322e342c22636f5f70706d223a313634352e312c226c61746974756465223a6e756c6c2c226c6f6e676974756465223a6e756c6c2c22616c746974756465223a6e756c6c2c226770735f666978223a66616c73657d
--- Sending ABP Packet (FCnt=65) ---
  Encrypted payload len: 138
  Encrypted payload (hex): 8f2db82d6eacae361f4ddba7a458612a8132b2f74a784726b01d562026c0594113383a68a66c60cc91c82e5d2aa9c9cdc25732723677d7a768bf4456168e182c90c14f6c485650bd8d190a0ae91d0a86b0d91d155dce27a1077ef4708d007bb4cbb8aaa1dde5f13b99a347d96ef91f3f14935de99c52bf049e7e1b3af50a5ffc4dd27ffbff2ca0dff9d1
  Payload: 7b2274797065223a2272656164696e67222c226e6f64654944223a312c2274656d70223a32392e312c2268756d6964697479223a35322e342c22636f5f70706d223a313634352e312c226c61746974756465223a6e756c6c2c226c6f6e676974756465223a6e756c6c2c22616c746974756465223a6e756c6c2c226770735f666978223a66616c73657d
  PHY Pkt: 406b276000004100018f2db82d6eacae361f4ddba7a458612a8132b2f74a784726b01d562026c0594113383a68a66c60cc91c82e5d2aa9c9cdc25732723677d7a768bf4456168e182c90c14f6c485650bd8d190a0ae91d0a86b0d91d155dce27a1077ef4708d007bb4cbb8aaa1dde5f13b99a347d96ef91f3f14935de99c52bf049e7e1b3af50a5ffc4dd27ffbff2ca0dff9d1ed215396
  PHY payload len: 151 type: <class 'bytes'>
  lora.write used: list
→ Packet SENT
[AUDIO] Recording saved: ../recordings/clip_20251117_153649.wav
[AUDIO] ⚠️  Classification model not yet integrated - returning placeholder

============================================================
Timestamp: 2025-11-17 15:36:54
------------------------------------------------------------
🌡️  Temperature: 29.1°C (Normal)
💧 Humidity: 52.4% (Normal)
🔥 CO Level: 1645.1 ppm | Voltage: 0.584V | Rs: 75.63kΩ
   ⚠️  REMINDER: Calibrate R0 in clean air for accurate readings
📍 GPS: No data (check wiring or wait for warm-up)
🎤 Audio: LOW-RISK (not sent in reading packet)
============================================================

📡 LoRa JSON Packet Ready: {'type': 'reading', 'nodeID': 1, 'temp': 29.1, 'humidity': 52.4, 'co_ppm': 1645.1, 'latitude': None, 'longitude': None, 'altitude': None, 'gps_fix': False}
   JSON bytes len: 138 hex: 7b2274797065223a2272656164696e67222c226e6f64654944223a312c2274656d70223a32392e312c2268756d6964697479223a35322e342c22636f5f70706d223a313634352e312c226c61746974756465223a6e756c6c2c226c6f6e676974756465223a6e756c6c2c22616c746974756465223a6e756c6c2c226770735f666978223a66616c73657d
[LoRa][WARN] ⚠️  Payload appears identical to last packet!
--- Sending ABP Packet (FCnt=66) ---
  Encrypted payload len: 138
  Encrypted payload (hex): 367e11e5f2bcf1aea35463c2733b94ba025956278a02ba22b289430e17719d01247089e4c3251a5f1f32b6bae75b57a3e42e9123eefb9a1e88d35d263cc97c3a2037eb8640b97682215c005068de98b5884d9980859eaefe7e7d7a71e866a654c3ebe1eb71be6a3b0fbf59a9d901099497f82b1d6828b09796deee39771a4ef1a556dc7e821492d89930
  Payload: 7b2274797065223a2272656164696e67222c226e6f64654944223a312c2274656d70223a32392e312c2268756d6964697479223a35322e342c22636f5f70706d223a313634352e312c226c61746974756465223a6e756c6c2c226c6f6e676974756465223a6e756c6c2c22616c746974756465223a6e756c6c2c226770735f666978223a66616c73657d
  PHY Pkt: 406b27600000420001367e11e5f2bcf1aea35463c2733b94ba025956278a02ba22b289430e17719d01247089e4c3251a5f1f32b6bae75b57a3e42e9123eefb9a1e88d35d263cc97c3a2037eb8640b97682215c005068de98b5884d9980859eaefe7e7d7a71e866a654c3ebe1eb71be6a3b0fbf59a9d901099497f82b1d6828b09796deee39771a4ef1a556dc7e821492d89930c1b688d7
  PHY payload len: 151 type: <class 'bytes'>
  lora.write used: list
→ Packet SENT
[DHT22] Reading error: A full buffer was not returned. Try again.
[AUDIO] Recording saved: ../recordings/clip_20251117_153749.wav
[AUDIO] ⚠️  Classification model not yet integrated - returning placeholder

============================================================
Timestamp: 2025-11-17 15:37:54
------------------------------------------------------------
🌡️  Temperature: ERROR
💧 Humidity: ERROR
🔥 CO Level: 1645.7 ppm | Voltage: 0.584V | Rs: 75.62kΩ
   ⚠️  REMINDER: Calibrate R0 in clean air for accurate readings
📍 GPS: No data (check wiring or wait for warm-up)
🎤 Audio: LOW-RISK (not sent in reading packet)
============================================================

📡 LoRa JSON Packet Ready: {'type': 'reading', 'nodeID': 1, 'temp': None, 'humidity': None, 'co_ppm': 1645.7, 'latitude': None, 'longitude': None, 'altitude': None, 'gps_fix': False}
   JSON bytes len: 138 hex: 7b2274797065223a2272656164696e67222c226e6f64654944223a312c2274656d70223a6e756c6c2c2268756d6964697479223a6e756c6c2c22636f5f70706d223a313634352e372c226c61746974756465223a6e756c6c2c226c6f6e676974756465223a6e756c6c2c22616c746974756465223a6e756c6c2c226770735f666978223a66616c73657d
--- Sending ABP Packet (FCnt=67) ---
  Encrypted payload len: 138
  Encrypted payload (hex): 444735c97b75c9b073e5abbf2c67c605aa025f3c005746aceb618d41445f67c4c456c1e02cd84061c383f7c391ca7fdce86a11572425ad923a9659781f8f5a3338de715c233c758ced214709d864aff4649878216fd79cf3075bdcecd6c702df11d461363596928e3846dcb41d3fab6eb1a6ffae0f4d4f9de7cc8aa5bb9c4e286d8278494ea6faa48bf7
  Payload: 7b2274797065223a2272656164696e67222c226e6f64654944223a312c2274656d70223a6e756c6c2c2268756d6964697479223a6e756c6c2c22636f5f70706d223a313634352e372c226c61746974756465223a6e756c6c2c226c6f6e676974756465223a6e756c6c2c22616c746974756465223a6e756c6c2c226770735f666978223a66616c73657d
  PHY Pkt: 406b27600000430001444735c97b75c9b073e5abbf2c67c605aa025f3c005746aceb618d41445f67c4c456c1e02cd84061c383f7c391ca7fdce86a11572425ad923a9659781f8f5a3338de715c233c758ced214709d864aff4649878216fd79cf3075bdcecd6c702df11d461363596928e3846dcb41d3fab6eb1a6ffae0f4d4f9de7cc8aa5bb9c4e286d8278494ea6faa48bf747627cac
  PHY payload len: 151 type: <class 'bytes'>
  lora.write used: list
→ Packet SENT
[AUDIO] Recording saved: ../recordings/clip_20251117_153850.wav
[AUDIO] ⚠️  Classification model not yet integrated - returning placeholder

============================================================
Timestamp: 2025-11-17 15:38:55
------------------------------------------------------------
🌡️  Temperature: 29.1°C (Normal)
💧 Humidity: 52.4% (Normal)
🔥 CO Level: 1645.7 ppm | Voltage: 0.584V | Rs: 75.62kΩ
   ⚠️  REMINDER: Calibrate R0 in clean air for accurate readings
📍 GPS: No data (check wiring or wait for warm-up)
🎤 Audio: LOW-RISK (not sent in reading packet)
============================================================

📡 LoRa JSON Packet Ready: {'type': 'reading', 'nodeID': 1, 'temp': 29.1, 'humidity': 52.4, 'co_ppm': 1645.7, 'latitude': None, 'longitude': None, 'altitude': None, 'gps_fix': False}
   JSON bytes len: 138 hex: 7b2274797065223a2272656164696e67222c226e6f64654944223a312c2274656d70223a32392e312c2268756d6964697479223a35322e342c22636f5f70706d223a313634352e372c226c61746974756465223a6e756c6c2c226c6f6e676974756465223a6e756c6c2c22616c746974756465223a6e756c6c2c226770735f666978223a66616c73657d
--- Sending ABP Packet (FCnt=68) ---
  Encrypted payload len: 138
  Encrypted payload (hex): 1025e78fa2da6a20d2e95ab9d111f3c4ba2ef908a0f98fcc30451601c3dd685c3cb51c0ecd612e64d9635f6f8ab2e210a8e30ada2917526c4ccccef86877a445a5a4d78dc84a3d9a2ba198ef16f9f3d6089a84c433d6d9eda9cbb4e3ad6e917cb8da973058fb246bfea791fa222f13399bb65bf638661fd6164ecd13613f4daa2039e3d44e7770a8c37e
  Payload: 7b2274797065223a2272656164696e67222c226e6f64654944223a312c2274656d70223a32392e312c2268756d6964697479223a35322e342c22636f5f70706d223a313634352e372c226c61746974756465223a6e756c6c2c226c6f6e676974756465223a6e756c6c2c22616c746974756465223a6e756c6c2c226770735f666978223a66616c73657d
  PHY Pkt: 406b276000004400011025e78fa2da6a20d2e95ab9d111f3c4ba2ef908a0f98fcc30451601c3dd685c3cb51c0ecd612e64d9635f6f8ab2e210a8e30ada2917526c4ccccef86877a445a5a4d78dc84a3d9a2ba198ef16f9f3d6089a84c433d6d9eda9cbb4e3ad6e917cb8da973058fb246bfea791fa222f13399bb65bf638661fd6164ecd13613f4daa2039e3d44e7770a8c37eadc9eb6e
  PHY payload len: 151 type: <class 'bytes'>
  lora.write used: list
→ Packet SENT
[AUDIO] Recording saved: ../recordings/clip_20251117_153951.wav
[AUDIO] ⚠️  Classification model not yet integrated - returning placeholder

============================================================
Timestamp: 2025-11-17 15:39:56
------------------------------------------------------------
🌡️  Temperature: 29.1°C (Normal)
💧 Humidity: 52.4% (Normal)
🔥 CO Level: 1644.5 ppm | Voltage: 0.584V | Rs: 75.65kΩ
   ⚠️  REMINDER: Calibrate R0 in clean air for accurate readings
📍 GPS: No data (check wiring or wait for warm-up)
🎤 Audio: LOW-RISK (not sent in reading packet)
============================================================

📡 LoRa JSON Packet Ready: {'type': 'reading', 'nodeID': 1, 'temp': 29.1, 'humidity': 52.4, 'co_ppm': 1644.5, 'latitude': None, 'longitude': None, 'altitude': None, 'gps_fix': False}
   JSON bytes len: 138 hex: 7b2274797065223a2272656164696e67222c226e6f64654944223a312c2274656d70223a32392e312c2268756d6964697479223a35322e342c22636f5f70706d223a313634342e352c226c61746974756465223a6e756c6c2c226c6f6e676974756465223a6e756c6c2c22616c746974756465223a6e756c6c2c226770735f666978223a66616c73657d
--- Sending ABP Packet (FCnt=69) ---
  Encrypted payload len: 138
  Encrypted payload (hex): 67f1f4d61cb3ab0c7c65846eb6d3864f16ce44cdb4c65d04170e1be68c83143511939fe76bdefa76e77ad7e65e66b62dee4d73122563488a3ee5673679033a676c1243a61dd195b12927a84b0df587cae25c56c616d298a486e92630aadf337ced402f30fb00682d6b59372d04492fb619727d984bbe7ab1b81e05bc5e18df58cee9ada4105d92181bfa
  Payload: 7b2274797065223a2272656164696e67222c226e6f64654944223a312c2274656d70223a32392e312c2268756d6964697479223a35322e342c22636f5f70706d223a313634342e352c226c61746974756465223a6e756c6c2c226c6f6e676974756465223a6e756c6c2c22616c746974756465223a6e756c6c2c226770735f666978223a66616c73657d
  PHY Pkt: 406b2760000045000167f1f4d61cb3ab0c7c65846eb6d3864f16ce44cdb4c65d04170e1be68c83143511939fe76bdefa76e77ad7e65e66b62dee4d73122563488a3ee5673679033a676c1243a61dd195b12927a84b0df587cae25c56c616d298a486e92630aadf337ced402f30fb00682d6b59372d04492fb619727d984bbe7ab1b81e05bc5e18df58cee9ada4105d92181bfa0922f84e
  PHY payload len: 151 type: <class 'bytes'>
  lora.write used: list
→ Packet SENT
[DHT22] Reading error: A full buffer was not returned. Try again.
[AUDIO] Recording saved: ../recordings/clip_20251117_154051.wav
[AUDIO] ⚠️  Classification model not yet integrated - returning placeholder

============================================================
Timestamp: 2025-11-17 15:40:56
------------------------------------------------------------
🌡️  Temperature: ERROR
💧 Humidity: ERROR
🔥 CO Level: 1645.7 ppm | Voltage: 0.584V | Rs: 75.62kΩ
   ⚠️  REMINDER: Calibrate R0 in clean air for accurate readings
📍 GPS: No data (check wiring or wait for warm-up)
🎤 Audio: LOW-RISK (not sent in reading packet)
============================================================

📡 LoRa JSON Packet Ready: {'type': 'reading', 'nodeID': 1, 'temp': None, 'humidity': None, 'co_ppm': 1645.7, 'latitude': None, 'longitude': None, 'altitude': None, 'gps_fix': False}
   JSON bytes len: 138 hex: 7b2274797065223a2272656164696e67222c226e6f64654944223a312c2274656d70223a6e756c6c2c2268756d6964697479223a6e756c6c2c22636f5f70706d223a313634352e372c226c61746974756465223a6e756c6c2c226c6f6e676974756465223a6e756c6c2c22616c746974756465223a6e756c6c2c226770735f666978223a66616c73657d
--- Sending ABP Packet (FCnt=70) ---
  Encrypted payload len: 138
  Encrypted payload (hex): 352fa76073ceb5659aed460b33ef90c9e9c41e00877a8af354c16e3df07fbcc6ac44f2e8b736c87cdd03fc7c969d9348995952d11cf980cb7d7e9579c742278d3ba62f629bb65da3d08202509c80cd1bf55426a9ef314bfedc9faa43b2c34f0abe6326eed27fd862365d2455765be719b6f6c3e7c8f26661169c19d8f2a7446aa57538bf91b946f1ac3a
  Payload: 7b2274797065223a2272656164696e67222c226e6f64654944223a312c2274656d70223a6e756c6c2c2268756d6964697479223a6e756c6c2c22636f5f70706d223a313634352e372c226c61746974756465223a6e756c6c2c226c6f6e676974756465223a6e756c6c2c22616c746974756465223a6e756c6c2c226770735f666978223a66616c73657d
  PHY Pkt: 406b27600000460001352fa76073ceb5659aed460b33ef90c9e9c41e00877a8af354c16e3df07fbcc6ac44f2e8b736c87cdd03fc7c969d9348995952d11cf980cb7d7e9579c742278d3ba62f629bb65da3d08202509c80cd1bf55426a9ef314bfedc9faa43b2c34f0abe6326eed27fd862365d2455765be719b6f6c3e7c8f26661169c19d8f2a7446aa57538bf91b946f1ac3add300b2e
  PHY payload len: 151 type: <class 'bytes'>
  lora.write used: list
→ Packet SENT
[AUDIO] Recording saved: ../recordings/clip_20251117_154152.wav
[AUDIO] ⚠️  Classification model not yet integrated - returning placeholder

============================================================
Timestamp: 2025-11-17 15:41:57
------------------------------------------------------------
🌡️  Temperature: 29.1°C (Normal)
💧 Humidity: 54.5% (Normal)
🔥 CO Level: 1647.5 ppm | Voltage: 0.584V | Rs: 75.56kΩ
   ⚠️  REMINDER: Calibrate R0 in clean air for accurate readings
📍 GPS: No data (check wiring or wait for warm-up)
🎤 Audio: LOW-RISK (not sent in reading packet)
============================================================

📡 LoRa JSON Packet Ready: {'type': 'reading', 'nodeID': 1, 'temp': 29.1, 'humidity': 54.5, 'co_ppm': 1647.5, 'latitude': None, 'longitude': None, 'altitude': None, 'gps_fix': False}
   JSON bytes len: 138 hex: 7b2274797065223a2272656164696e67222c226e6f64654944223a312c2274656d70223a32392e312c2268756d6964697479223a35342e352c22636f5f70706d223a313634372e352c226c61746974756465223a6e756c6c2c226c6f6e676974756465223a6e756c6c2c22616c746974756465223a6e756c6c2c226770735f666978223a66616c73657d
--- Sending ABP Packet (FCnt=71) ---
  Encrypted payload len: 138
  Encrypted payload (hex): aaa3e061bfdd9c5396f2a759945a553dc25be6a60bd243a12fb80093a8b565a4145e455543a1e3100900cd4269813f156e67d8b7a9b159c1db1782a68092209bebb3720de95bee5cda0f0020f5b01a618793f54334a19ad47d56c8cbd43393871295353e148c09e818529fe720d3efa8ae6dc64054270046ce3d49ae163aced6e69017283927cde96181
  Payload: 7b2274797065223a2272656164696e67222c226e6f64654944223a312c2274656d70223a32392e312c2268756d6964697479223a35342e352c22636f5f70706d223a313634372e352c226c61746974756465223a6e756c6c2c226c6f6e676974756465223a6e756c6c2c22616c746974756465223a6e756c6c2c226770735f666978223a66616c73657d
  PHY Pkt: 406b27600000470001aaa3e061bfdd9c5396f2a759945a553dc25be6a60bd243a12fb80093a8b565a4145e455543a1e3100900cd4269813f156e67d8b7a9b159c1db1782a68092209bebb3720de95bee5cda0f0020f5b01a618793f54334a19ad47d56c8cbd43393871295353e148c09e818529fe720d3efa8ae6dc64054270046ce3d49ae163aced6e69017283927cde96181ee26978c
  PHY payload len: 151 type: <class 'bytes'>
  lora.write used: list
→ Packet SENT
[AUDIO] Recording saved: ../recordings/clip_20251117_154252.wav
[AUDIO] ⚠️  Classification model not yet integrated - returning placeholder

============================================================
Timestamp: 2025-11-17 15:42:57
------------------------------------------------------------
🌡️  Temperature: 29.1°C (Normal)
💧 Humidity: 54.1% (Normal)
🔥 CO Level: 1644.5 ppm | Voltage: 0.584V | Rs: 75.65kΩ
   ⚠️  REMINDER: Calibrate R0 in clean air for accurate readings
📍 GPS: No data (check wiring or wait for warm-up)
🎤 Audio: LOW-RISK (not sent in reading packet)
============================================================

📡 LoRa JSON Packet Ready: {'type': 'reading', 'nodeID': 1, 'temp': 29.1, 'humidity': 54.1, 'co_ppm': 1644.5, 'latitude': None, 'longitude': None, 'altitude': None, 'gps_fix': False}
   JSON bytes len: 138 hex: 7b2274797065223a2272656164696e67222c226e6f64654944223a312c2274656d70223a32392e312c2268756d6964697479223a35342e312c22636f5f70706d223a313634342e352c226c61746974756465223a6e756c6c2c226c6f6e676974756465223a6e756c6c2c22616c746974756465223a6e756c6c2c226770735f666978223a66616c73657d
--- Sending ABP Packet (FCnt=72) ---
  Encrypted payload len: 138
  Encrypted payload (hex): 234824ff3dfe0c1cfede2e7bc8d74c15a2a64e587a5543275b0f4f826d8f29c1354c710d889baaf308ea4ae5da3731298915938baf9d98450748366d12ed081371d859346e47587915f94ef370b66db8aab192c1c02ce720c91d033885fffed03f7a58cad9e37ade812932bfba34073758cd2c35cf13904698a1c23659fd49fa139a7edeb56f5709fe88
  Payload: 7b2274797065223a2272656164696e67222c226e6f64654944223a312c2274656d70223a32392e312c2268756d6964697479223a35342e312c22636f5f70706d223a313634342e352c226c61746974756465223a6e756c6c2c226c6f6e676974756465223a6e756c6c2c22616c746974756465223a6e756c6c2c226770735f666978223a66616c73657d
  PHY Pkt: 406b27600000480001234824ff3dfe0c1cfede2e7bc8d74c15a2a64e587a5543275b0f4f826d8f29c1354c710d889baaf308ea4ae5da3731298915938baf9d98450748366d12ed081371d859346e47587915f94ef370b66db8aab192c1c02ce720c91d033885fffed03f7a58cad9e37ade812932bfba34073758cd2c35cf13904698a1c23659fd49fa139a7edeb56f5709fe88341fdb3e
  PHY payload len: 151 type: <class 'bytes'>
  lora.write used: list
→ Packet SENT
[AUDIO] Recording saved: ../recordings/clip_20251117_154353.wav
[AUDIO] ⚠️  Classification model not yet integrated - returning placeholder

============================================================
Timestamp: 2025-11-17 15:43:58
------------------------------------------------------------
🌡️  Temperature: 29.1°C (Normal)
💧 Humidity: 54.1% (Normal)
🔥 CO Level: 1643.3 ppm | Voltage: 0.584V | Rs: 75.69kΩ
   ⚠️  REMINDER: Calibrate R0 in clean air for accurate readings
📍 GPS: No data (check wiring or wait for warm-up)
🎤 Audio: LOW-RISK (not sent in reading packet)
============================================================

📡 LoRa JSON Packet Ready: {'type': 'reading', 'nodeID': 1, 'temp': 29.1, 'humidity': 54.1, 'co_ppm': 1643.3, 'latitude': None, 'longitude': None, 'altitude': None, 'gps_fix': False}
   JSON bytes len: 138 hex: 7b2274797065223a2272656164696e67222c226e6f64654944223a312c2274656d70223a32392e312c2268756d6964697479223a35342e312c22636f5f70706d223a313634332e332c226c61746974756465223a6e756c6c2c226c6f6e676974756465223a6e756c6c2c22616c746974756465223a6e756c6c2c226770735f666978223a66616c73657d
--- Sending ABP Packet (FCnt=73) ---
  Encrypted payload len: 138
  Encrypted payload (hex): 428ef95a939a6651e8655f67281d8b273b19c4032b1d26eab83980d1b711be0d4adb7faf868c48fad34c9a496e6cf10ddddb64bb2518bf2dfd3cb5966805f9aa5aa0e7697d15ac5b4053800b62eade56e1f3b2ea7885a598e5db6d942ea29ac77c1898b1ea5f518d2870c18a540a8efcb57c0e357bbd8b18e746ed53a044e179cdf4403cc125bb899a1a
  Payload: 7b2274797065223a2272656164696e67222c226e6f64654944223a312c2274656d70223a32392e312c2268756d6964697479223a35342e312c22636f5f70706d223a313634332e332c226c61746974756465223a6e756c6c2c226c6f6e676974756465223a6e756c6c2c22616c746974756465223a6e756c6c2c226770735f666978223a66616c73657d
  PHY Pkt: 406b27600000490001428ef95a939a6651e8655f67281d8b273b19c4032b1d26eab83980d1b711be0d4adb7faf868c48fad34c9a496e6cf10ddddb64bb2518bf2dfd3cb5966805f9aa5aa0e7697d15ac5b4053800b62eade56e1f3b2ea7885a598e5db6d942ea29ac77c1898b1ea5f518d2870c18a540a8efcb57c0e357bbd8b18e746ed53a044e179cdf4403cc125bb899a1a13f5ff2a
  PHY payload len: 151 type: <class 'bytes'>
  lora.write used: list
→ Packet SENT
[AUDIO] Recording saved: ../recordings/clip_20251117_154454.wav
[AUDIO] ⚠️  Classification model not yet integrated - returning placeholder

============================================================
Timestamp: 2025-11-17 15:44:59
------------------------------------------------------------
🌡️  Temperature: 29.2°C (Normal)
💧 Humidity: 52.8% (Normal)
🔥 CO Level: 1644.5 ppm | Voltage: 0.584V | Rs: 75.65kΩ
   ⚠️  REMINDER: Calibrate R0 in clean air for accurate readings
📍 GPS: No data (check wiring or wait for warm-up)
🎤 Audio: LOW-RISK (not sent in reading packet)
============================================================

📡 LoRa JSON Packet Ready: {'type': 'reading', 'nodeID': 1, 'temp': 29.2, 'humidity': 52.8, 'co_ppm': 1644.5, 'latitude': None, 'longitude': None, 'altitude': None, 'gps_fix': False}
   JSON bytes len: 138 hex: 7b2274797065223a2272656164696e67222c226e6f64654944223a312c2274656d70223a32392e322c2268756d6964697479223a35322e382c22636f5f70706d223a313634342e352c226c61746974756465223a6e756c6c2c226c6f6e676974756465223a6e756c6c2c22616c746974756465223a6e756c6c2c226770735f666978223a66616c73657d
--- Sending ABP Packet (FCnt=74) ---
  Encrypted payload len: 138
  Encrypted payload (hex): b2d6e461477ce79f1ba3404c571840f4c9795c6859bb7cd82e9b2d383183953ca11c1af7dfbd0b8c971823de38599b278c7e7d87fb2cf3bf1185c194e3b5ad395c1bf103c981431bf34d981efc8209f04a0d021a690339485700a28750925da791fc1fecf05022b0e0c4a4ffbd74d3d329d8bc918103b56b1d8c22c595fba717f7b6021914b977d0aac0
  Payload: 7b2274797065223a2272656164696e67222c226e6f64654944223a312c2274656d70223a32392e322c2268756d6964697479223a35322e382c22636f5f70706d223a313634342e352c226c61746974756465223a6e756c6c2c226c6f6e676974756465223a6e756c6c2c22616c746974756465223a6e756c6c2c226770735f666978223a66616c73657d
  PHY Pkt: 406b276000004a0001b2d6e461477ce79f1ba3404c571840f4c9795c6859bb7cd82e9b2d383183953ca11c1af7dfbd0b8c971823de38599b278c7e7d87fb2cf3bf1185c194e3b5ad395c1bf103c981431bf34d981efc8209f04a0d021a690339485700a28750925da791fc1fecf05022b0e0c4a4ffbd74d3d329d8bc918103b56b1d8c22c595fba717f7b6021914b977d0aac00b479ed1
  PHY payload len: 151 type: <class 'bytes'>
  lora.write used: list
→ Packet SENT
[AUDIO] Recording saved: ../recordings/clip_20251117_154554.wav
[AUDIO] ⚠️  Classification model not yet integrated - returning placeholder

============================================================
Timestamp: 2025-11-17 15:45:59
------------------------------------------------------------
🌡️  Temperature: 29.2°C (Normal)
💧 Humidity: 52.2% (Normal)
🔥 CO Level: 1645.7 ppm | Voltage: 0.584V | Rs: 75.62kΩ
   ⚠️  REMINDER: Calibrate R0 in clean air for accurate readings
📍 GPS: No data (check wiring or wait for warm-up)
🎤 Audio: LOW-RISK (not sent in reading packet)
============================================================

📡 LoRa JSON Packet Ready: {'type': 'reading', 'nodeID': 1, 'temp': 29.2, 'humidity': 52.2, 'co_ppm': 1645.7, 'latitude': None, 'longitude': None, 'altitude': None, 'gps_fix': False}
   JSON bytes len: 138 hex: 7b2274797065223a2272656164696e67222c226e6f64654944223a312c2274656d70223a32392e322c2268756d6964697479223a35322e322c22636f5f70706d223a313634352e372c226c61746974756465223a6e756c6c2c226c6f6e676974756465223a6e756c6c2c22616c746974756465223a6e756c6c2c226770735f666978223a66616c73657d
--- Sending ABP Packet (FCnt=75) ---
  Encrypted payload len: 138
  Encrypted payload (hex): b868f59bc49d8844182171d45a2425ffd8b699f41bfb1170d85b9bc98c8a14bae815e0a0cd9004b1b0f7feec00757e317d271fec9266b77aba83ba94b8d22857dc387ef5e6bee1a2f37fdb351c06ef0f1c0e7af0ebbbc7262379848e98edb9733214d0a55197df2556844ab716c004010234de8b4322ed661eb830095f778784ba63d5e17b08eadb84f0
  Payload: 7b2274797065223a2272656164696e67222c226e6f64654944223a312c2274656d70223a32392e322c2268756d6964697479223a35322e322c22636f5f70706d223a313634352e372c226c61746974756465223a6e756c6c2c226c6f6e676974756465223a6e756c6c2c22616c746974756465223a6e756c6c2c226770735f666978223a66616c73657d
  PHY Pkt: 406b276000004b0001b868f59bc49d8844182171d45a2425ffd8b699f41bfb1170d85b9bc98c8a14bae815e0a0cd9004b1b0f7feec00757e317d271fec9266b77aba83ba94b8d22857dc387ef5e6bee1a2f37fdb351c06ef0f1c0e7af0ebbbc7262379848e98edb9733214d0a55197df2556844ab716c004010234de8b4322ed661eb830095f778784ba63d5e17b08eadb84f0ea9da608
  PHY payload len: 151 type: <class 'bytes'>
  lora.write used: list
→ Packet SENT
[AUDIO] Recording saved: ../recordings/clip_20251117_154655.wav
[AUDIO] ⚠️  Classification model not yet integrated - returning placeholder

============================================================
Timestamp: 2025-11-17 15:47:00
------------------------------------------------------------
🌡️  Temperature: 29.2°C (Normal)
💧 Humidity: 52.2% (Normal)
🔥 CO Level: 1644.5 ppm | Voltage: 0.584V | Rs: 75.65kΩ
   ⚠️  REMINDER: Calibrate R0 in clean air for accurate readings
📍 GPS: No data (check wiring or wait for warm-up)
🎤 Audio: LOW-RISK (not sent in reading packet)
============================================================

📡 LoRa JSON Packet Ready: {'type': 'reading', 'nodeID': 1, 'temp': 29.2, 'humidity': 52.2, 'co_ppm': 1644.5, 'latitude': None, 'longitude': None, 'altitude': None, 'gps_fix': False}
   JSON bytes len: 138 hex: 7b2274797065223a2272656164696e67222c226e6f64654944223a312c2274656d70223a32392e322c2268756d6964697479223a35322e322c22636f5f70706d223a313634342e352c226c61746974756465223a6e756c6c2c226c6f6e676974756465223a6e756c6c2c22616c746974756465223a6e756c6c2c226770735f666978223a66616c73657d
--- Sending ABP Packet (FCnt=76) ---
  Encrypted payload len: 138
  Encrypted payload (hex): 8c1c4d13fd0d2e3e00a1d42063137d2539105786c8998921dcdf72d7e1bc8d30ae704962da1bddb22833f509b11974aa999490efc43f82b901606c2c19f90db6528571346155d64692db14728343e7e5dc9f19e382f63bdc1b702a5419f299304a0993f8a7bfd332d9b0ced4780dbd1f6cf7507c0a14bfc021e09feb624a679bb09c116644b17fb453aa
  Payload: 7b2274797065223a2272656164696e67222c226e6f64654944223a312c2274656d70223a32392e322c2268756d6964697479223a35322e322c22636f5f70706d223a313634342e352c226c61746974756465223a6e756c6c2c226c6f6e676974756465223a6e756c6c2c22616c746974756465223a6e756c6c2c226770735f666978223a66616c73657d
  PHY Pkt: 406b276000004c00018c1c4d13fd0d2e3e00a1d42063137d2539105786c8998921dcdf72d7e1bc8d30ae704962da1bddb22833f509b11974aa999490efc43f82b901606c2c19f90db6528571346155d64692db14728343e7e5dc9f19e382f63bdc1b702a5419f299304a0993f8a7bfd332d9b0ced4780dbd1f6cf7507c0a14bfc021e09feb624a679bb09c116644b17fb453aa22953456
  PHY payload len: 151 type: <class 'bytes'>
  lora.write used: list
→ Packet SENT
[AUDIO] Recording saved: ../recordings/clip_20251117_154756.wav
[AUDIO] ⚠️  Classification model not yet integrated - returning placeholder

============================================================
Timestamp: 2025-11-17 15:48:01
------------------------------------------------------------
🌡️  Temperature: 29.2°C (Normal)
💧 Humidity: 52.2% (Normal)
🔥 CO Level: 1645.1 ppm | Voltage: 0.584V | Rs: 75.63kΩ
   ⚠️  REMINDER: Calibrate R0 in clean air for accurate readings
📍 GPS: No data (check wiring or wait for warm-up)
🎤 Audio: LOW-RISK (not sent in reading packet)
============================================================

📡 LoRa JSON Packet Ready: {'type': 'reading', 'nodeID': 1, 'temp': 29.2, 'humidity': 52.2, 'co_ppm': 1645.1, 'latitude': None, 'longitude': None, 'altitude': None, 'gps_fix': False}
   JSON bytes len: 138 hex: 7b2274797065223a2272656164696e67222c226e6f64654944223a312c2274656d70223a32392e322c2268756d6964697479223a35322e322c22636f5f70706d223a313634352e312c226c61746974756465223a6e756c6c2c226c6f6e676974756465223a6e756c6c2c22616c746974756465223a6e756c6c2c226770735f666978223a66616c73657d
--- Sending ABP Packet (FCnt=77) ---
  Encrypted payload len: 138
  Encrypted payload (hex): 4955954c4d66ea054d9defe7747f64aa3df8b990a5ea62f2e60ea4976ad5a750ff6ee2c971db7f7168226cf5309e4864f6d2a054dbc5662daa1cfe5be4e6b7381f1c501649208bd71285b48d2c43f7009e455d5db57476de6f1e8fab15c1755a33f03e063b7f5a4698bb959c713b21345a203dd8047dec34046bd9e6e4c05b648277c3e5e3d2fe444a95
  Payload: 7b2274797065223a2272656164696e67222c226e6f64654944223a312c2274656d70223a32392e322c2268756d6964697479223a35322e322c22636f5f70706d223a313634352e312c226c61746974756465223a6e756c6c2c226c6f6e676974756465223a6e756c6c2c22616c746974756465223a6e756c6c2c226770735f666978223a66616c73657d
  PHY Pkt: 406b276000004d00014955954c4d66ea054d9defe7747f64aa3df8b990a5ea62f2e60ea4976ad5a750ff6ee2c971db7f7168226cf5309e4864f6d2a054dbc5662daa1cfe5be4e6b7381f1c501649208bd71285b48d2c43f7009e455d5db57476de6f1e8fab15c1755a33f03e063b7f5a4698bb959c713b21345a203dd8047dec34046bd9e6e4c05b648277c3e5e3d2fe444a955ee70fe0
  PHY payload len: 151 type: <class 'bytes'>
  lora.write used: list
→ Packet SENT
[AUDIO] Recording saved: ../recordings/clip_20251117_154856.wav
[AUDIO] ⚠️  Classification model not yet integrated - returning placeholder

============================================================
Timestamp: 2025-11-17 15:49:01
------------------------------------------------------------
🌡️  Temperature: 29.0°C (Normal)
💧 Humidity: 50.6% (Normal)
🔥 CO Level: 1645.7 ppm | Voltage: 0.584V | Rs: 75.62kΩ
   ⚠️  REMINDER: Calibrate R0 in clean air for accurate readings
📍 GPS: No data (check wiring or wait for warm-up)
🎤 Audio: LOW-RISK (not sent in reading packet)
============================================================

📡 LoRa JSON Packet Ready: {'type': 'reading', 'nodeID': 1, 'temp': 29.0, 'humidity': 50.6, 'co_ppm': 1645.7, 'latitude': None, 'longitude': None, 'altitude': None, 'gps_fix': False}
   JSON bytes len: 138 hex: 7b2274797065223a2272656164696e67222c226e6f64654944223a312c2274656d70223a32392e302c2268756d6964697479223a35302e362c22636f5f70706d223a313634352e372c226c61746974756465223a6e756c6c2c226c6f6e676974756465223a6e756c6c2c22616c746974756465223a6e756c6c2c226770735f666978223a66616c73657d
--- Sending ABP Packet (FCnt=78) ---
  Encrypted payload len: 138
  Encrypted payload (hex): c7978e04d89c316e74d90185baaaa3a6d887f42d22772a7e894609c7778d33a69c90e13c1eaa5b92cfacd02bbd3f221c493e824a2ff0529658efaa9f9559c94e2c09d4923df76704c7d07ea0d78cd6106e9d77f3113fa498ca522885b2450c8f5318703f015865c44a3fb09e64989500e1562210bff06ae3b9350323410dec679ee617a36fc97d427095
  Payload: 7b2274797065223a2272656164696e67222c226e6f64654944223a312c2274656d70223a32392e302c2268756d6964697479223a35302e362c22636f5f70706d223a313634352e372c226c61746974756465223a6e756c6c2c226c6f6e676974756465223a6e756c6c2c22616c746974756465223a6e756c6c2c226770735f666978223a66616c73657d
  PHY Pkt: 406b276000004e0001c7978e04d89c316e74d90185baaaa3a6d887f42d22772a7e894609c7778d33a69c90e13c1eaa5b92cfacd02bbd3f221c493e824a2ff0529658efaa9f9559c94e2c09d4923df76704c7d07ea0d78cd6106e9d77f3113fa498ca522885b2450c8f5318703f015865c44a3fb09e64989500e1562210bff06ae3b9350323410dec679ee617a36fc97d4270953161c98f
  PHY payload len: 151 type: <class 'bytes'>
  lora.write used: list
→ Packet SENT
[AUDIO] Recording saved: ../recordings/clip_20251117_154957.wav
[AUDIO] ⚠️  Classification model not yet integrated - returning placeholder

============================================================
Timestamp: 2025-11-17 15:50:02
------------------------------------------------------------
🌡️  Temperature: 28.9°C (Normal)
💧 Humidity: 50.3% (Normal)
🔥 CO Level: 1646.9 ppm | Voltage: 0.584V | Rs: 75.58kΩ
   ⚠️  REMINDER: Calibrate R0 in clean air for accurate readings
📍 GPS: No data (check wiring or wait for warm-up)
🎤 Audio: LOW-RISK (not sent in reading packet)
============================================================

📡 LoRa JSON Packet Ready: {'type': 'reading', 'nodeID': 1, 'temp': 28.9, 'humidity': 50.3, 'co_ppm': 1646.9, 'latitude': None, 'longitude': None, 'altitude': None, 'gps_fix': False}
   JSON bytes len: 138 hex: 7b2274797065223a2272656164696e67222c226e6f64654944223a312c2274656d70223a32382e392c2268756d6964697479223a35302e332c22636f5f70706d223a313634362e392c226c61746974756465223a6e756c6c2c226c6f6e676974756465223a6e756c6c2c22616c746974756465223a6e756c6c2c226770735f666978223a66616c73657d
--- Sending ABP Packet (FCnt=79) ---
  Encrypted payload len: 138
  Encrypted payload (hex): afd0686fb68c154836a06fe44a0930983f4d0764bd5ebf1ee6ecbbdcae8b0bbdabd1eac86d3d35aa100a51a53e1cbab18bbe3d9b693095e1ed9127d850f569ff050e20e6bc6013b2b1ecd98ef4a276a0d82ae28115e6edb9f5fcb09db8787e398bb42c50106aa4df477b51d5d8cd532166541dfb52693b2e83cb0a5e7a029834713308ec57a0fcbd75b2
  Payload: 7b2274797065223a2272656164696e67222c226e6f64654944223a312c2274656d70223a32382e392c2268756d6964697479223a35302e332c22636f5f70706d223a313634362e392c226c61746974756465223a6e756c6c2c226c6f6e676974756465223a6e756c6c2c22616c746974756465223a6e756c6c2c226770735f666978223a66616c73657d
  PHY Pkt: 406b276000004f0001afd0686fb68c154836a06fe44a0930983f4d0764bd5ebf1ee6ecbbdcae8b0bbdabd1eac86d3d35aa100a51a53e1cbab18bbe3d9b693095e1ed9127d850f569ff050e20e6bc6013b2b1ecd98ef4a276a0d82ae28115e6edb9f5fcb09db8787e398bb42c50106aa4df477b51d5d8cd532166541dfb52693b2e83cb0a5e7a029834713308ec57a0fcbd75b2ea1cd7e7
  PHY payload len: 151 type: <class 'bytes'>
  lora.write used: list
→ Packet SENT
[AUDIO] Recording saved: ../recordings/clip_20251117_155057.wav
[AUDIO] ⚠️  Classification model not yet integrated - returning placeholder

============================================================
Timestamp: 2025-11-17 15:51:02
------------------------------------------------------------
🌡️  Temperature: 28.8°C (Normal)
💧 Humidity: 49.8% (Normal)
🔥 CO Level: 1643.9 ppm | Voltage: 0.584V | Rs: 75.67kΩ
   ⚠️  REMINDER: Calibrate R0 in clean air for accurate readings
📍 GPS: No data (check wiring or wait for warm-up)
🎤 Audio: LOW-RISK (not sent in reading packet)
============================================================

📡 LoRa JSON Packet Ready: {'type': 'reading', 'nodeID': 1, 'temp': 28.8, 'humidity': 49.8, 'co_ppm': 1643.9, 'latitude': None, 'longitude': None, 'altitude': None, 'gps_fix': False}
   JSON bytes len: 138 hex: 7b2274797065223a2272656164696e67222c226e6f64654944223a312c2274656d70223a32382e382c2268756d6964697479223a34392e382c22636f5f70706d223a313634332e392c226c61746974756465223a6e756c6c2c226c6f6e676974756465223a6e756c6c2c22616c746974756465223a6e756c6c2c226770735f666978223a66616c73657d
--- Sending ABP Packet (FCnt=80) ---
  Encrypted payload len: 138
  Encrypted payload (hex): a4f2256eed17b4674334b47a1cfbc8113270fd9ab222204fce2519fe1119de5d56a8ffab3ff13c60e753f2a63615245f71eeb581f03d8e79147bd5aa238f1ee9f1a8f1fa3d87140bbc2bc26efc8aca264113f640b8568de347b0cad77c02aac760a0ab7b98bb0f6926ccd4c4ec4dead63ae17e4b4bcf9bf8c2cf722c3c9af3b7b774e3d43446017fb23c
  Payload: 7b2274797065223a2272656164696e67222c226e6f64654944223a312c2274656d70223a32382e382c2268756d6964697479223a34392e382c22636f5f70706d223a313634332e392c226c61746974756465223a6e756c6c2c226c6f6e676974756465223a6e756c6c2c22616c746974756465223a6e756c6c2c226770735f666978223a66616c73657d
  PHY Pkt: 406b27600000500001a4f2256eed17b4674334b47a1cfbc8113270fd9ab222204fce2519fe1119de5d56a8ffab3ff13c60e753f2a63615245f71eeb581f03d8e79147bd5aa238f1ee9f1a8f1fa3d87140bbc2bc26efc8aca264113f640b8568de347b0cad77c02aac760a0ab7b98bb0f6926ccd4c4ec4dead63ae17e4b4bcf9bf8c2cf722c3c9af3b7b774e3d43446017fb23ce645cf4f
  PHY payload len: 151 type: <class 'bytes'>
  lora.write used: list
→ Packet SENT
[AUDIO] Recording saved: ../recordings/clip_20251117_155158.wav
[AUDIO] ⚠️  Classification model not yet integrated - returning placeholder

============================================================
Timestamp: 2025-11-17 15:52:03
------------------------------------------------------------
🌡️  Temperature: 28.8°C (Normal)
💧 Humidity: 49.8% (Normal)
🔥 CO Level: 1643.9 ppm | Voltage: 0.584V | Rs: 75.67kΩ
   ⚠️  REMINDER: Calibrate R0 in clean air for accurate readings
📍 GPS: No data (check wiring or wait for warm-up)
🎤 Audio: LOW-RISK (not sent in reading packet)
============================================================

📡 LoRa JSON Packet Ready: {'type': 'reading', 'nodeID': 1, 'temp': 28.8, 'humidity': 49.8, 'co_ppm': 1643.9, 'latitude': None, 'longitude': None, 'altitude': None, 'gps_fix': False}
   JSON bytes len: 138 hex: 7b2274797065223a2272656164696e67222c226e6f64654944223a312c2274656d70223a32382e382c2268756d6964697479223a34392e382c22636f5f70706d223a313634332e392c226c61746974756465223a6e756c6c2c226c6f6e676974756465223a6e756c6c2c22616c746974756465223a6e756c6c2c226770735f666978223a66616c73657d
[LoRa][WARN] ⚠️  Payload appears identical to last packet!
--- Sending ABP Packet (FCnt=81) ---
  Encrypted payload len: 138
  Encrypted payload (hex): c3a6cfec2b4f05180fda15f666233f3c101c3a8af778e3a596c41126d9e81f7ec1a6fc630ac9fc647527d315056aeb2ab0c7d4a466dedd3840699578ad25ccd6a6635a119f5cb05303aa1dd49f64f405acc74e4b5d4ea7c0947be4b1b3943932b4a023386db47b7bb46d1d4956f16876b64538a4d165c8cca7e8fcf4f6b48962d873c7dfa7113a0ead5f
  Payload: 7b2274797065223a2272656164696e67222c226e6f64654944223a312c2274656d70223a32382e382c2268756d6964697479223a34392e382c22636f5f70706d223a313634332e392c226c61746974756465223a6e756c6c2c226c6f6e676974756465223a6e756c6c2c22616c746974756465223a6e756c6c2c226770735f666978223a66616c73657d
  PHY Pkt: 406b27600000510001c3a6cfec2b4f05180fda15f666233f3c101c3a8af778e3a596c41126d9e81f7ec1a6fc630ac9fc647527d315056aeb2ab0c7d4a466dedd3840699578ad25ccd6a6635a119f5cb05303aa1dd49f64f405acc74e4b5d4ea7c0947be4b1b3943932b4a023386db47b7bb46d1d4956f16876b64538a4d165c8cca7e8fcf4f6b48962d873c7dfa7113a0ead5fe8246e6c
  PHY payload len: 151 type: <class 'bytes'>
  lora.write used: list
→ Packet SENT
[AUDIO] Recording saved: ../recordings/clip_20251117_155259.wav
[AUDIO] ⚠️  Classification model not yet integrated - returning placeholder

============================================================
Timestamp: 2025-11-17 15:53:04
------------------------------------------------------------
🌡️  Temperature: 28.8°C (Normal)
💧 Humidity: 49.0% (Normal)
🔥 CO Level: 1643.3 ppm | Voltage: 0.584V | Rs: 75.69kΩ
   ⚠️  REMINDER: Calibrate R0 in clean air for accurate readings
📍 GPS: No data (check wiring or wait for warm-up)
🎤 Audio: LOW-RISK (not sent in reading packet)
============================================================

📡 LoRa JSON Packet Ready: {'type': 'reading', 'nodeID': 1, 'temp': 28.8, 'humidity': 49.0, 'co_ppm': 1643.3, 'latitude': None, 'longitude': None, 'altitude': None, 'gps_fix': False}
   JSON bytes len: 138 hex: 7b2274797065223a2272656164696e67222c226e6f64654944223a312c2274656d70223a32382e382c2268756d6964697479223a34392e302c22636f5f70706d223a313634332e332c226c61746974756465223a6e756c6c2c226c6f6e676974756465223a6e756c6c2c22616c746974756465223a6e756c6c2c226770735f666978223a66616c73657d
--- Sending ABP Packet (FCnt=82) ---
  Encrypted payload len: 138
  Encrypted payload (hex): f4ff77c491d2bed505b72d6d02a48d091564869bc92c90cf5ce948bf579a9259a942e5d42ded0ad16feab5dc6308d45930e7ddeeb2b90602928317363f750b3e5cfbd6ba0d22b43e4367c8fddda0c5a5f6b2d1908232c0f30eae7d8417f65c035edb481f0e2e3fec37fc5e94873f5ac280a0e0a202d3941e4c2dbeb8235376d2c1d7ccb31713df6141e5
  Payload: 7b2274797065223a2272656164696e67222c226e6f64654944223a312c2274656d70223a32382e382c2268756d6964697479223a34392e302c22636f5f70706d223a313634332e332c226c61746974756465223a6e756c6c2c226c6f6e676974756465223a6e756c6c2c22616c746974756465223a6e756c6c2c226770735f666978223a66616c73657d
  PHY Pkt: 406b27600000520001f4ff77c491d2bed505b72d6d02a48d091564869bc92c90cf5ce948bf579a9259a942e5d42ded0ad16feab5dc6308d45930e7ddeeb2b90602928317363f750b3e5cfbd6ba0d22b43e4367c8fddda0c5a5f6b2d1908232c0f30eae7d8417f65c035edb481f0e2e3fec37fc5e94873f5ac280a0e0a202d3941e4c2dbeb8235376d2c1d7ccb31713df6141e58caf2ce6
  PHY payload len: 151 type: <class 'bytes'>
  lora.write used: list
→ Packet SENT
[AUDIO] Recording saved: ../recordings/clip_20251117_155359.wav
[AUDIO] ⚠️  Classification model not yet integrated - returning placeholder

============================================================
Timestamp: 2025-11-17 15:54:04
------------------------------------------------------------
🌡️  Temperature: 28.8°C (Normal)
💧 Humidity: 49.6% (Normal)
🔥 CO Level: 1646.3 ppm | Voltage: 0.584V | Rs: 75.6kΩ
   ⚠️  REMINDER: Calibrate R0 in clean air for accurate readings
📍 GPS: No data (check wiring or wait for warm-up)
🎤 Audio: LOW-RISK (not sent in reading packet)
============================================================

📡 LoRa JSON Packet Ready: {'type': 'reading', 'nodeID': 1, 'temp': 28.8, 'humidity': 49.6, 'co_ppm': 1646.3, 'latitude': None, 'longitude': None, 'altitude': None, 'gps_fix': False}
   JSON bytes len: 138 hex: 7b2274797065223a2272656164696e67222c226e6f64654944223a312c2274656d70223a32382e382c2268756d6964697479223a34392e362c22636f5f70706d223a313634362e332c226c61746974756465223a6e756c6c2c226c6f6e676974756465223a6e756c6c2c22616c746974756465223a6e756c6c2c226770735f666978223a66616c73657d
--- Sending ABP Packet (FCnt=83) ---
  Encrypted payload len: 138
  Encrypted payload (hex): 68a5c51adb12040ed859dc742d54b5c9482134570f0c26871ad3e0c77b607a8bdb405baf3aaa61f488da1813d7622190a933afe0e2c67682d54d4c2dd4c3cefeee922b8de69696798811fcd8339bc0a88a07977f391d0a7eaa783e22af948bfcc1866b026c029836c9c173b4c2c2fdfd955763b5575d78d5a37a41844d4b2c984f37db271a05c18fd025
  Payload: 7b2274797065223a2272656164696e67222c226e6f64654944223a312c2274656d70223a32382e382c2268756d6964697479223a34392e362c22636f5f70706d223a313634362e332c226c61746974756465223a6e756c6c2c226c6f6e676974756465223a6e756c6c2c22616c746974756465223a6e756c6c2c226770735f666978223a66616c73657d
  PHY Pkt: 406b2760000053000168a5c51adb12040ed859dc742d54b5c9482134570f0c26871ad3e0c77b607a8bdb405baf3aaa61f488da1813d7622190a933afe0e2c67682d54d4c2dd4c3cefeee922b8de69696798811fcd8339bc0a88a07977f391d0a7eaa783e22af948bfcc1866b026c029836c9c173b4c2c2fdfd955763b5575d78d5a37a41844d4b2c984f37db271a05c18fd02574d29179
  PHY payload len: 151 type: <class 'bytes'>
  lora.write used: list
→ Packet SENT
[AUDIO] Recording saved: ../recordings/clip_20251117_155459.wav
[AUDIO] ⚠️  Classification model not yet integrated - returning placeholder

============================================================
Timestamp: 2025-11-17 15:55:04
------------------------------------------------------------
🌡️  Temperature: 28.9°C (Normal)
💧 Humidity: 50.0% (Normal)
🔥 CO Level: 1644.5 ppm | Voltage: 0.584V | Rs: 75.65kΩ
   ⚠️  REMINDER: Calibrate R0 in clean air for accurate readings
📍 GPS: No data (check wiring or wait for warm-up)
🎤 Audio: LOW-RISK (not sent in reading packet)
============================================================

📡 LoRa JSON Packet Ready: {'type': 'reading', 'nodeID': 1, 'temp': 28.9, 'humidity': 50.0, 'co_ppm': 1644.5, 'latitude': None, 'longitude': None, 'altitude': None, 'gps_fix': False}
   JSON bytes len: 138 hex: 7b2274797065223a2272656164696e67222c226e6f64654944223a312c2274656d70223a32382e392c2268756d6964697479223a35302e302c22636f5f70706d223a313634342e352c226c61746974756465223a6e756c6c2c226c6f6e676974756465223a6e756c6c2c22616c746974756465223a6e756c6c2c226770735f666978223a66616c73657d
--- Sending ABP Packet (FCnt=84) ---
  Encrypted payload len: 138
  Encrypted payload (hex): 6bfaf2364b5564a67a751f50f75181abfc2026f7ffb51db8b8d7d1745941cd22700a3e11c2adf79d72911a7e5ce2741d1d28385e66da7a0f24ab43b72abc81eb6386f7402eb6b97c65ab3c7d9d1739044ac60db5a03eb3e86f298863640970cdbb5cbc0ccdf30d8c96b23bda2b43636574448e03062d52832eeb965196080e96cf7a49cba23e87713c6d
  Payload: 7b2274797065223a2272656164696e67222c226e6f64654944223a312c2274656d70223a32382e392c2268756d6964697479223a35302e302c22636f5f70706d223a313634342e352c226c61746974756465223a6e756c6c2c226c6f6e676974756465223a6e756c6c2c22616c746974756465223a6e756c6c2c226770735f666978223a66616c73657d
  PHY Pkt: 406b276000005400016bfaf2364b5564a67a751f50f75181abfc2026f7ffb51db8b8d7d1745941cd22700a3e11c2adf79d72911a7e5ce2741d1d28385e66da7a0f24ab43b72abc81eb6386f7402eb6b97c65ab3c7d9d1739044ac60db5a03eb3e86f298863640970cdbb5cbc0ccdf30d8c96b23bda2b43636574448e03062d52832eeb965196080e96cf7a49cba23e87713c6d84ef5164
  PHY payload len: 151 type: <class 'bytes'>
  lora.write used: list
→ Packet SENT
[AUDIO] Recording saved: ../recordings/clip_20251117_155600.wav
[AUDIO] ⚠️  Classification model not yet integrated - returning placeholder

============================================================
Timestamp: 2025-11-17 15:56:05
------------------------------------------------------------
🌡️  Temperature: 28.8°C (Normal)
💧 Humidity: 50.8% (Normal)
🔥 CO Level: 1645.7 ppm | Voltage: 0.584V | Rs: 75.62kΩ
   ⚠️  REMINDER: Calibrate R0 in clean air for accurate readings
📍 GPS: No data (check wiring or wait for warm-up)
🎤 Audio: LOW-RISK (not sent in reading packet)
============================================================

📡 LoRa JSON Packet Ready: {'type': 'reading', 'nodeID': 1, 'temp': 28.8, 'humidity': 50.8, 'co_ppm': 1645.7, 'latitude': None, 'longitude': None, 'altitude': None, 'gps_fix': False}
   JSON bytes len: 138 hex: 7b2274797065223a2272656164696e67222c226e6f64654944223a312c2274656d70223a32382e382c2268756d6964697479223a35302e382c22636f5f70706d223a313634352e372c226c61746974756465223a6e756c6c2c226c6f6e676974756465223a6e756c6c2c22616c746974756465223a6e756c6c2c226770735f666978223a66616c73657d
--- Sending ABP Packet (FCnt=85) ---
  Encrypted payload len: 138
  Encrypted payload (hex): 68a03b58c016d8ffb8a2c02f98bbe9bc95f310b9d7b4792bb2af235804c6c7a26ebde9f71adc12277a17a8958ed9888e5215601c301f24af4da213978666ffdd7117c7fe6f7627096554ef5c70ddafff33f0c56265f7ee5b033f4d5ff28bf077d4843fa87070fb23c89d238f4a32d59f1e1cd437d1dacce3ad6b50016a47b707fbbcfdf42630f020f60d
  Payload: 7b2274797065223a2272656164696e67222c226e6f64654944223a312c2274656d70223a32382e382c2268756d6964697479223a35302e382c22636f5f70706d223a313634352e372c226c61746974756465223a6e756c6c2c226c6f6e676974756465223a6e756c6c2c22616c746974756465223a6e756c6c2c226770735f666978223a66616c73657d
  PHY Pkt: 406b2760000055000168a03b58c016d8ffb8a2c02f98bbe9bc95f310b9d7b4792bb2af235804c6c7a26ebde9f71adc12277a17a8958ed9888e5215601c301f24af4da213978666ffdd7117c7fe6f7627096554ef5c70ddafff33f0c56265f7ee5b033f4d5ff28bf077d4843fa87070fb23c89d238f4a32d59f1e1cd437d1dacce3ad6b50016a47b707fbbcfdf42630f020f60dbe70d618
  PHY payload len: 151 type: <class 'bytes'>
  lora.write used: list
→ Packet SENT
[AUDIO] Recording saved: ../recordings/clip_20251117_155700.wav
[AUDIO] ⚠️  Classification model not yet integrated - returning placeholder

============================================================
Timestamp: 2025-11-17 15:57:05
------------------------------------------------------------
🌡️  Temperature: 28.8°C (Normal)
💧 Humidity: 51.3% (Normal)
🔥 CO Level: 1645.1 ppm | Voltage: 0.584V | Rs: 75.63kΩ
   ⚠️  REMINDER: Calibrate R0 in clean air for accurate readings
📍 GPS: No data (check wiring or wait for warm-up)
🎤 Audio: LOW-RISK (not sent in reading packet)
============================================================

📡 LoRa JSON Packet Ready: {'type': 'reading', 'nodeID': 1, 'temp': 28.8, 'humidity': 51.3, 'co_ppm': 1645.1, 'latitude': None, 'longitude': None, 'altitude': None, 'gps_fix': False}
   JSON bytes len: 138 hex: 7b2274797065223a2272656164696e67222c226e6f64654944223a312c2274656d70223a32382e382c2268756d6964697479223a35312e332c22636f5f70706d223a313634352e312c226c61746974756465223a6e756c6c2c226c6f6e676974756465223a6e756c6c2c22616c746974756465223a6e756c6c2c226770735f666978223a66616c73657d
--- Sending ABP Packet (FCnt=86) ---
  Encrypted payload len: 138
  Encrypted payload (hex): dbf833f45083b0bb1f375855f7914c5caf95f358c01482992e0cbea226661ad621248d28048bc09f85235c4f71199efc6300c3ac49a00cc00bba8065a5007ef4e836c8540c94cef6e9764ccd3a4f07c4c29e26eedcb52b11edff77e7bb6bc9283783bd37ba8c1a2459a1e3a988d6438d11d73def29938a7657630f251d0484606f559865fb23c5a4218a
  Payload: 7b2274797065223a2272656164696e67222c226e6f64654944223a312c2274656d70223a32382e382c2268756d6964697479223a35312e332c22636f5f70706d223a313634352e312c226c61746974756465223a6e756c6c2c226c6f6e676974756465223a6e756c6c2c22616c746974756465223a6e756c6c2c226770735f666978223a66616c73657d
  PHY Pkt: 406b27600000560001dbf833f45083b0bb1f375855f7914c5caf95f358c01482992e0cbea226661ad621248d28048bc09f85235c4f71199efc6300c3ac49a00cc00bba8065a5007ef4e836c8540c94cef6e9764ccd3a4f07c4c29e26eedcb52b11edff77e7bb6bc9283783bd37ba8c1a2459a1e3a988d6438d11d73def29938a7657630f251d0484606f559865fb23c5a4218af0d2b097
  PHY payload len: 151 type: <class 'bytes'>
  lora.write used: list
→ Packet SENT
[AUDIO] Recording saved: ../recordings/clip_20251117_155801.wav
[AUDIO] ⚠️  Classification model not yet integrated - returning placeholder

============================================================
Timestamp: 2025-11-17 15:58:06
------------------------------------------------------------
🌡️  Temperature: 28.8°C (Normal)
💧 Humidity: 51.3% (Normal)
🔥 CO Level: 1648.7 ppm | Voltage: 0.585V | Rs: 75.52kΩ
   ⚠️  REMINDER: Calibrate R0 in clean air for accurate readings
📍 GPS: No data (check wiring or wait for warm-up)
🎤 Audio: LOW-RISK (not sent in reading packet)
============================================================

📡 LoRa JSON Packet Ready: {'type': 'reading', 'nodeID': 1, 'temp': 28.8, 'humidity': 51.3, 'co_ppm': 1648.7, 'latitude': None, 'longitude': None, 'altitude': None, 'gps_fix': False}
   JSON bytes len: 138 hex: 7b2274797065223a2272656164696e67222c226e6f64654944223a312c2274656d70223a32382e382c2268756d6964697479223a35312e332c22636f5f70706d223a313634382e372c226c61746974756465223a6e756c6c2c226c6f6e676974756465223a6e756c6c2c22616c746974756465223a6e756c6c2c226770735f666978223a66616c73657d
--- Sending ABP Packet (FCnt=87) ---
  Encrypted payload len: 138
  Encrypted payload (hex): 24aa2f831f8f90f238f62e9de2d60337855110730407595745c1eba4464e23ea0f6a13478aa306a6d4f7d9621ff906a6693a6778a50b2aead104f1db73fd496e02d369040ee403464d8ed0cf1c24b301e0f21a08d9bc7776eb03c0d04a235f0f5a03b5c7846a973c82065f811bbfc2598c50a4bd22ec44ef73f8aea595a54e246cc0501bc9583ccda215
  Payload: 7b2274797065223a2272656164696e67222c226e6f64654944223a312c2274656d70223a32382e382c2268756d6964697479223a35312e332c22636f5f70706d223a313634382e372c226c61746974756465223a6e756c6c2c226c6f6e676974756465223a6e756c6c2c22616c746974756465223a6e756c6c2c226770735f666978223a66616c73657d
  PHY Pkt: 406b2760000057000124aa2f831f8f90f238f62e9de2d60337855110730407595745c1eba4464e23ea0f6a13478aa306a6d4f7d9621ff906a6693a6778a50b2aead104f1db73fd496e02d369040ee403464d8ed0cf1c24b301e0f21a08d9bc7776eb03c0d04a235f0f5a03b5c7846a973c82065f811bbfc2598c50a4bd22ec44ef73f8aea595a54e246cc0501bc9583ccda215bec685c9
  PHY payload len: 151 type: <class 'bytes'>
  lora.write used: list
→ Packet SENT
[AUDIO] Recording saved: ../recordings/clip_20251117_155902.wav
[AUDIO] ⚠️  Classification model not yet integrated - returning placeholder

============================================================
Timestamp: 2025-11-17 15:59:07
------------------------------------------------------------
🌡️  Temperature: 28.8°C (Normal)
💧 Humidity: 51.3% (Normal)
🔥 CO Level: 1648.7 ppm | Voltage: 0.585V | Rs: 75.52kΩ
   ⚠️  REMINDER: Calibrate R0 in clean air for accurate readings
📍 GPS: No data (check wiring or wait for warm-up)
🎤 Audio: LOW-RISK (not sent in reading packet)
============================================================

📡 LoRa JSON Packet Ready: {'type': 'reading', 'nodeID': 1, 'temp': 28.8, 'humidity': 51.3, 'co_ppm': 1648.7, 'latitude': None, 'longitude': None, 'altitude': None, 'gps_fix': False}
   JSON bytes len: 138 hex: 7b2274797065223a2272656164696e67222c226e6f64654944223a312c2274656d70223a32382e382c2268756d6964697479223a35312e332c22636f5f70706d223a313634382e372c226c61746974756465223a6e756c6c2c226c6f6e676974756465223a6e756c6c2c22616c746974756465223a6e756c6c2c226770735f666978223a66616c73657d
[LoRa][WARN] ⚠️  Payload appears identical to last packet!
--- Sending ABP Packet (FCnt=88) ---
  Encrypted payload len: 138
  Encrypted payload (hex): 7bad25aa1c347f2a2398e83033342493c192075e729880480e764f8343006eb68cefc68d954d4df11d59ac212804fa260f6ce1e7295af709aefbcb691e448ea867de1ae59fe050b849045d7b92632dba68a99ab9889c9ab4462353b83620258c1972757e797403a285411c130f2efdd835ba31665dc4740d66ecc0d05e160029f64b9934831d8973d3e7
  Payload: 7b2274797065223a2272656164696e67222c226e6f64654944223a312c2274656d70223a32382e382c2268756d6964697479223a35312e332c22636f5f70706d223a313634382e372c226c61746974756465223a6e756c6c2c226c6f6e676974756465223a6e756c6c2c22616c746974756465223a6e756c6c2c226770735f666978223a66616c73657d
  PHY Pkt: 406b276000005800017bad25aa1c347f2a2398e83033342493c192075e729880480e764f8343006eb68cefc68d954d4df11d59ac212804fa260f6ce1e7295af709aefbcb691e448ea867de1ae59fe050b849045d7b92632dba68a99ab9889c9ab4462353b83620258c1972757e797403a285411c130f2efdd835ba31665dc4740d66ecc0d05e160029f64b9934831d8973d3e71e05883e
  PHY payload len: 151 type: <class 'bytes'>
  lora.write used: list
→ Packet SENT
[AUDIO] Recording saved: ../recordings/clip_20251117_160003.wav
[AUDIO] ⚠️  Classification model not yet integrated - returning placeholder

============================================================
Timestamp: 2025-11-17 16:00:08
------------------------------------------------------------
🌡️  Temperature: 28.7°C (Normal)
💧 Humidity: 53.0% (Normal)
🔥 CO Level: 1647.5 ppm | Voltage: 0.584V | Rs: 75.56kΩ
   ⚠️  REMINDER: Calibrate R0 in clean air for accurate readings
📍 GPS: No data (check wiring or wait for warm-up)
🎤 Audio: LOW-RISK (not sent in reading packet)
============================================================

📡 LoRa JSON Packet Ready: {'type': 'reading', 'nodeID': 1, 'temp': 28.7, 'humidity': 53.0, 'co_ppm': 1647.5, 'latitude': None, 'longitude': None, 'altitude': None, 'gps_fix': False}
   JSON bytes len: 138 hex: 7b2274797065223a2272656164696e67222c226e6f64654944223a312c2274656d70223a32382e372c2268756d6964697479223a35332e302c22636f5f70706d223a313634372e352c226c61746974756465223a6e756c6c2c226c6f6e676974756465223a6e756c6c2c22616c746974756465223a6e756c6c2c226770735f666978223a66616c73657d
--- Sending ABP Packet (FCnt=89) ---
  Encrypted payload len: 138
  Encrypted payload (hex): 4e5ba6efa7a7b029c2c8a4fc43b75ced88c9300213e171b3d8080382668c214d62a055d2ffcf618f15a18ecbfe714a7d02c9c15ec81657d8b580e1629b5c3d4d526396136f0bb822c952fb874ac9fd5082d65964531925f47ca3eb1c2565f94614ed6e7f7778861a5c84ac63581d872b0feea595fc44a8730b8ec6b95e3680e54104cf598931c7b6397d
  Payload: 7b2274797065223a2272656164696e67222c226e6f64654944223a312c2274656d70223a32382e372c2268756d6964697479223a35332e302c22636f5f70706d223a313634372e352c226c61746974756465223a6e756c6c2c226c6f6e676974756465223a6e756c6c2c22616c746974756465223a6e756c6c2c226770735f666978223a66616c73657d
  PHY Pkt: 406b276000005900014e5ba6efa7a7b029c2c8a4fc43b75ced88c9300213e171b3d8080382668c214d62a055d2ffcf618f15a18ecbfe714a7d02c9c15ec81657d8b580e1629b5c3d4d526396136f0bb822c952fb874ac9fd5082d65964531925f47ca3eb1c2565f94614ed6e7f7778861a5c84ac63581d872b0feea595fc44a8730b8ec6b95e3680e54104cf598931c7b6397da23111ce
  PHY payload len: 151 type: <class 'bytes'>
  lora.write used: list
→ Packet SENT
[DHT22] Reading error: A full buffer was not returned. Try again.
[AUDIO] Recording saved: ../recordings/clip_20251117_160103.wav
[AUDIO] ⚠️  Classification model not yet integrated - returning placeholder

============================================================
Timestamp: 2025-11-17 16:01:08
------------------------------------------------------------
🌡️  Temperature: ERROR
💧 Humidity: ERROR
🔥 CO Level: 1648.1 ppm | Voltage: 0.585V | Rs: 75.54kΩ
   ⚠️  REMINDER: Calibrate R0 in clean air for accurate readings
📍 GPS: No data (check wiring or wait for warm-up)
🎤 Audio: LOW-RISK (not sent in reading packet)
============================================================

📡 LoRa JSON Packet Ready: {'type': 'reading', 'nodeID': 1, 'temp': None, 'humidity': None, 'co_ppm': 1648.1, 'latitude': None, 'longitude': None, 'altitude': None, 'gps_fix': False}
   JSON bytes len: 138 hex: 7b2274797065223a2272656164696e67222c226e6f64654944223a312c2274656d70223a6e756c6c2c2268756d6964697479223a6e756c6c2c22636f5f70706d223a313634382e312c226c61746974756465223a6e756c6c2c226c6f6e676974756465223a6e756c6c2c22616c746974756465223a6e756c6c2c226770735f666978223a66616c73657d
--- Sending ABP Packet (FCnt=90) ---
  Encrypted payload len: 138
  Encrypted payload (hex): bb9a76f27c9266912484977f7ae0d063400456c8d8fd5aed03e72ed35022c6cebfad00557fadf4caf9bfc8645ef3b2ab90ec994c59896aaef75ee76c39c3eff74f6e69b6e1f69ff6579eabea67993107f9da5ea7dc20005912bb0582057cc7810b3d57503332d3bddd346c78c6f47927a02b400c02c1225d56d1bbfa9baaabf80cfc3d79f74cc28418ab
  Payload: 7b2274797065223a2272656164696e67222c226e6f64654944223a312c2274656d70223a6e756c6c2c2268756d6964697479223a6e756c6c2c22636f5f70706d223a313634382e312c226c61746974756465223a6e756c6c2c226c6f6e676974756465223a6e756c6c2c22616c746974756465223a6e756c6c2c226770735f666978223a66616c73657d
  PHY Pkt: 406b276000005a0001bb9a76f27c9266912484977f7ae0d063400456c8d8fd5aed03e72ed35022c6cebfad00557fadf4caf9bfc8645ef3b2ab90ec994c59896aaef75ee76c39c3eff74f6e69b6e1f69ff6579eabea67993107f9da5ea7dc20005912bb0582057cc7810b3d57503332d3bddd346c78c6f47927a02b400c02c1225d56d1bbfa9baaabf80cfc3d79f74cc28418ab718d72ea
  PHY payload len: 151 type: <class 'bytes'>
  lora.write used: list
→ Packet SENT
[AUDIO] Recording saved: ../recordings/clip_20251117_160204.wav
[AUDIO] ⚠️  Classification model not yet integrated - returning placeholder

============================================================
Timestamp: 2025-11-17 16:02:09
------------------------------------------------------------
🌡️  Temperature: 28.7°C (Normal)
💧 Humidity: 53.0% (Normal)
🔥 CO Level: 1643.9 ppm | Voltage: 0.584V | Rs: 75.67kΩ
   ⚠️  REMINDER: Calibrate R0 in clean air for accurate readings
📍 GPS: No data (check wiring or wait for warm-up)
🎤 Audio: LOW-RISK (not sent in reading packet)
============================================================

📡 LoRa JSON Packet Ready: {'type': 'reading', 'nodeID': 1, 'temp': 28.7, 'humidity': 53.0, 'co_ppm': 1643.9, 'latitude': None, 'longitude': None, 'altitude': None, 'gps_fix': False}
   JSON bytes len: 138 hex: 7b2274797065223a2272656164696e67222c226e6f64654944223a312c2274656d70223a32382e372c2268756d6964697479223a35332e302c22636f5f70706d223a313634332e392c226c61746974756465223a6e756c6c2c226c6f6e676974756465223a6e756c6c2c22616c746974756465223a6e756c6c2c226770735f666978223a66616c73657d
--- Sending ABP Packet (FCnt=91) ---
  Encrypted payload len: 138
  Encrypted payload (hex): 92e884425fdaa68bd95acdba9485826a7e2588e41dac302ea06372adc92ef9234bde391e38b4ee682d76427c12a0c67fad5f9df1da9dbf607596bd2b9592e1a0055c97380f83baea61515a3dc3b6dba10184b827be2c93e17c1a2792db870cff3e74f8d482ccbdaa96deb28b50951e9b2c6e441ac2c7556cb704b10d85c6bd2956d7309474e028014902
  Payload: 7b2274797065223a2272656164696e67222c226e6f64654944223a312c2274656d70223a32382e372c2268756d6964697479223a35332e302c22636f5f70706d223a313634332e392c226c61746974756465223a6e756c6c2c226c6f6e676974756465223a6e756c6c2c22616c746974756465223a6e756c6c2c226770735f666978223a66616c73657d
  PHY Pkt: 406b276000005b000192e884425fdaa68bd95acdba9485826a7e2588e41dac302ea06372adc92ef9234bde391e38b4ee682d76427c12a0c67fad5f9df1da9dbf607596bd2b9592e1a0055c97380f83baea61515a3dc3b6dba10184b827be2c93e17c1a2792db870cff3e74f8d482ccbdaa96deb28b50951e9b2c6e441ac2c7556cb704b10d85c6bd2956d7309474e0280149023789fbe1
  PHY payload len: 151 type: <class 'bytes'>
  lora.write used: list
→ Packet SENT
[AUDIO] Recording saved: ../recordings/clip_20251117_160305.wav
[AUDIO] ⚠️  Classification model not yet integrated - returning placeholder

============================================================
Timestamp: 2025-11-17 16:03:10
------------------------------------------------------------
🌡️  Temperature: 28.7°C (Normal)
💧 Humidity: 53.0% (Normal)
🔥 CO Level: 1642.7 ppm | Voltage: 0.583V | Rs: 75.71kΩ
   ⚠️  REMINDER: Calibrate R0 in clean air for accurate readings
📍 GPS: No data (check wiring or wait for warm-up)
🎤 Audio: LOW-RISK (not sent in reading packet)
============================================================

📡 LoRa JSON Packet Ready: {'type': 'reading', 'nodeID': 1, 'temp': 28.7, 'humidity': 53.0, 'co_ppm': 1642.7, 'latitude': None, 'longitude': None, 'altitude': None, 'gps_fix': False}
   JSON bytes len: 138 hex: 7b2274797065223a2272656164696e67222c226e6f64654944223a312c2274656d70223a32382e372c2268756d6964697479223a35332e302c22636f5f70706d223a313634322e372c226c61746974756465223a6e756c6c2c226c6f6e676974756465223a6e756c6c2c22616c746974756465223a6e756c6c2c226770735f666978223a66616c73657d
--- Sending ABP Packet (FCnt=92) ---
  Encrypted payload len: 138
  Encrypted payload (hex): c205d3806dd33e187c285ecf72f0a8b2597d36b1390bfa07d4703d31d49473361e6810199950f45543122d3b04a08e5b08b3562ca9808c2a0435ad1727bcc14d697d5abcea25d4f91fd96fb4b3b63e16c69ea971db686f26e4652dc880b880aa18cf78637e4afdeb63c8f1086afde2e8dd47339f1cbf9061ccff825645759eacb2933bfeda467e2bd75e
  Payload: 7b2274797065223a2272656164696e67222c226e6f64654944223a312c2274656d70223a32382e372c2268756d6964697479223a35332e302c22636f5f70706d223a313634322e372c226c61746974756465223a6e756c6c2c226c6f6e676974756465223a6e756c6c2c22616c746974756465223a6e756c6c2c226770735f666978223a66616c73657d
  PHY Pkt: 406b276000005c0001c205d3806dd33e187c285ecf72f0a8b2597d36b1390bfa07d4703d31d49473361e6810199950f45543122d3b04a08e5b08b3562ca9808c2a0435ad1727bcc14d697d5abcea25d4f91fd96fb4b3b63e16c69ea971db686f26e4652dc880b880aa18cf78637e4afdeb63c8f1086afde2e8dd47339f1cbf9061ccff825645759eacb2933bfeda467e2bd75eb674a466
  PHY payload len: 151 type: <class 'bytes'>
  lora.write used: list
→ Packet SENT
[AUDIO] Recording saved: ../recordings/clip_20251117_160406.wav
[AUDIO] ⚠️  Classification model not yet integrated - returning placeholder

============================================================
Timestamp: 2025-11-17 16:04:11
------------------------------------------------------------
🌡️  Temperature: 28.7°C (Normal)
💧 Humidity: 53.0% (Normal)
🔥 CO Level: 1643.9 ppm | Voltage: 0.584V | Rs: 75.67kΩ
   ⚠️  REMINDER: Calibrate R0 in clean air for accurate readings
📍 GPS: No data (check wiring or wait for warm-up)
🎤 Audio: LOW-RISK (not sent in reading packet)
============================================================

📡 LoRa JSON Packet Ready: {'type': 'reading', 'nodeID': 1, 'temp': 28.7, 'humidity': 53.0, 'co_ppm': 1643.9, 'latitude': None, 'longitude': None, 'altitude': None, 'gps_fix': False}
   JSON bytes len: 138 hex: 7b2274797065223a2272656164696e67222c226e6f64654944223a312c2274656d70223a32382e372c2268756d6964697479223a35332e302c22636f5f70706d223a313634332e392c226c61746974756465223a6e756c6c2c226c6f6e676974756465223a6e756c6c2c22616c746974756465223a6e756c6c2c226770735f666978223a66616c73657d
--- Sending ABP Packet (FCnt=93) ---
  Encrypted payload len: 138
  Encrypted payload (hex): 34c3b4186525db64fc4cc1f88fda4b8a9f4583dcc1c635a6e1de121a75654d3d9ff5367eb2b6cce144c2322e87653014e0bd8f441f2ffaa984c062145520f9293bc85d9ae318bbe7e85593be3da36471a8ffedf99c17262b028357450e6cf58c952bc5ccb14869b9604631cffd8d071429d1be99406bf57d893b1a1a8ee95ea3b36979dad068dbbb8ef5
  Payload: 7b2274797065223a2272656164696e67222c226e6f64654944223a312c2274656d70223a32382e372c2268756d6964697479223a35332e302c22636f5f70706d223a313634332e392c226c61746974756465223a6e756c6c2c226c6f6e676974756465223a6e756c6c2c22616c746974756465223a6e756c6c2c226770735f666978223a66616c73657d
  PHY Pkt: 406b276000005d000134c3b4186525db64fc4cc1f88fda4b8a9f4583dcc1c635a6e1de121a75654d3d9ff5367eb2b6cce144c2322e87653014e0bd8f441f2ffaa984c062145520f9293bc85d9ae318bbe7e85593be3da36471a8ffedf99c17262b028357450e6cf58c952bc5ccb14869b9604631cffd8d071429d1be99406bf57d893b1a1a8ee95ea3b36979dad068dbbb8ef582bf7e65
  PHY payload len: 151 type: <class 'bytes'>
  lora.write used: list
→ Packet SENT
[AUDIO] Recording saved: ../recordings/clip_20251117_160506.wav
[AUDIO] ⚠️  Classification model not yet integrated - returning placeholder

============================================================
Timestamp: 2025-11-17 16:05:11
------------------------------------------------------------
🌡️  Temperature: 29.1°C (Normal)
💧 Humidity: 54.2% (Normal)
🔥 CO Level: 1640.9 ppm | Voltage: 0.583V | Rs: 75.76kΩ
   ⚠️  REMINDER: Calibrate R0 in clean air for accurate readings
📍 GPS: No data (check wiring or wait for warm-up)
🎤 Audio: LOW-RISK (not sent in reading packet)
============================================================

📡 LoRa JSON Packet Ready: {'type': 'reading', 'nodeID': 1, 'temp': 29.1, 'humidity': 54.2, 'co_ppm': 1640.9, 'latitude': None, 'longitude': None, 'altitude': None, 'gps_fix': False}
   JSON bytes len: 138 hex: 7b2274797065223a2272656164696e67222c226e6f64654944223a312c2274656d70223a32392e312c2268756d6964697479223a35342e322c22636f5f70706d223a313634302e392c226c61746974756465223a6e756c6c2c226c6f6e676974756465223a6e756c6c2c22616c746974756465223a6e756c6c2c226770735f666978223a66616c73657d
--- Sending ABP Packet (FCnt=94) ---
  Encrypted payload len: 138
  Encrypted payload (hex): e4121ec94e9e2c7024dab5e4e6e42844c77c50fa0fb28f8defa1f57be285fc2d868b085a53bb014288837c1636f64a0ed56eace1a8aec164200b1fb0d3cd5b2bb79fcc61ece0fb64d3ec21624dc062089e963a0b32eb23060386dbfccbbd8aa8637425732dc86f37cc072df44ba98d91ba33090b31b53aa1b36a33765074e1b708cc1f5b8feac729b90d
  Payload: 7b2274797065223a2272656164696e67222c226e6f64654944223a312c2274656d70223a32392e312c2268756d6964697479223a35342e322c22636f5f70706d223a313634302e392c226c61746974756465223a6e756c6c2c226c6f6e676974756465223a6e756c6c2c22616c746974756465223a6e756c6c2c226770735f666978223a66616c73657d
  PHY Pkt: 406b276000005e0001e4121ec94e9e2c7024dab5e4e6e42844c77c50fa0fb28f8defa1f57be285fc2d868b085a53bb014288837c1636f64a0ed56eace1a8aec164200b1fb0d3cd5b2bb79fcc61ece0fb64d3ec21624dc062089e963a0b32eb23060386dbfccbbd8aa8637425732dc86f37cc072df44ba98d91ba33090b31b53aa1b36a33765074e1b708cc1f5b8feac729b90d3efc65fc
  PHY payload len: 151 type: <class 'bytes'>
  lora.write used: list
→ Packet SENT
[AUDIO] Recording saved: ../recordings/clip_20251117_160607.wav
[AUDIO] ⚠️  Classification model not yet integrated - returning placeholder

============================================================
Timestamp: 2025-11-17 16:06:12
------------------------------------------------------------
🌡️  Temperature: 29.1°C (Normal)
💧 Humidity: 54.2% (Normal)
🔥 CO Level: 1640.9 ppm | Voltage: 0.583V | Rs: 75.76kΩ
   ⚠️  REMINDER: Calibrate R0 in clean air for accurate readings
📍 GPS: No data (check wiring or wait for warm-up)
🎤 Audio: LOW-RISK (not sent in reading packet)
============================================================

📡 LoRa JSON Packet Ready: {'type': 'reading', 'nodeID': 1, 'temp': 29.1, 'humidity': 54.2, 'co_ppm': 1640.9, 'latitude': None, 'longitude': None, 'altitude': None, 'gps_fix': False}
   JSON bytes len: 138 hex: 7b2274797065223a2272656164696e67222c226e6f64654944223a312c2274656d70223a32392e312c2268756d6964697479223a35342e322c22636f5f70706d223a313634302e392c226c61746974756465223a6e756c6c2c226c6f6e676974756465223a6e756c6c2c22616c746974756465223a6e756c6c2c226770735f666978223a66616c73657d
[LoRa][WARN] ⚠️  Payload appears identical to last packet!
--- Sending ABP Packet (FCnt=95) ---
  Encrypted payload len: 138
  Encrypted payload (hex): 584934bc8d9728f4c8a0795f46a2dc947effa8e904b548d901af70f148631fb373aa5c32e872f78630f2ff04f8e858c9fff90cfa8ab4d8a8b8c465f5680c269b6aae7b0fcb00b632f393b68a4bdfc766e40dcc9b2422b5937bcedf90d6997c468352bc316c92ae0607af0a48ea5e65b333f76c36404327272485be9c3dfec9fc586c8a75d765bf2ed062
  Payload: 7b2274797065223a2272656164696e67222c226e6f64654944223a312c2274656d70223a32392e312c2268756d6964697479223a35342e322c22636f5f70706d223a313634302e392c226c61746974756465223a6e756c6c2c226c6f6e676974756465223a6e756c6c2c22616c746974756465223a6e756c6c2c226770735f666978223a66616c73657d
  PHY Pkt: 406b276000005f0001584934bc8d9728f4c8a0795f46a2dc947effa8e904b548d901af70f148631fb373aa5c32e872f78630f2ff04f8e858c9fff90cfa8ab4d8a8b8c465f5680c269b6aae7b0fcb00b632f393b68a4bdfc766e40dcc9b2422b5937bcedf90d6997c468352bc316c92ae0607af0a48ea5e65b333f76c36404327272485be9c3dfec9fc586c8a75d765bf2ed0623f142dc0
  PHY payload len: 151 type: <class 'bytes'>
  lora.write used: list
→ Packet SENT
[AUDIO] Recording saved: ../recordings/clip_20251117_160708.wav
[AUDIO] ⚠️  Classification model not yet integrated - returning placeholder

============================================================
Timestamp: 2025-11-17 16:07:13
------------------------------------------------------------
🌡️  Temperature: 29.1°C (Normal)
💧 Humidity: 54.2% (Normal)
🔥 CO Level: 1639.7 ppm | Voltage: 0.583V | Rs: 75.8kΩ
   ⚠️  REMINDER: Calibrate R0 in clean air for accurate readings
📍 GPS: No data (check wiring or wait for warm-up)
🎤 Audio: LOW-RISK (not sent in reading packet)
============================================================

📡 LoRa JSON Packet Ready: {'type': 'reading', 'nodeID': 1, 'temp': 29.1, 'humidity': 54.2, 'co_ppm': 1639.7, 'latitude': None, 'longitude': None, 'altitude': None, 'gps_fix': False}
   JSON bytes len: 138 hex: 7b2274797065223a2272656164696e67222c226e6f64654944223a312c2274656d70223a32392e312c2268756d6964697479223a35342e322c22636f5f70706d223a313633392e372c226c61746974756465223a6e756c6c2c226c6f6e676974756465223a6e756c6c2c22616c746974756465223a6e756c6c2c226770735f666978223a66616c73657d
--- Sending ABP Packet (FCnt=96) ---
  Encrypted payload len: 138
  Encrypted payload (hex): 8ed003170c00a71d2bf005ef447a0bd03b27d8b717556cbe4dfd9c0d8b87ecb8fd349dfa0b46bcafd098e986363f1c802bde29806c3c95301745eb92c18566e28a47eb73a223415bbc86d6c6de95fb168a70f1d7d925f34c732118d88ee4d6c19ea0b9d0e722ae89bf8a0757448977dfa6c2800b0bdefd1d683b1eb2895b8ae4c63b84041c5aed6af59b
  Payload: 7b2274797065223a2272656164696e67222c226e6f64654944223a312c2274656d70223a32392e312c2268756d6964697479223a35342e322c22636f5f70706d223a313633392e372c226c61746974756465223a6e756c6c2c226c6f6e676974756465223a6e756c6c2c22616c746974756465223a6e756c6c2c226770735f666978223a66616c73657d
  PHY Pkt: 406b276000006000018ed003170c00a71d2bf005ef447a0bd03b27d8b717556cbe4dfd9c0d8b87ecb8fd349dfa0b46bcafd098e986363f1c802bde29806c3c95301745eb92c18566e28a47eb73a223415bbc86d6c6de95fb168a70f1d7d925f34c732118d88ee4d6c19ea0b9d0e722ae89bf8a0757448977dfa6c2800b0bdefd1d683b1eb2895b8ae4c63b84041c5aed6af59b472a8713
  PHY payload len: 151 type: <class 'bytes'>
  lora.write used: list
→ Packet SENT
[AUDIO] Recording saved: ../recordings/clip_20251117_160809.wav
[AUDIO] ⚠️  Classification model not yet integrated - returning placeholder

============================================================
Timestamp: 2025-11-17 16:08:14
------------------------------------------------------------
🌡️  Temperature: 29.4°C (Normal)
💧 Humidity: 54.1% (Normal)
🔥 CO Level: 1640.9 ppm | Voltage: 0.583V | Rs: 75.76kΩ
   ⚠️  REMINDER: Calibrate R0 in clean air for accurate readings
📍 GPS: No data (check wiring or wait for warm-up)
🎤 Audio: LOW-RISK (not sent in reading packet)
============================================================

📡 LoRa JSON Packet Ready: {'type': 'reading', 'nodeID': 1, 'temp': 29.4, 'humidity': 54.1, 'co_ppm': 1640.9, 'latitude': None, 'longitude': None, 'altitude': None, 'gps_fix': False}
   JSON bytes len: 138 hex: 7b2274797065223a2272656164696e67222c226e6f64654944223a312c2274656d70223a32392e342c2268756d6964697479223a35342e312c22636f5f70706d223a313634302e392c226c61746974756465223a6e756c6c2c226c6f6e676974756465223a6e756c6c2c22616c746974756465223a6e756c6c2c226770735f666978223a66616c73657d
--- Sending ABP Packet (FCnt=97) ---
  Encrypted payload len: 138
  Encrypted payload (hex): 1b5cad17e9f7449a5da230f50c768abb993387b3fb971136b58af07140c124af24c6551cd7a8e05f0a8096b9509c2a5f047d0e9d5857bdfeb8715fdd2bfae815440f9d0a509c7ca2a4628acf117b4b31c6f254d500b7e8f78b8e604b378362ae05788484976957bf5cd5fd2a0d762602175a311389c99afb4fa154a0acf1596e2189dc511090b00d8186
  Payload: 7b2274797065223a2272656164696e67222c226e6f64654944223a312c2274656d70223a32392e342c2268756d6964697479223a35342e312c22636f5f70706d223a313634302e392c226c61746974756465223a6e756c6c2c226c6f6e676974756465223a6e756c6c2c22616c746974756465223a6e756c6c2c226770735f666978223a66616c73657d
  PHY Pkt: 406b276000006100011b5cad17e9f7449a5da230f50c768abb993387b3fb971136b58af07140c124af24c6551cd7a8e05f0a8096b9509c2a5f047d0e9d5857bdfeb8715fdd2bfae815440f9d0a509c7ca2a4628acf117b4b31c6f254d500b7e8f78b8e604b378362ae05788484976957bf5cd5fd2a0d762602175a311389c99afb4fa154a0acf1596e2189dc511090b00d818660e85654
  PHY payload len: 151 type: <class 'bytes'>
  lora.write used: list
→ Packet SENT
[AUDIO] Recording saved: ../recordings/clip_20251117_160909.wav
[AUDIO] ⚠️  Classification model not yet integrated - returning placeholder

============================================================
Timestamp: 2025-11-17 16:09:14
------------------------------------------------------------
🌡️  Temperature: 29.4°C (Normal)
💧 Humidity: 53.6% (Normal)
🔥 CO Level: 1640.9 ppm | Voltage: 0.583V | Rs: 75.76kΩ
   ⚠️  REMINDER: Calibrate R0 in clean air for accurate readings
📍 GPS: No data (check wiring or wait for warm-up)
🎤 Audio: LOW-RISK (not sent in reading packet)
============================================================

📡 LoRa JSON Packet Ready: {'type': 'reading', 'nodeID': 1, 'temp': 29.4, 'humidity': 53.6, 'co_ppm': 1640.9, 'latitude': None, 'longitude': None, 'altitude': None, 'gps_fix': False}
   JSON bytes len: 138 hex: 7b2274797065223a2272656164696e67222c226e6f64654944223a312c2274656d70223a32392e342c2268756d6964697479223a35332e362c22636f5f70706d223a313634302e392c226c61746974756465223a6e756c6c2c226c6f6e676974756465223a6e756c6c2c22616c746974756465223a6e756c6c2c226770735f666978223a66616c73657d
--- Sending ABP Packet (FCnt=98) ---
  Encrypted payload len: 138
  Encrypted payload (hex): 2e018d1fa346b849d6a3dea9a38a5b608258c4fc7a6692bcbb1a7b4ed3275b6487f9523e05de229d80699bec0151fa91dc97a1dcff6fad6b3395e000c57078b98c112b8436a54e7a2ad203c312d6d889f3c50aedaf6b55130f62175408344cc1b27fac94d58a6d7eb88454dd80db481f354286acf79b4dc1380c4178688e96650097c7e4a66bef787d73
  Payload: 7b2274797065223a2272656164696e67222c226e6f64654944223a312c2274656d70223a32392e342c2268756d6964697479223a35332e362c22636f5f70706d223a313634302e392c226c61746974756465223a6e756c6c2c226c6f6e676974756465223a6e756c6c2c22616c746974756465223a6e756c6c2c226770735f666978223a66616c73657d
  PHY Pkt: 406b276000006200012e018d1fa346b849d6a3dea9a38a5b608258c4fc7a6692bcbb1a7b4ed3275b6487f9523e05de229d80699bec0151fa91dc97a1dcff6fad6b3395e000c57078b98c112b8436a54e7a2ad203c312d6d889f3c50aedaf6b55130f62175408344cc1b27fac94d58a6d7eb88454dd80db481f354286acf79b4dc1380c4178688e96650097c7e4a66bef787d730e9d544f
  PHY payload len: 151 type: <class 'bytes'>
  lora.write used: list
→ Packet SENT
[AUDIO] Recording saved: ../recordings/clip_20251117_161010.wav
[AUDIO] ⚠️  Classification model not yet integrated - returning placeholder

============================================================
Timestamp: 2025-11-17 16:10:15
------------------------------------------------------------
🌡️  Temperature: 29.4°C (Normal)
💧 Humidity: 53.6% (Normal)
🔥 CO Level: 1637.9 ppm | Voltage: 0.582V | Rs: 75.86kΩ
   ⚠️  REMINDER: Calibrate R0 in clean air for accurate readings
📍 GPS: No data (check wiring or wait for warm-up)
🎤 Audio: LOW-RISK (not sent in reading packet)
============================================================

📡 LoRa JSON Packet Ready: {'type': 'reading', 'nodeID': 1, 'temp': 29.4, 'humidity': 53.6, 'co_ppm': 1637.9, 'latitude': None, 'longitude': None, 'altitude': None, 'gps_fix': False}
   JSON bytes len: 138 hex: 7b2274797065223a2272656164696e67222c226e6f64654944223a312c2274656d70223a32392e342c2268756d6964697479223a35332e362c22636f5f70706d223a313633372e392c226c61746974756465223a6e756c6c2c226c6f6e676974756465223a6e756c6c2c22616c746974756465223a6e756c6c2c226770735f666978223a66616c73657d
--- Sending ABP Packet (FCnt=99) ---
  Encrypted payload len: 138
  Encrypted payload (hex): 58e08dfd2b05ae8e2544b251ecb97bc051779a221ed1be43fd7a44426229d5b22b7577f9c459c64e8b193be728fc3bcea387147e5c60f8953c7ff704bb360fbed772ba632482673312764c84a5aecf6576a64ed18e0cdd9e634b2aca009f75e9182d679fb7e450ffce61405ce8fa6f6d90de6409eac5c161edbba466ffb4a95b801e75c187612bc38282
  Payload: 7b2274797065223a2272656164696e67222c226e6f64654944223a312c2274656d70223a32392e342c2268756d6964697479223a35332e362c22636f5f70706d223a313633372e392c226c61746974756465223a6e756c6c2c226c6f6e676974756465223a6e756c6c2c22616c746974756465223a6e756c6c2c226770735f666978223a66616c73657d
  PHY Pkt: 406b2760000063000158e08dfd2b05ae8e2544b251ecb97bc051779a221ed1be43fd7a44426229d5b22b7577f9c459c64e8b193be728fc3bcea387147e5c60f8953c7ff704bb360fbed772ba632482673312764c84a5aecf6576a64ed18e0cdd9e634b2aca009f75e9182d679fb7e450ffce61405ce8fa6f6d90de6409eac5c161edbba466ffb4a95b801e75c187612bc382828d76269a
  PHY payload len: 151 type: <class 'bytes'>
  lora.write used: list
→ Packet SENT
[AUDIO] Recording saved: ../recordings/clip_20251117_161111.wav
[AUDIO] ⚠️  Classification model not yet integrated - returning placeholder

============================================================
Timestamp: 2025-11-17 16:11:16
------------------------------------------------------------
🌡️  Temperature: 29.4°C (Normal)
💧 Humidity: 53.6% (Normal)
🔥 CO Level: 1640.9 ppm | Voltage: 0.583V | Rs: 75.76kΩ
   ⚠️  REMINDER: Calibrate R0 in clean air for accurate readings
📍 GPS: No data (check wiring or wait for warm-up)
🎤 Audio: LOW-RISK (not sent in reading packet)
============================================================

📡 LoRa JSON Packet Ready: {'type': 'reading', 'nodeID': 1, 'temp': 29.4, 'humidity': 53.6, 'co_ppm': 1640.9, 'latitude': None, 'longitude': None, 'altitude': None, 'gps_fix': False}
   JSON bytes len: 138 hex: 7b2274797065223a2272656164696e67222c226e6f64654944223a312c2274656d70223a32392e342c2268756d6964697479223a35332e362c22636f5f70706d223a313634302e392c226c61746974756465223a6e756c6c2c226c6f6e676974756465223a6e756c6c2c22616c746974756465223a6e756c6c2c226770735f666978223a66616c73657d
--- Sending ABP Packet (FCnt=100) ---
  Encrypted payload len: 138
  Encrypted payload (hex): 394d92826ffd79dc72e2679ec06bc0f265ceb0998da07b3d73c4f6623dd16286666828aef60a9baf211242b19b3bbb895f055def62842ee3479db98a42f41d6f7e32e3cc8efd88d958d57d4b09d7b4f9acd3646e1d7d8082433a56aa02fa4f6b40a80edb0fd4dcc3befee949c5d7a56c1aa39d68a1c38f02ec31af6bd5543aa9b3cb7e8e27ac92d75634
  Payload: 7b2274797065223a2272656164696e67222c226e6f64654944223a312c2274656d70223a32392e342c2268756d6964697479223a35332e362c22636f5f70706d223a313634302e392c226c61746974756465223a6e756c6c2c226c6f6e676974756465223a6e756c6c2c22616c746974756465223a6e756c6c2c226770735f666978223a66616c73657d
  PHY Pkt: 406b27600000640001394d92826ffd79dc72e2679ec06bc0f265ceb0998da07b3d73c4f6623dd16286666828aef60a9baf211242b19b3bbb895f055def62842ee3479db98a42f41d6f7e32e3cc8efd88d958d57d4b09d7b4f9acd3646e1d7d8082433a56aa02fa4f6b40a80edb0fd4dcc3befee949c5d7a56c1aa39d68a1c38f02ec31af6bd5543aa9b3cb7e8e27ac92d756343833df40
  PHY payload len: 151 type: <class 'bytes'>
  lora.write used: list
→ Packet SENT
[DHT22] Reading error: Received unplausible data. Try again.
[AUDIO] Recording saved: ../recordings/clip_20251117_161211.wav
[AUDIO] ⚠️  Classification model not yet integrated - returning placeholder

============================================================
Timestamp: 2025-11-17 16:12:16
------------------------------------------------------------
🌡️  Temperature: ERROR
💧 Humidity: ERROR
🔥 CO Level: 1641.5 ppm | Voltage: 0.583V | Rs: 75.74kΩ
   ⚠️  REMINDER: Calibrate R0 in clean air for accurate readings
📍 GPS: No data (check wiring or wait for warm-up)
🎤 Audio: LOW-RISK (not sent in reading packet)
============================================================

📡 LoRa JSON Packet Ready: {'type': 'reading', 'nodeID': 1, 'temp': None, 'humidity': None, 'co_ppm': 1641.5, 'latitude': None, 'longitude': None, 'altitude': None, 'gps_fix': False}
   JSON bytes len: 138 hex: 7b2274797065223a2272656164696e67222c226e6f64654944223a312c2274656d70223a6e756c6c2c2268756d6964697479223a6e756c6c2c22636f5f70706d223a313634312e352c226c61746974756465223a6e756c6c2c226c6f6e676974756465223a6e756c6c2c22616c746974756465223a6e756c6c2c226770735f666978223a66616c73657d
--- Sending ABP Packet (FCnt=101) ---
  Encrypted payload len: 138
  Encrypted payload (hex): 4e997ba7cd5a59b7432306012a17cd055021bb5fc7ff8c3a66794658b9d8900ae40d00b0352f77fbab760eab42721b62463371a884f5aa5ef99e39f48b29d4478b00e8de3db5da48ec73735350f35aad6b9a446a96df94905f9249247b3e654dbe42543ae18678b452cd8234ab237daa0445cf79d2b69730add119241d879a3547220066ec65dfa9e92c
  Payload: 7b2274797065223a2272656164696e67222c226e6f64654944223a312c2274656d70223a6e756c6c2c2268756d6964697479223a6e756c6c2c22636f5f70706d223a313634312e352c226c61746974756465223a6e756c6c2c226c6f6e676974756465223a6e756c6c2c22616c746974756465223a6e756c6c2c226770735f666978223a66616c73657d
  PHY Pkt: 406b276000006500014e997ba7cd5a59b7432306012a17cd055021bb5fc7ff8c3a66794658b9d8900ae40d00b0352f77fbab760eab42721b62463371a884f5aa5ef99e39f48b29d4478b00e8de3db5da48ec73735350f35aad6b9a446a96df94905f9249247b3e654dbe42543ae18678b452cd8234ab237daa0445cf79d2b69730add119241d879a3547220066ec65dfa9e92c827964c7
  PHY payload len: 151 type: <class 'bytes'>
  lora.write used: list
→ Packet SENT
[AUDIO] Recording saved: ../recordings/clip_20251117_161312.wav
[AUDIO] ⚠️  Classification model not yet integrated - returning placeholder

============================================================
Timestamp: 2025-11-17 16:13:17
------------------------------------------------------------
🌡️  Temperature: 29.3°C (Normal)
💧 Humidity: 51.1% (Normal)
🔥 CO Level: 1644.5 ppm | Voltage: 0.584V | Rs: 75.65kΩ
   ⚠️  REMINDER: Calibrate R0 in clean air for accurate readings
📍 GPS: No data (check wiring or wait for warm-up)
🎤 Audio: LOW-RISK (not sent in reading packet)
============================================================

📡 LoRa JSON Packet Ready: {'type': 'reading', 'nodeID': 1, 'temp': 29.3, 'humidity': 51.1, 'co_ppm': 1644.5, 'latitude': None, 'longitude': None, 'altitude': None, 'gps_fix': False}
   JSON bytes len: 138 hex: 7b2274797065223a2272656164696e67222c226e6f64654944223a312c2274656d70223a32392e332c2268756d6964697479223a35312e312c22636f5f70706d223a313634342e352c226c61746974756465223a6e756c6c2c226c6f6e676974756465223a6e756c6c2c22616c746974756465223a6e756c6c2c226770735f666978223a66616c73657d
--- Sending ABP Packet (FCnt=102) ---
  Encrypted payload len: 138
  Encrypted payload (hex): bb98b6f0935bf2c9ff2b7ea82a0390ea22518b67331c3b7a7feec1253cb79fdd9a6c861b542bb605cdc30103ef6baca11cdd75b37b4db42b240c76b313013a19ca974a73e86f7b29b2a2ea83b4f795e458aeb28eb665dd99ac0049048bc88248f8d83b4c4dc9be66633f6182e726c58a838bcdc2bf2a16a59492e2d4f64864a4889f1d762b1fbe1aff55
  Payload: 7b2274797065223a2272656164696e67222c226e6f64654944223a312c2274656d70223a32392e332c2268756d6964697479223a35312e312c22636f5f70706d223a313634342e352c226c61746974756465223a6e756c6c2c226c6f6e676974756465223a6e756c6c2c22616c746974756465223a6e756c6c2c226770735f666978223a66616c73657d
  PHY Pkt: 406b27600000660001bb98b6f0935bf2c9ff2b7ea82a0390ea22518b67331c3b7a7feec1253cb79fdd9a6c861b542bb605cdc30103ef6baca11cdd75b37b4db42b240c76b313013a19ca974a73e86f7b29b2a2ea83b4f795e458aeb28eb665dd99ac0049048bc88248f8d83b4c4dc9be66633f6182e726c58a838bcdc2bf2a16a59492e2d4f64864a4889f1d762b1fbe1aff5595bec8cb
  PHY payload len: 151 type: <class 'bytes'>
  lora.write used: list
→ Packet SENT
[AUDIO] Recording saved: ../recordings/clip_20251117_161412.wav
[AUDIO] ⚠️  Classification model not yet integrated - returning placeholder

============================================================
Timestamp: 2025-11-17 16:14:17
------------------------------------------------------------
🌡️  Temperature: 29.2°C (Normal)
💧 Humidity: 51.0% (Normal)
🔥 CO Level: 1643.3 ppm | Voltage: 0.584V | Rs: 75.69kΩ
   ⚠️  REMINDER: Calibrate R0 in clean air for accurate readings
📍 GPS: No data (check wiring or wait for warm-up)
🎤 Audio: LOW-RISK (not sent in reading packet)
============================================================

📡 LoRa JSON Packet Ready: {'type': 'reading', 'nodeID': 1, 'temp': 29.2, 'humidity': 51.0, 'co_ppm': 1643.3, 'latitude': None, 'longitude': None, 'altitude': None, 'gps_fix': False}
   JSON bytes len: 138 hex: 7b2274797065223a2272656164696e67222c226e6f64654944223a312c2274656d70223a32392e322c2268756d6964697479223a35312e302c22636f5f70706d223a313634332e332c226c61746974756465223a6e756c6c2c226c6f6e676974756465223a6e756c6c2c22616c746974756465223a6e756c6c2c226770735f666978223a66616c73657d
--- Sending ABP Packet (FCnt=103) ---
  Encrypted payload len: 138
  Encrypted payload (hex): 006010fbe7c5eef9ae00685d24e61be19e11d40405e08fac4981f7c40960d90be209665c7d40c6c67900123a1eefb1a4fcf3a43c8622ab2224f48db952853644a8c6fd0a5629e7ed5889c2ebff8cccf529abdc12fdc28b3e7d2b89e657405991d865d5797aeaa2b4dffcf540b63c11e02c2e6df402175cd2d151922f47111ad573870ddf5129d59e1a9a
  Payload: 7b2274797065223a2272656164696e67222c226e6f64654944223a312c2274656d70223a32392e322c2268756d6964697479223a35312e302c22636f5f70706d223a313634332e332c226c61746974756465223a6e756c6c2c226c6f6e676974756465223a6e756c6c2c22616c746974756465223a6e756c6c2c226770735f666978223a66616c73657d
  PHY Pkt: 406b27600000670001006010fbe7c5eef9ae00685d24e61be19e11d40405e08fac4981f7c40960d90be209665c7d40c6c67900123a1eefb1a4fcf3a43c8622ab2224f48db952853644a8c6fd0a5629e7ed5889c2ebff8cccf529abdc12fdc28b3e7d2b89e657405991d865d5797aeaa2b4dffcf540b63c11e02c2e6df402175cd2d151922f47111ad573870ddf5129d59e1a9a91b81619
  PHY payload len: 151 type: <class 'bytes'>
  lora.write used: list
→ Packet SENT
[AUDIO] Recording saved: ../recordings/clip_20251117_161513.wav
[AUDIO] ⚠️  Classification model not yet integrated - returning placeholder

============================================================
Timestamp: 2025-11-17 16:15:18
------------------------------------------------------------
🌡️  Temperature: 29.0°C (Normal)
💧 Humidity: 50.8% (Normal)
🔥 CO Level: 1639.7 ppm | Voltage: 0.583V | Rs: 75.8kΩ
   ⚠️  REMINDER: Calibrate R0 in clean air for accurate readings
📍 GPS: No data (check wiring or wait for warm-up)
🎤 Audio: LOW-RISK (not sent in reading packet)
============================================================

📡 LoRa JSON Packet Ready: {'type': 'reading', 'nodeID': 1, 'temp': 29.0, 'humidity': 50.8, 'co_ppm': 1639.7, 'latitude': None, 'longitude': None, 'altitude': None, 'gps_fix': False}
   JSON bytes len: 138 hex: 7b2274797065223a2272656164696e67222c226e6f64654944223a312c2274656d70223a32392e302c2268756d6964697479223a35302e382c22636f5f70706d223a313633392e372c226c61746974756465223a6e756c6c2c226c6f6e676974756465223a6e756c6c2c22616c746974756465223a6e756c6c2c226770735f666978223a66616c73657d
--- Sending ABP Packet (FCnt=104) ---
  Encrypted payload len: 138
  Encrypted payload (hex): 320ed29fe4836bc096a19cfa365c15f793b44408ae323d3cb7b2cf8ed1341f3d05e86d09b78ea82401d3af097ee6bb483b67e5f70245e70f5eefbaf8c0e64174251cba2630b8185e5050f14aa6361195a00daac609238bd91c6ede105c2721d06167b5423d57d045e1e681bfcbc1807cedba0a90ae2f5c4304779befdfc212d6dd7df928bd86e3056db6
  Payload: 7b2274797065223a2272656164696e67222c226e6f64654944223a312c2274656d70223a32392e302c2268756d6964697479223a35302e382c22636f5f70706d223a313633392e372c226c61746974756465223a6e756c6c2c226c6f6e676974756465223a6e756c6c2c22616c746974756465223a6e756c6c2c226770735f666978223a66616c73657d
  PHY Pkt: 406b27600000680001320ed29fe4836bc096a19cfa365c15f793b44408ae323d3cb7b2cf8ed1341f3d05e86d09b78ea82401d3af097ee6bb483b67e5f70245e70f5eefbaf8c0e64174251cba2630b8185e5050f14aa6361195a00daac609238bd91c6ede105c2721d06167b5423d57d045e1e681bfcbc1807cedba0a90ae2f5c4304779befdfc212d6dd7df928bd86e3056db69490e647
  PHY payload len: 151 type: <class 'bytes'>
  lora.write used: list
→ Packet SENT
[AUDIO] Recording saved: ../recordings/clip_20251117_161613.wav
[AUDIO] ⚠️  Classification model not yet integrated - returning placeholder

============================================================
Timestamp: 2025-11-17 16:16:18
------------------------------------------------------------
🌡️  Temperature: 28.9°C (Normal)
💧 Humidity: 50.6% (Normal)
🔥 CO Level: 1641.5 ppm | Voltage: 0.583V | Rs: 75.74kΩ
   ⚠️  REMINDER: Calibrate R0 in clean air for accurate readings
📍 GPS: No data (check wiring or wait for warm-up)
🎤 Audio: LOW-RISK (not sent in reading packet)
============================================================

📡 LoRa JSON Packet Ready: {'type': 'reading', 'nodeID': 1, 'temp': 28.9, 'humidity': 50.6, 'co_ppm': 1641.5, 'latitude': None, 'longitude': None, 'altitude': None, 'gps_fix': False}
   JSON bytes len: 138 hex: 7b2274797065223a2272656164696e67222c226e6f64654944223a312c2274656d70223a32382e392c2268756d6964697479223a35302e362c22636f5f70706d223a313634312e352c226c61746974756465223a6e756c6c2c226c6f6e676974756465223a6e756c6c2c22616c746974756465223a6e756c6c2c226770735f666978223a66616c73657d
--- Sending ABP Packet (FCnt=105) ---
  Encrypted payload len: 138
  Encrypted payload (hex): 2dec6edad4bdcf267ea08fc29c6826ff674d540206d2a57c295bb2f18e76d208dc09076ab0387c8f31f92d3b0a5421294072ededf10f6124b639a5dd3530c524323770fcc1aeacfb5ba82192da823b7588fca432db91fdb1ffcf577c8510d54b3805090a620c1eb6c9a607623b97117d9e8a90609b8427f550f708cbdf0d863c3cc085d2704a74cd54b3
  Payload: 7b2274797065223a2272656164696e67222c226e6f64654944223a312c2274656d70223a32382e392c2268756d6964697479223a35302e362c22636f5f70706d223a313634312e352c226c61746974756465223a6e756c6c2c226c6f6e676974756465223a6e756c6c2c22616c746974756465223a6e756c6c2c226770735f666978223a66616c73657d
  PHY Pkt: 406b276000006900012dec6edad4bdcf267ea08fc29c6826ff674d540206d2a57c295bb2f18e76d208dc09076ab0387c8f31f92d3b0a5421294072ededf10f6124b639a5dd3530c524323770fcc1aeacfb5ba82192da823b7588fca432db91fdb1ffcf577c8510d54b3805090a620c1eb6c9a607623b97117d9e8a90609b8427f550f708cbdf0d863c3cc085d2704a74cd54b36d3efc60
  PHY payload len: 151 type: <class 'bytes'>
  lora.write used: list
→ Packet SENT
[AUDIO] Recording saved: ../recordings/clip_20251117_161714.wav
[AUDIO] ⚠️  Classification model not yet integrated - returning placeholder

============================================================
Timestamp: 2025-11-17 16:17:19
------------------------------------------------------------
🌡️  Temperature: 28.8°C (Normal)
💧 Humidity: 51.0% (Normal)
🔥 CO Level: 1639.7 ppm | Voltage: 0.583V | Rs: 75.8kΩ
   ⚠️  REMINDER: Calibrate R0 in clean air for accurate readings
📍 GPS: No data (check wiring or wait for warm-up)
🎤 Audio: LOW-RISK (not sent in reading packet)
============================================================

📡 LoRa JSON Packet Ready: {'type': 'reading', 'nodeID': 1, 'temp': 28.8, 'humidity': 51.0, 'co_ppm': 1639.7, 'latitude': None, 'longitude': None, 'altitude': None, 'gps_fix': False}
   JSON bytes len: 138 hex: 7b2274797065223a2272656164696e67222c226e6f64654944223a312c2274656d70223a32382e382c2268756d6964697479223a35312e302c22636f5f70706d223a313633392e372c226c61746974756465223a6e756c6c2c226c6f6e676974756465223a6e756c6c2c22616c746974756465223a6e756c6c2c226770735f666978223a66616c73657d
--- Sending ABP Packet (FCnt=106) ---
  Encrypted payload len: 138
  Encrypted payload (hex): 04d71efcd744d6273a55326b9c527219c70d29dfa2f9647139852c0c5f138f0fa3f2bcc35a16de939d798192b83226bcd561cac6f62a1005b30c53af444b97d1290c3bf69d7be724866303b0cd0f019396c0b5e554b5a77d26bad91bae2467dd85976f67e3b7b5c6c969146e680077ea43cbc730f48d77d179f5070203ff8a915c0ea699f790d0aec240
  Payload: 7b2274797065223a2272656164696e67222c226e6f64654944223a312c2274656d70223a32382e382c2268756d6964697479223a35312e302c22636f5f70706d223a313633392e372c226c61746974756465223a6e756c6c2c226c6f6e676974756465223a6e756c6c2c22616c746974756465223a6e756c6c2c226770735f666978223a66616c73657d
  PHY Pkt: 406b276000006a000104d71efcd744d6273a55326b9c527219c70d29dfa2f9647139852c0c5f138f0fa3f2bcc35a16de939d798192b83226bcd561cac6f62a1005b30c53af444b97d1290c3bf69d7be724866303b0cd0f019396c0b5e554b5a77d26bad91bae2467dd85976f67e3b7b5c6c969146e680077ea43cbc730f48d77d179f5070203ff8a915c0ea699f790d0aec24036763e3d
  PHY payload len: 151 type: <class 'bytes'>
  lora.write used: list
→ Packet SENT
[AUDIO] Recording saved: ../recordings/clip_20251117_161815.wav
[AUDIO] ⚠️  Classification model not yet integrated - returning placeholder

============================================================
Timestamp: 2025-11-17 16:18:20
------------------------------------------------------------
🌡️  Temperature: 28.8°C (Normal)
💧 Humidity: 51.0% (Normal)
🔥 CO Level: 1641.5 ppm | Voltage: 0.583V | Rs: 75.74kΩ
   ⚠️  REMINDER: Calibrate R0 in clean air for accurate readings
📍 GPS: No data (check wiring or wait for warm-up)
🎤 Audio: LOW-RISK (not sent in reading packet)
============================================================

📡 LoRa JSON Packet Ready: {'type': 'reading', 'nodeID': 1, 'temp': 28.8, 'humidity': 51.0, 'co_ppm': 1641.5, 'latitude': None, 'longitude': None, 'altitude': None, 'gps_fix': False}
   JSON bytes len: 138 hex: 7b2274797065223a2272656164696e67222c226e6f64654944223a312c2274656d70223a32382e382c2268756d6964697479223a35312e302c22636f5f70706d223a313634312e352c226c61746974756465223a6e756c6c2c226c6f6e676974756465223a6e756c6c2c22616c746974756465223a6e756c6c2c226770735f666978223a66616c73657d
--- Sending ABP Packet (FCnt=107) ---
  Encrypted payload len: 138
  Encrypted payload (hex): 61a5fa94dacf191eb870b1ae70cfa5a7fa620de1f4e50e8e9749c4bd553024fc8e3c012370a08319138634d6a4bb77b8e294d5cd2263118c88e652d6da92026f34bcbb5f02ffd8dd8db7cf0e123870a8f0e7ec7acadf7ca9376140480f46e9687139cfdb41f3e64484f2f70bda6502ab8e53a3e63fbad40b783e8da3d626290133af7143eea9ac203af3
  Payload: 7b2274797065223a2272656164696e67222c226e6f64654944223a312c2274656d70223a32382e382c2268756d6964697479223a35312e302c22636f5f70706d223a313634312e352c226c61746974756465223a6e756c6c2c226c6f6e676974756465223a6e756c6c2c22616c746974756465223a6e756c6c2c226770735f666978223a66616c73657d
  PHY Pkt: 406b276000006b000161a5fa94dacf191eb870b1ae70cfa5a7fa620de1f4e50e8e9749c4bd553024fc8e3c012370a08319138634d6a4bb77b8e294d5cd2263118c88e652d6da92026f34bcbb5f02ffd8dd8db7cf0e123870a8f0e7ec7acadf7ca9376140480f46e9687139cfdb41f3e64484f2f70bda6502ab8e53a3e63fbad40b783e8da3d626290133af7143eea9ac203af3d8691cfd
  PHY payload len: 151 type: <class 'bytes'>
  lora.write used: list
→ Packet SENT
[AUDIO] Recording saved: ../recordings/clip_20251117_161915.wav
[AUDIO] ⚠️  Classification model not yet integrated - returning placeholder

============================================================
Timestamp: 2025-11-17 16:19:20
------------------------------------------------------------
🌡️  Temperature: 29.0°C (Normal)
💧 Humidity: 51.9% (Normal)
🔥 CO Level: 1640.9 ppm | Voltage: 0.583V | Rs: 75.76kΩ
   ⚠️  REMINDER: Calibrate R0 in clean air for accurate readings
📍 GPS: No data (check wiring or wait for warm-up)
🎤 Audio: LOW-RISK (not sent in reading packet)
============================================================

📡 LoRa JSON Packet Ready: {'type': 'reading', 'nodeID': 1, 'temp': 29.0, 'humidity': 51.9, 'co_ppm': 1640.9, 'latitude': None, 'longitude': None, 'altitude': None, 'gps_fix': False}
   JSON bytes len: 138 hex: 7b2274797065223a2272656164696e67222c226e6f64654944223a312c2274656d70223a32392e302c2268756d6964697479223a35312e392c22636f5f70706d223a313634302e392c226c61746974756465223a6e756c6c2c226c6f6e676974756465223a6e756c6c2c22616c746974756465223a6e756c6c2c226770735f666978223a66616c73657d
--- Sending ABP Packet (FCnt=108) ---
  Encrypted payload len: 138
  Encrypted payload (hex): 453f44d88ebc69f6de1290f412b7e7f7d4a3757aedbccebd1bb8f74e93598a9d2f7597f5755b890ec1e6f08d0b6b2516573286037e4f46bda05be7872a5342332d54a443d0a57b9ef00b980ca5c06c8135aa9cbedc6b9b256206059ff84b1ee673a43420a36e7c25e2c57c054a87a4cee0146b3f746d588b06703a98b7dd7baa7b8d1c51ffc9c0d850e8
  Payload: 7b2274797065223a2272656164696e67222c226e6f64654944223a312c2274656d70223a32392e302c2268756d6964697479223a35312e392c22636f5f70706d223a313634302e392c226c61746974756465223a6e756c6c2c226c6f6e676974756465223a6e756c6c2c22616c746974756465223a6e756c6c2c226770735f666978223a66616c73657d
  PHY Pkt: 406b276000006c0001453f44d88ebc69f6de1290f412b7e7f7d4a3757aedbccebd1bb8f74e93598a9d2f7597f5755b890ec1e6f08d0b6b2516573286037e4f46bda05be7872a5342332d54a443d0a57b9ef00b980ca5c06c8135aa9cbedc6b9b256206059ff84b1ee673a43420a36e7c25e2c57c054a87a4cee0146b3f746d588b06703a98b7dd7baa7b8d1c51ffc9c0d850e8a09fa451
  PHY payload len: 151 type: <class 'bytes'>
  lora.write used: list
→ Packet SENT
[AUDIO] Recording saved: ../recordings/clip_20251117_162016.wav
[AUDIO] ⚠️  Classification model not yet integrated - returning placeholder

============================================================
Timestamp: 2025-11-17 16:20:21
------------------------------------------------------------
🌡️  Temperature: 29.0°C (Normal)
💧 Humidity: 51.9% (Normal)
🔥 CO Level: 1640.9 ppm | Voltage: 0.583V | Rs: 75.76kΩ
   ⚠️  REMINDER: Calibrate R0 in clean air for accurate readings
📍 GPS: No data (check wiring or wait for warm-up)
🎤 Audio: LOW-RISK (not sent in reading packet)
============================================================

📡 LoRa JSON Packet Ready: {'type': 'reading', 'nodeID': 1, 'temp': 29.0, 'humidity': 51.9, 'co_ppm': 1640.9, 'latitude': None, 'longitude': None, 'altitude': None, 'gps_fix': False}
   JSON bytes len: 138 hex: 7b2274797065223a2272656164696e67222c226e6f64654944223a312c2274656d70223a32392e302c2268756d6964697479223a35312e392c22636f5f70706d223a313634302e392c226c61746974756465223a6e756c6c2c226c6f6e676974756465223a6e756c6c2c22616c746974756465223a6e756c6c2c226770735f666978223a66616c73657d
[LoRa][WARN] ⚠️  Payload appears identical to last packet!
--- Sending ABP Packet (FCnt=109) ---
  Encrypted payload len: 138
  Encrypted payload (hex): 775a8dce15a031d4886a93dbd60d45c4c9afb0b8f9a24fbc09b2378191e07953620170fd0f4c330acfa2cc46a4a7503c18279752a8cb2ac280bebdb7ad00953b8903a209b39439e435d1603bfe38fcb588d9fe41081aa84595fc62fd3c41771a9b710e99246f6306e32188ff495c6432d7a7e1fcd4b9593492fb81f5087eb6b2b4efdd06639475e30f9d
  Payload: 7b2274797065223a2272656164696e67222c226e6f64654944223a312c2274656d70223a32392e302c2268756d6964697479223a35312e392c22636f5f70706d223a313634302e392c226c61746974756465223a6e756c6c2c226c6f6e676974756465223a6e756c6c2c22616c746974756465223a6e756c6c2c226770735f666978223a66616c73657d
  PHY Pkt: 406b276000006d0001775a8dce15a031d4886a93dbd60d45c4c9afb0b8f9a24fbc09b2378191e07953620170fd0f4c330acfa2cc46a4a7503c18279752a8cb2ac280bebdb7ad00953b8903a209b39439e435d1603bfe38fcb588d9fe41081aa84595fc62fd3c41771a9b710e99246f6306e32188ff495c6432d7a7e1fcd4b9593492fb81f5087eb6b2b4efdd06639475e30f9d0042e00f
  PHY payload len: 151 type: <class 'bytes'>
  lora.write used: list
→ Packet SENT
[AUDIO] Recording saved: ../recordings/clip_20251117_162117.wav
[AUDIO] ⚠️  Classification model not yet integrated - returning placeholder

============================================================
Timestamp: 2025-11-17 16:21:22
------------------------------------------------------------
🌡️  Temperature: 29.0°C (Normal)
💧 Humidity: 51.9% (Normal)
🔥 CO Level: 1643.3 ppm | Voltage: 0.584V | Rs: 75.69kΩ
   ⚠️  REMINDER: Calibrate R0 in clean air for accurate readings
📍 GPS: No data (check wiring or wait for warm-up)
🎤 Audio: LOW-RISK (not sent in reading packet)
============================================================

📡 LoRa JSON Packet Ready: {'type': 'reading', 'nodeID': 1, 'temp': 29.0, 'humidity': 51.9, 'co_ppm': 1643.3, 'latitude': None, 'longitude': None, 'altitude': None, 'gps_fix': False}
   JSON bytes len: 138 hex: 7b2274797065223a2272656164696e67222c226e6f64654944223a312c2274656d70223a32392e302c2268756d6964697479223a35312e392c22636f5f70706d223a313634332e332c226c61746974756465223a6e756c6c2c226c6f6e676974756465223a6e756c6c2c22616c746974756465223a6e756c6c2c226770735f666978223a66616c73657d
--- Sending ABP Packet (FCnt=110) ---
  Encrypted payload len: 138
  Encrypted payload (hex): 58a499a460db3c435c8d75f4574498de8842c071024b1b749d8ec8a36db3165526b884bcbfd0ad39907421c037646c9ebff5c6bc102ef40c9d27225dc79eb195c3310c9a23d3642df618fe489ebd7be7dc43ca1c76997522994fbefc76a4632a645e02b99f86df9725b4b7dfea51762b7bc3ee0d07bf108e1114e92ccb856c1bc80e0f584eeab550bdd1
  Payload: 7b2274797065223a2272656164696e67222c226e6f64654944223a312c2274656d70223a32392e302c2268756d6964697479223a35312e392c22636f5f70706d223a313634332e332c226c61746974756465223a6e756c6c2c226c6f6e676974756465223a6e756c6c2c22616c746974756465223a6e756c6c2c226770735f666978223a66616c73657d
  PHY Pkt: 406b276000006e000158a499a460db3c435c8d75f4574498de8842c071024b1b749d8ec8a36db3165526b884bcbfd0ad39907421c037646c9ebff5c6bc102ef40c9d27225dc79eb195c3310c9a23d3642df618fe489ebd7be7dc43ca1c76997522994fbefc76a4632a645e02b99f86df9725b4b7dfea51762b7bc3ee0d07bf108e1114e92ccb856c1bc80e0f584eeab550bdd1515163ad
  PHY payload len: 151 type: <class 'bytes'>
  lora.write used: list
→ Packet SENT
[AUDIO] Recording saved: ../recordings/clip_20251117_162217.wav
[AUDIO] ⚠️  Classification model not yet integrated - returning placeholder

============================================================
Timestamp: 2025-11-17 16:22:22
------------------------------------------------------------
🌡️  Temperature: 29.1°C (Normal)
💧 Humidity: 51.8% (Normal)
🔥 CO Level: 1643.3 ppm | Voltage: 0.584V | Rs: 75.69kΩ
   ⚠️  REMINDER: Calibrate R0 in clean air for accurate readings
📍 GPS: No data (check wiring or wait for warm-up)
🎤 Audio: LOW-RISK (not sent in reading packet)
============================================================

📡 LoRa JSON Packet Ready: {'type': 'reading', 'nodeID': 1, 'temp': 29.1, 'humidity': 51.8, 'co_ppm': 1643.3, 'latitude': None, 'longitude': None, 'altitude': None, 'gps_fix': False}
   JSON bytes len: 138 hex: 7b2274797065223a2272656164696e67222c226e6f64654944223a312c2274656d70223a32392e312c2268756d6964697479223a35312e382c22636f5f70706d223a313634332e332c226c61746974756465223a6e756c6c2c226c6f6e676974756465223a6e756c6c2c22616c746974756465223a6e756c6c2c226770735f666978223a66616c73657d
--- Sending ABP Packet (FCnt=111) ---
  Encrypted payload len: 138
  Encrypted payload (hex): 1c0066c9744f2117286da931c0a4b81ab21e308f3a3228bfb0b56495d35ecef6815ccf936415ecc8b017acedae9a038a6c25bdd76c0572f68d54536d552bb23020f79cd57a1be30a81809fadb2e1b3e6ac62f74c77ea4344a18c08d198428ab74a95ab8e24dbfc2c8b105ee86cbc054597c60934ad12ac14013ddfb0a49f91138c0a37523811ce0c40dd
  Payload: 7b2274797065223a2272656164696e67222c226e6f64654944223a312c2274656d70223a32392e312c2268756d6964697479223a35312e382c22636f5f70706d223a313634332e332c226c61746974756465223a6e756c6c2c226c6f6e676974756465223a6e756c6c2c22616c746974756465223a6e756c6c2c226770735f666978223a66616c73657d
  PHY Pkt: 406b276000006f00011c0066c9744f2117286da931c0a4b81ab21e308f3a3228bfb0b56495d35ecef6815ccf936415ecc8b017acedae9a038a6c25bdd76c0572f68d54536d552bb23020f79cd57a1be30a81809fadb2e1b3e6ac62f74c77ea4344a18c08d198428ab74a95ab8e24dbfc2c8b105ee86cbc054597c60934ad12ac14013ddfb0a49f91138c0a37523811ce0c40ddc1abd23f
  PHY payload len: 151 type: <class 'bytes'>
  lora.write used: list
→ Packet SENT
[AUDIO] Recording saved: ../recordings/clip_20251117_162318.wav
[AUDIO] ⚠️  Classification model not yet integrated - returning placeholder

============================================================
Timestamp: 2025-11-17 16:23:23
------------------------------------------------------------
🌡️  Temperature: 29.1°C (Normal)
💧 Humidity: 51.8% (Normal)
🔥 CO Level: 1643.3 ppm | Voltage: 0.584V | Rs: 75.69kΩ
   ⚠️  REMINDER: Calibrate R0 in clean air for accurate readings
📍 GPS: No data (check wiring or wait for warm-up)
🎤 Audio: LOW-RISK (not sent in reading packet)
============================================================

📡 LoRa JSON Packet Ready: {'type': 'reading', 'nodeID': 1, 'temp': 29.1, 'humidity': 51.8, 'co_ppm': 1643.3, 'latitude': None, 'longitude': None, 'altitude': None, 'gps_fix': False}
   JSON bytes len: 138 hex: 7b2274797065223a2272656164696e67222c226e6f64654944223a312c2274656d70223a32392e312c2268756d6964697479223a35312e382c22636f5f70706d223a313634332e332c226c61746974756465223a6e756c6c2c226c6f6e676974756465223a6e756c6c2c22616c746974756465223a6e756c6c2c226770735f666978223a66616c73657d
[LoRa][WARN] ⚠️  Payload appears identical to last packet!
--- Sending ABP Packet (FCnt=112) ---
  Encrypted payload len: 138
  Encrypted payload (hex): bb7ba8e653ca652c19c0c0cddfd1ef7d50ce96134969beae7ff129e3853461bb511fcdfa95eba714841a2ad79d9a8a989be86d034560eb397061612d5c6a4d0d2b664412bf63b8e5b97bb6e613446d5966034491c39e0e9ea7a92a67284a9944ccf25f11d606d27c72b1a9f56d5e6fc184bb9b860d5f197d2dcb60a6cf12ed9cb387352fc29521d1a5a6
  Payload: 7b2274797065223a2272656164696e67222c226e6f64654944223a312c2274656d70223a32392e312c2268756d6964697479223a35312e382c22636f5f70706d223a313634332e332c226c61746974756465223a6e756c6c2c226c6f6e676974756465223a6e756c6c2c22616c746974756465223a6e756c6c2c226770735f666978223a66616c73657d
  PHY Pkt: 406b27600000700001bb7ba8e653ca652c19c0c0cddfd1ef7d50ce96134969beae7ff129e3853461bb511fcdfa95eba714841a2ad79d9a8a989be86d034560eb397061612d5c6a4d0d2b664412bf63b8e5b97bb6e613446d5966034491c39e0e9ea7a92a67284a9944ccf25f11d606d27c72b1a9f56d5e6fc184bb9b860d5f197d2dcb60a6cf12ed9cb387352fc29521d1a5a6d48babe4
  PHY payload len: 151 type: <class 'bytes'>
  lora.write used: list
→ Packet SENT
[AUDIO] Recording saved: ../recordings/clip_20251117_162419.wav
[AUDIO] ⚠️  Classification model not yet integrated - returning placeholder

============================================================
Timestamp: 2025-11-17 16:24:24
------------------------------------------------------------
🌡️  Temperature: 28.9°C (Normal)
💧 Humidity: 51.1% (Normal)
🔥 CO Level: 1645.7 ppm | Voltage: 0.584V | Rs: 75.62kΩ
   ⚠️  REMINDER: Calibrate R0 in clean air for accurate readings
📍 GPS: No data (check wiring or wait for warm-up)
🎤 Audio: LOW-RISK (not sent in reading packet)
============================================================

📡 LoRa JSON Packet Ready: {'type': 'reading', 'nodeID': 1, 'temp': 28.9, 'humidity': 51.1, 'co_ppm': 1645.7, 'latitude': None, 'longitude': None, 'altitude': None, 'gps_fix': False}
   JSON bytes len: 138 hex: 7b2274797065223a2272656164696e67222c226e6f64654944223a312c2274656d70223a32382e392c2268756d6964697479223a35312e312c22636f5f70706d223a313634352e372c226c61746974756465223a6e756c6c2c226c6f6e676974756465223a6e756c6c2c22616c746974756465223a6e756c6c2c226770735f666978223a66616c73657d
--- Sending ABP Packet (FCnt=113) ---
  Encrypted payload len: 138
  Encrypted payload (hex): 770be07e252b067350c2e9cb0707cf6ccd2148315d920aaf8a380657014336bc5419af67a923eca31c7dba17b468ab00d5e08476e442e0644f800b8d42a6094b72a0bd1fac74b960315f4bdab895b94fd92e7c7d52a5f70cd16b9f7b838e69ec0645f95b8d7706c8d58bda7b7a3f2b74a23df1ab504363753e9a8d73ac54c8addf2fd3b5f920e0d1e294
  Payload: 7b2274797065223a2272656164696e67222c226e6f64654944223a312c2274656d70223a32382e392c2268756d6964697479223a35312e312c22636f5f70706d223a313634352e372c226c61746974756465223a6e756c6c2c226c6f6e676974756465223a6e756c6c2c22616c746974756465223a6e756c6c2c226770735f666978223a66616c73657d
  PHY Pkt: 406b27600000710001770be07e252b067350c2e9cb0707cf6ccd2148315d920aaf8a380657014336bc5419af67a923eca31c7dba17b468ab00d5e08476e442e0644f800b8d42a6094b72a0bd1fac74b960315f4bdab895b94fd92e7c7d52a5f70cd16b9f7b838e69ec0645f95b8d7706c8d58bda7b7a3f2b74a23df1ab504363753e9a8d73ac54c8addf2fd3b5f920e0d1e2942d43cf32
  PHY payload len: 151 type: <class 'bytes'>
  lora.write used: list
→ Packet SENT
[AUDIO] Recording saved: ../recordings/clip_20251117_162519.wav
[AUDIO] ⚠️  Classification model not yet integrated - returning placeholder

============================================================
Timestamp: 2025-11-17 16:25:24
------------------------------------------------------------
🌡️  Temperature: 28.8°C (Normal)
💧 Humidity: 51.2% (Normal)
🔥 CO Level: 1643.9 ppm | Voltage: 0.584V | Rs: 75.67kΩ
   ⚠️  REMINDER: Calibrate R0 in clean air for accurate readings
📍 GPS: No data (check wiring or wait for warm-up)
🎤 Audio: LOW-RISK (not sent in reading packet)
============================================================

📡 LoRa JSON Packet Ready: {'type': 'reading', 'nodeID': 1, 'temp': 28.8, 'humidity': 51.2, 'co_ppm': 1643.9, 'latitude': None, 'longitude': None, 'altitude': None, 'gps_fix': False}
   JSON bytes len: 138 hex: 7b2274797065223a2272656164696e67222c226e6f64654944223a312c2274656d70223a32382e382c2268756d6964697479223a35312e322c22636f5f70706d223a313634332e392c226c61746974756465223a6e756c6c2c226c6f6e676974756465223a6e756c6c2c22616c746974756465223a6e756c6c2c226770735f666978223a66616c73657d
--- Sending ABP Packet (FCnt=114) ---
  Encrypted payload len: 138
  Encrypted payload (hex): 1be5b30e8c2560c337b2392075634fd1a4084ee2af18327816d2de7e81280a284ec742eb8267bf2ba1f3bce8dc94179a5f7f6d0e920ded8268e1d8cd1cec805540d10465fc3c6de68cd4eae43fae7ad19154a8d11215b90164272bc19b3a7d86f4f592ae88e9618df9106c4a9e02dee0d2ba677e297c34c642c37b8c729011f2053ef6068470fed16734
  Payload: 7b2274797065223a2272656164696e67222c226e6f64654944223a312c2274656d70223a32382e382c2268756d6964697479223a35312e322c22636f5f70706d223a313634332e392c226c61746974756465223a6e756c6c2c226c6f6e676974756465223a6e756c6c2c22616c746974756465223a6e756c6c2c226770735f666978223a66616c73657d
  PHY Pkt: 406b276000007200011be5b30e8c2560c337b2392075634fd1a4084ee2af18327816d2de7e81280a284ec742eb8267bf2ba1f3bce8dc94179a5f7f6d0e920ded8268e1d8cd1cec805540d10465fc3c6de68cd4eae43fae7ad19154a8d11215b90164272bc19b3a7d86f4f592ae88e9618df9106c4a9e02dee0d2ba677e297c34c642c37b8c729011f2053ef6068470fed16734ed172501
  PHY payload len: 151 type: <class 'bytes'>
  lora.write used: list
→ Packet SENT
[AUDIO] Recording saved: ../recordings/clip_20251117_162620.wav
[AUDIO] ⚠️  Classification model not yet integrated - returning placeholder

============================================================
Timestamp: 2025-11-17 16:26:25
------------------------------------------------------------
🌡️  Temperature: 28.8°C (Normal)
💧 Humidity: 51.0% (Normal)
🔥 CO Level: 1645.1 ppm | Voltage: 0.584V | Rs: 75.63kΩ
   ⚠️  REMINDER: Calibrate R0 in clean air for accurate readings
📍 GPS: No data (check wiring or wait for warm-up)
🎤 Audio: LOW-RISK (not sent in reading packet)
============================================================

📡 LoRa JSON Packet Ready: {'type': 'reading', 'nodeID': 1, 'temp': 28.8, 'humidity': 51.0, 'co_ppm': 1645.1, 'latitude': None, 'longitude': None, 'altitude': None, 'gps_fix': False}
   JSON bytes len: 138 hex: 7b2274797065223a2272656164696e67222c226e6f64654944223a312c2274656d70223a32382e382c2268756d6964697479223a35312e302c22636f5f70706d223a313634352e312c226c61746974756465223a6e756c6c2c226c6f6e676974756465223a6e756c6c2c22616c746974756465223a6e756c6c2c226770735f666978223a66616c73657d
--- Sending ABP Packet (FCnt=115) ---
  Encrypted payload len: 138
  Encrypted payload (hex): 48a20af0363563af4394f1cb62c087021e813c85c1da3b350b3666d00dc2456ac82ba16f0462167d9103f6922d83c2ee74edef6ee91ae27e9bde09fc650a139a99aa7d008297bb57182270ea4669e7b8e2c80ddcbb205895ddf04cc2b463e0fe0113712af96c3e42b83dda5bf938ab4f303a9dda0a840727c03949114242c53038121285a1370abe56da
  Payload: 7b2274797065223a2272656164696e67222c226e6f64654944223a312c2274656d70223a32382e382c2268756d6964697479223a35312e302c22636f5f70706d223a313634352e312c226c61746974756465223a6e756c6c2c226c6f6e676974756465223a6e756c6c2c22616c746974756465223a6e756c6c2c226770735f666978223a66616c73657d
  PHY Pkt: 406b2760000073000148a20af0363563af4394f1cb62c087021e813c85c1da3b350b3666d00dc2456ac82ba16f0462167d9103f6922d83c2ee74edef6ee91ae27e9bde09fc650a139a99aa7d008297bb57182270ea4669e7b8e2c80ddcbb205895ddf04cc2b463e0fe0113712af96c3e42b83dda5bf938ab4f303a9dda0a840727c03949114242c53038121285a1370abe56da40b667c7
  PHY payload len: 151 type: <class 'bytes'>
  lora.write used: list
→ Packet SENT
[AUDIO] Recording saved: ../recordings/clip_20251117_162720.wav
[AUDIO] ⚠️  Classification model not yet integrated - returning placeholder

============================================================
Timestamp: 2025-11-17 16:27:25
------------------------------------------------------------
🌡️  Temperature: 28.8°C (Normal)
💧 Humidity: 50.8% (Normal)
🔥 CO Level: 1646.3 ppm | Voltage: 0.584V | Rs: 75.6kΩ
   ⚠️  REMINDER: Calibrate R0 in clean air for accurate readings
📍 GPS: No data (check wiring or wait for warm-up)
🎤 Audio: LOW-RISK (not sent in reading packet)
============================================================

📡 LoRa JSON Packet Ready: {'type': 'reading', 'nodeID': 1, 'temp': 28.8, 'humidity': 50.8, 'co_ppm': 1646.3, 'latitude': None, 'longitude': None, 'altitude': None, 'gps_fix': False}
   JSON bytes len: 138 hex: 7b2274797065223a2272656164696e67222c226e6f64654944223a312c2274656d70223a32382e382c2268756d6964697479223a35302e382c22636f5f70706d223a313634362e332c226c61746974756465223a6e756c6c2c226c6f6e676974756465223a6e756c6c2c22616c746974756465223a6e756c6c2c226770735f666978223a66616c73657d
--- Sending ABP Packet (FCnt=116) ---
  Encrypted payload len: 138
  Encrypted payload (hex): aead61e18fc14696737a9f6b44af79bffec1d38de434d517cce7729bbb3752eb05299ce7ec967f76de99ef3f463d53218368d03e75983d0a759725c17f626ef103391f1475754d484439e9e1fadf7ac8e788691aa9241328c2031a4732f0b09ab0e0084592a883d3f7d595919a9e8f7e134ec4449ca2f679ba6d0d20582a54e0447fa5153e932503f0ff
  Payload: 7b2274797065223a2272656164696e67222c226e6f64654944223a312c2274656d70223a32382e382c2268756d6964697479223a35302e382c22636f5f70706d223a313634362e332c226c61746974756465223a6e756c6c2c226c6f6e676974756465223a6e756c6c2c22616c746974756465223a6e756c6c2c226770735f666978223a66616c73657d
  PHY Pkt: 406b27600000740001aead61e18fc14696737a9f6b44af79bffec1d38de434d517cce7729bbb3752eb05299ce7ec967f76de99ef3f463d53218368d03e75983d0a759725c17f626ef103391f1475754d484439e9e1fadf7ac8e788691aa9241328c2031a4732f0b09ab0e0084592a883d3f7d595919a9e8f7e134ec4449ca2f679ba6d0d20582a54e0447fa5153e932503f0fffaeddcfc
  PHY payload len: 151 type: <class 'bytes'>
  lora.write used: list
→ Packet SENT
[AUDIO] Recording saved: ../recordings/clip_20251117_162821.wav
[AUDIO] ⚠️  Classification model not yet integrated - returning placeholder

============================================================
Timestamp: 2025-11-17 16:28:26
------------------------------------------------------------
🌡️  Temperature: 28.8°C (Normal)
💧 Humidity: 50.7% (Normal)
🔥 CO Level: 1646.9 ppm | Voltage: 0.584V | Rs: 75.58kΩ
   ⚠️  REMINDER: Calibrate R0 in clean air for accurate readings
📍 GPS: No data (check wiring or wait for warm-up)
🎤 Audio: LOW-RISK (not sent in reading packet)
============================================================

📡 LoRa JSON Packet Ready: {'type': 'reading', 'nodeID': 1, 'temp': 28.8, 'humidity': 50.7, 'co_ppm': 1646.9, 'latitude': None, 'longitude': None, 'altitude': None, 'gps_fix': False}
   JSON bytes len: 138 hex: 7b2274797065223a2272656164696e67222c226e6f64654944223a312c2274656d70223a32382e382c2268756d6964697479223a35302e372c22636f5f70706d223a313634362e392c226c61746974756465223a6e756c6c2c226c6f6e676974756465223a6e756c6c2c22616c746974756465223a6e756c6c2c226770735f666978223a66616c73657d
--- Sending ABP Packet (FCnt=117) ---
  Encrypted payload len: 138
  Encrypted payload (hex): 3cdac7e78bd446eacddda8860c19f86099a88677550b0510aa63460c9c3bada61e0b2f887ef6e44609254321523bc28835564b7cd26dc4e4c8137ede7d114f837ec1308ec2b84b6460cc7024411978a746eda7f85c9a313686c501b8e3b1dadb0fa95a2f2a349e65c7993390d5ad10d5336b69cd900a1428e403bff0f3fcc9eabb2de1836a2cbba5ea95
  Payload: 7b2274797065223a2272656164696e67222c226e6f64654944223a312c2274656d70223a32382e382c2268756d6964697479223a35302e372c22636f5f70706d223a313634362e392c226c61746974756465223a6e756c6c2c226c6f6e676974756465223a6e756c6c2c22616c746974756465223a6e756c6c2c226770735f666978223a66616c73657d
  PHY Pkt: 406b276000007500013cdac7e78bd446eacddda8860c19f86099a88677550b0510aa63460c9c3bada61e0b2f887ef6e44609254321523bc28835564b7cd26dc4e4c8137ede7d114f837ec1308ec2b84b6460cc7024411978a746eda7f85c9a313686c501b8e3b1dadb0fa95a2f2a349e65c7993390d5ad10d5336b69cd900a1428e403bff0f3fcc9eabb2de1836a2cbba5ea95490241a2
  PHY payload len: 151 type: <class 'bytes'>
  lora.write used: list
→ Packet SENT
[AUDIO] Recording saved: ../recordings/clip_20251117_162921.wav
[AUDIO] ⚠️  Classification model not yet integrated - returning placeholder

============================================================
Timestamp: 2025-11-17 16:29:26
------------------------------------------------------------
🌡️  Temperature: 28.7°C (Normal)
💧 Humidity: 50.7% (Normal)
🔥 CO Level: 1644.5 ppm | Voltage: 0.584V | Rs: 75.65kΩ
   ⚠️  REMINDER: Calibrate R0 in clean air for accurate readings
📍 GPS: No data (check wiring or wait for warm-up)
🎤 Audio: LOW-RISK (not sent in reading packet)
============================================================

📡 LoRa JSON Packet Ready: {'type': 'reading', 'nodeID': 1, 'temp': 28.7, 'humidity': 50.7, 'co_ppm': 1644.5, 'latitude': None, 'longitude': None, 'altitude': None, 'gps_fix': False}
   JSON bytes len: 138 hex: 7b2274797065223a2272656164696e67222c226e6f64654944223a312c2274656d70223a32382e372c2268756d6964697479223a35302e372c22636f5f70706d223a313634342e352c226c61746974756465223a6e756c6c2c226c6f6e676974756465223a6e756c6c2c22616c746974756465223a6e756c6c2c226770735f666978223a66616c73657d
--- Sending ABP Packet (FCnt=118) ---
  Encrypted payload len: 138
  Encrypted payload (hex): c7805ccc2ec8b9ca144a680fc61b09bb33db21d474796e7fb1f3911055c3069698df0ed6dc87b3d202d10edcd2793737b943fe55c72702c65896566d4c2d935af837c03d41e7b7c2b5677157a9717397c1595ea1e85e8ade930c8c08818f3a4b2fb6cc9ac3e2adfcba4b10665fb83fbf42840c0fa17aa8600c1a0910920680847dff85c16750e41e26f3
  Payload: 7b2274797065223a2272656164696e67222c226e6f64654944223a312c2274656d70223a32382e372c2268756d6964697479223a35302e372c22636f5f70706d223a313634342e352c226c61746974756465223a6e756c6c2c226c6f6e676974756465223a6e756c6c2c22616c746974756465223a6e756c6c2c226770735f666978223a66616c73657d
  PHY Pkt: 406b27600000760001c7805ccc2ec8b9ca144a680fc61b09bb33db21d474796e7fb1f3911055c3069698df0ed6dc87b3d202d10edcd2793737b943fe55c72702c65896566d4c2d935af837c03d41e7b7c2b5677157a9717397c1595ea1e85e8ade930c8c08818f3a4b2fb6cc9ac3e2adfcba4b10665fb83fbf42840c0fa17aa8600c1a0910920680847dff85c16750e41e26f3b0d71485
  PHY payload len: 151 type: <class 'bytes'>
  lora.write used: list
→ Packet SENT
[AUDIO] Recording saved: ../recordings/clip_20251117_163021.wav
[AUDIO] ⚠️  Classification model not yet integrated - returning placeholder

============================================================
Timestamp: 2025-11-17 16:30:26
------------------------------------------------------------
🌡️  Temperature: 28.7°C (Normal)
💧 Humidity: 50.5% (Normal)
🔥 CO Level: 1645.7 ppm | Voltage: 0.584V | Rs: 75.62kΩ
   ⚠️  REMINDER: Calibrate R0 in clean air for accurate readings
📍 GPS: No data (check wiring or wait for warm-up)
🎤 Audio: LOW-RISK (not sent in reading packet)
============================================================

📡 LoRa JSON Packet Ready: {'type': 'reading', 'nodeID': 1, 'temp': 28.7, 'humidity': 50.5, 'co_ppm': 1645.7, 'latitude': None, 'longitude': None, 'altitude': None, 'gps_fix': False}
   JSON bytes len: 138 hex: 7b2274797065223a2272656164696e67222c226e6f64654944223a312c2274656d70223a32382e372c2268756d6964697479223a35302e352c22636f5f70706d223a313634352e372c226c61746974756465223a6e756c6c2c226c6f6e676974756465223a6e756c6c2c22616c746974756465223a6e756c6c2c226770735f666978223a66616c73657d
--- Sending ABP Packet (FCnt=119) ---
  Encrypted payload len: 138
  Encrypted payload (hex): 40de8841ec28786bdd3cf74a80ab0504592dbf4f65247afccd39ec64c2416c0d52abd0e22b6c64bb87b62bc28c97a0e4c0f56242d5b4efcf518ccfeddbe212f58631a26a6010db54034831263ca79f423fa4b776261460ef3326ac22ceca628f295b0a0d829e86bbf7e0ef5dfee28610794a5b2b11e66653cac76d1ebee17669324aab7d7dd91975a062
  Payload: 7b2274797065223a2272656164696e67222c226e6f64654944223a312c2274656d70223a32382e372c2268756d6964697479223a35302e352c22636f5f70706d223a313634352e372c226c61746974756465223a6e756c6c2c226c6f6e676974756465223a6e756c6c2c22616c746974756465223a6e756c6c2c226770735f666978223a66616c73657d
  PHY Pkt: 406b2760000077000140de8841ec28786bdd3cf74a80ab0504592dbf4f65247afccd39ec64c2416c0d52abd0e22b6c64bb87b62bc28c97a0e4c0f56242d5b4efcf518ccfeddbe212f58631a26a6010db54034831263ca79f423fa4b776261460ef3326ac22ceca628f295b0a0d829e86bbf7e0ef5dfee28610794a5b2b11e66653cac76d1ebee17669324aab7d7dd91975a062d13c7462
  PHY payload len: 151 type: <class 'bytes'>
  lora.write used: list
→ Packet SENT
[AUDIO] Recording saved: ../recordings/clip_20251117_163122.wav
[AUDIO] ⚠️  Classification model not yet integrated - returning placeholder

============================================================
Timestamp: 2025-11-17 16:31:27
------------------------------------------------------------
🌡️  Temperature: 28.7°C (Normal)
💧 Humidity: 50.1% (Normal)
🔥 CO Level: 1642.7 ppm | Voltage: 0.583V | Rs: 75.71kΩ
   ⚠️  REMINDER: Calibrate R0 in clean air for accurate readings
📍 GPS: No data (check wiring or wait for warm-up)
🎤 Audio: LOW-RISK (not sent in reading packet)
============================================================

📡 LoRa JSON Packet Ready: {'type': 'reading', 'nodeID': 1, 'temp': 28.7, 'humidity': 50.1, 'co_ppm': 1642.7, 'latitude': None, 'longitude': None, 'altitude': None, 'gps_fix': False}
   JSON bytes len: 138 hex: 7b2274797065223a2272656164696e67222c226e6f64654944223a312c2274656d70223a32382e372c2268756d6964697479223a35302e312c22636f5f70706d223a313634322e372c226c61746974756465223a6e756c6c2c226c6f6e676974756465223a6e756c6c2c22616c746974756465223a6e756c6c2c226770735f666978223a66616c73657d
--- Sending ABP Packet (FCnt=120) ---
  Encrypted payload len: 138
  Encrypted payload (hex): 2a30141e196c1634839ee968294a2f7fc230574f3dcc7ffb6576af42212078833413c2918a5927f466260dae17283432f0d77a3892cd400694604c238669a4f3acefbe67f80ca38eaf43ea357aaa49bfdb997621b992b43b8d10b24b4029e4b0ec9e8fb7ae0a7501f1073ca79523eabb7e9f26028b333fa2f8314a8c820d52cce41e6f7f2c42d2e1ed39
  Payload: 7b2274797065223a2272656164696e67222c226e6f64654944223a312c2274656d70223a32382e372c2268756d6964697479223a35302e312c22636f5f70706d223a313634322e372c226c61746974756465223a6e756c6c2c226c6f6e676974756465223a6e756c6c2c22616c746974756465223a6e756c6c2c226770735f666978223a66616c73657d
  PHY Pkt: 406b276000007800012a30141e196c1634839ee968294a2f7fc230574f3dcc7ffb6576af42212078833413c2918a5927f466260dae17283432f0d77a3892cd400694604c238669a4f3acefbe67f80ca38eaf43ea357aaa49bfdb997621b992b43b8d10b24b4029e4b0ec9e8fb7ae0a7501f1073ca79523eabb7e9f26028b333fa2f8314a8c820d52cce41e6f7f2c42d2e1ed39b9c7e405
  PHY payload len: 151 type: <class 'bytes'>
  lora.write used: list
→ Packet SENT
[AUDIO] Recording saved: ../recordings/clip_20251117_163223.wav
[AUDIO] ⚠️  Classification model not yet integrated - returning placeholder

============================================================
Timestamp: 2025-11-17 16:32:28
------------------------------------------------------------
🌡️  Temperature: 28.7°C (Normal)
💧 Humidity: 50.1% (Normal)
🔥 CO Level: 1642.7 ppm | Voltage: 0.583V | Rs: 75.71kΩ
   ⚠️  REMINDER: Calibrate R0 in clean air for accurate readings
📍 GPS: No data (check wiring or wait for warm-up)
🎤 Audio: LOW-RISK (not sent in reading packet)
============================================================

📡 LoRa JSON Packet Ready: {'type': 'reading', 'nodeID': 1, 'temp': 28.7, 'humidity': 50.1, 'co_ppm': 1642.7, 'latitude': None, 'longitude': None, 'altitude': None, 'gps_fix': False}
   JSON bytes len: 138 hex: 7b2274797065223a2272656164696e67222c226e6f64654944223a312c2274656d70223a32382e372c2268756d6964697479223a35302e312c22636f5f70706d223a313634322e372c226c61746974756465223a6e756c6c2c226c6f6e676974756465223a6e756c6c2c22616c746974756465223a6e756c6c2c226770735f666978223a66616c73657d
[LoRa][WARN] ⚠️  Payload appears identical to last packet!
--- Sending ABP Packet (FCnt=121) ---
  Encrypted payload len: 138
  Encrypted payload (hex): 20fe63733a171fd123fd80f1e1103deb8682ece065961a4e4f921c44d1bdcc739ba46aecddd48abf1b2ffe61468c298cdfd88eb3abe90d37e7b588d67c0d508f2232e15151f5b9e9210f467c290ee40904b7539cafb04ecc7d72d090dff345718f7c8ba32d7bc1bac84a6a3b01e449338d07b2d75c31f10991efa1b121482b6230a6e73a8c261405c556
  Payload: 7b2274797065223a2272656164696e67222c226e6f64654944223a312c2274656d70223a32382e372c2268756d6964697479223a35302e312c22636f5f70706d223a313634322e372c226c61746974756465223a6e756c6c2c226c6f6e676974756465223a6e756c6c2c22616c746974756465223a6e756c6c2c226770735f666978223a66616c73657d
  PHY Pkt: 406b2760000079000120fe63733a171fd123fd80f1e1103deb8682ece065961a4e4f921c44d1bdcc739ba46aecddd48abf1b2ffe61468c298cdfd88eb3abe90d37e7b588d67c0d508f2232e15151f5b9e9210f467c290ee40904b7539cafb04ecc7d72d090dff345718f7c8ba32d7bc1bac84a6a3b01e449338d07b2d75c31f10991efa1b121482b6230a6e73a8c261405c556a872ff5f
  PHY payload len: 151 type: <class 'bytes'>
  lora.write used: list
→ Packet SENT
[AUDIO] Recording saved: ../recordings/clip_20251117_163324.wav
[AUDIO] ⚠️  Classification model not yet integrated - returning placeholder

============================================================
Timestamp: 2025-11-17 16:33:29
------------------------------------------------------------
🌡️  Temperature: 28.7°C (Normal)
💧 Humidity: 50.1% (Normal)
🔥 CO Level: 1640.9 ppm | Voltage: 0.583V | Rs: 75.76kΩ
   ⚠️  REMINDER: Calibrate R0 in clean air for accurate readings
📍 GPS: No data (check wiring or wait for warm-up)
🎤 Audio: LOW-RISK (not sent in reading packet)
============================================================

📡 LoRa JSON Packet Ready: {'type': 'reading', 'nodeID': 1, 'temp': 28.7, 'humidity': 50.1, 'co_ppm': 1640.9, 'latitude': None, 'longitude': None, 'altitude': None, 'gps_fix': False}
   JSON bytes len: 138 hex: 7b2274797065223a2272656164696e67222c226e6f64654944223a312c2274656d70223a32382e372c2268756d6964697479223a35302e312c22636f5f70706d223a313634302e392c226c61746974756465223a6e756c6c2c226c6f6e676974756465223a6e756c6c2c22616c746974756465223a6e756c6c2c226770735f666978223a66616c73657d
--- Sending ABP Packet (FCnt=122) ---
  Encrypted payload len: 138
  Encrypted payload (hex): add995c6cce79b162cdd7a510aae524c14990b2917771fefffee9b548fbbbfe4ef6abec5fcfceeffb98fc6f2092bd14be74382dfc7bffc84b64c9bbbef6cbecf6a1c9f5836405e939962ca9ca9089e7a6d7e418152d168ae8f7658581a6b6adc105c024a6cdb04bf5127d674a070d2aab71a2b31d97bad7aaff733f2fe1d986b1e7f20f8838007e12a4f
  Payload: 7b2274797065223a2272656164696e67222c226e6f64654944223a312c2274656d70223a32382e372c2268756d6964697479223a35302e312c22636f5f70706d223a313634302e392c226c61746974756465223a6e756c6c2c226c6f6e676974756465223a6e756c6c2c22616c746974756465223a6e756c6c2c226770735f666978223a66616c73657d
  PHY Pkt: 406b276000007a0001add995c6cce79b162cdd7a510aae524c14990b2917771fefffee9b548fbbbfe4ef6abec5fcfceeffb98fc6f2092bd14be74382dfc7bffc84b64c9bbbef6cbecf6a1c9f5836405e939962ca9ca9089e7a6d7e418152d168ae8f7658581a6b6adc105c024a6cdb04bf5127d674a070d2aab71a2b31d97bad7aaff733f2fe1d986b1e7f20f8838007e12a4f341033c5
  PHY payload len: 151 type: <class 'bytes'>
  lora.write used: list
→ Packet SENT
[AUDIO] Recording saved: ../recordings/clip_20251117_163425.wav
[AUDIO] ⚠️  Classification model not yet integrated - returning placeholder

============================================================
Timestamp: 2025-11-17 16:34:30
------------------------------------------------------------
🌡️  Temperature: 28.7°C (Normal)
💧 Humidity: 50.1% (Normal)
🔥 CO Level: 1640.9 ppm | Voltage: 0.583V | Rs: 75.76kΩ
   ⚠️  REMINDER: Calibrate R0 in clean air for accurate readings
📍 GPS: No data (check wiring or wait for warm-up)
🎤 Audio: LOW-RISK (not sent in reading packet)
============================================================

📡 LoRa JSON Packet Ready: {'type': 'reading', 'nodeID': 1, 'temp': 28.7, 'humidity': 50.1, 'co_ppm': 1640.9, 'latitude': None, 'longitude': None, 'altitude': None, 'gps_fix': False}
   JSON bytes len: 138 hex: 7b2274797065223a2272656164696e67222c226e6f64654944223a312c2274656d70223a32382e372c2268756d6964697479223a35302e312c22636f5f70706d223a313634302e392c226c61746974756465223a6e756c6c2c226c6f6e676974756465223a6e756c6c2c22616c746974756465223a6e756c6c2c226770735f666978223a66616c73657d
[LoRa][WARN] ⚠️  Payload appears identical to last packet!
--- Sending ABP Packet (FCnt=123) ---
  Encrypted payload len: 138
  Encrypted payload (hex): 63cbb96dc7ae83965cebf405b7dd46a1149745afc3823939d63cddd3bf692040a48b14bb01c619094287d3e53fbbc9206c577a28cb6680e81ceaa3690fabd8bdcd45cff1d8a007d59eee03f96fd5f370e81509344333f3b33ae25a51c810497d7ae134b624fdcb2213a933f6c536639d59f4b435a5f83385a6adec9d0405b1775f61ec467b5e752ae033
  Payload: 7b2274797065223a2272656164696e67222c226e6f64654944223a312c2274656d70223a32382e372c2268756d6964697479223a35302e312c22636f5f70706d223a313634302e392c226c61746974756465223a6e756c6c2c226c6f6e676974756465223a6e756c6c2c22616c746974756465223a6e756c6c2c226770735f666978223a66616c73657d
  PHY Pkt: 406b276000007b000163cbb96dc7ae83965cebf405b7dd46a1149745afc3823939d63cddd3bf692040a48b14bb01c619094287d3e53fbbc9206c577a28cb6680e81ceaa3690fabd8bdcd45cff1d8a007d59eee03f96fd5f370e81509344333f3b33ae25a51c810497d7ae134b624fdcb2213a933f6c536639d59f4b435a5f83385a6adec9d0405b1775f61ec467b5e752ae0339ff93ce5
  PHY payload len: 151 type: <class 'bytes'>
  lora.write used: list
→ Packet SENT
[AUDIO] Recording saved: ../recordings/clip_20251117_163526.wav
[AUDIO] ⚠️  Classification model not yet integrated - returning placeholder

============================================================
Timestamp: 2025-11-17 16:35:31
------------------------------------------------------------
🌡️  Temperature: 28.7°C (Normal)
💧 Humidity: 50.1% (Normal)
🔥 CO Level: 1640.9 ppm | Voltage: 0.583V | Rs: 75.76kΩ
   ⚠️  REMINDER: Calibrate R0 in clean air for accurate readings
📍 GPS: No data (check wiring or wait for warm-up)
🎤 Audio: LOW-RISK (not sent in reading packet)
============================================================

📡 LoRa JSON Packet Ready: {'type': 'reading', 'nodeID': 1, 'temp': 28.7, 'humidity': 50.1, 'co_ppm': 1640.9, 'latitude': None, 'longitude': None, 'altitude': None, 'gps_fix': False}
   JSON bytes len: 138 hex: 7b2274797065223a2272656164696e67222c226e6f64654944223a312c2274656d70223a32382e372c2268756d6964697479223a35302e312c22636f5f70706d223a313634302e392c226c61746974756465223a6e756c6c2c226c6f6e676974756465223a6e756c6c2c22616c746974756465223a6e756c6c2c226770735f666978223a66616c73657d
[LoRa][WARN] ⚠️  Payload appears identical to last packet!
--- Sending ABP Packet (FCnt=124) ---
  Encrypted payload len: 138
  Encrypted payload (hex): f3e659f3bab46916b168d00db270ca1bb1d5093cc1108423eac06f758b881bb8cb08e7c9f1cd4a270217210bf1bfc2db6490cddfa3602a177b2f51b93ecef40af95d996214c309fe92dfc4b1beaa1a13681c54d26fdd8e95dd772022fafb51f44e545c9d250c4362bf3f61ea5f00f9875f518d38ae9ce628ce1cf26991b12b5cb93fdab5fe4600d8946f
  Payload: 7b2274797065223a2272656164696e67222c226e6f64654944223a312c2274656d70223a32382e372c2268756d6964697479223a35302e312c22636f5f70706d223a313634302e392c226c61746974756465223a6e756c6c2c226c6f6e676974756465223a6e756c6c2c22616c746974756465223a6e756c6c2c226770735f666978223a66616c73657d
  PHY Pkt: 406b276000007c0001f3e659f3bab46916b168d00db270ca1bb1d5093cc1108423eac06f758b881bb8cb08e7c9f1cd4a270217210bf1bfc2db6490cddfa3602a177b2f51b93ecef40af95d996214c309fe92dfc4b1beaa1a13681c54d26fdd8e95dd772022fafb51f44e545c9d250c4362bf3f61ea5f00f9875f518d38ae9ce628ce1cf26991b12b5cb93fdab5fe4600d8946f16848607
  PHY payload len: 151 type: <class 'bytes'>
  lora.write used: list
→ Packet SENT
[AUDIO] Recording saved: ../recordings/clip_20251117_163626.wav
[AUDIO] ⚠️  Classification model not yet integrated - returning placeholder

============================================================
Timestamp: 2025-11-17 16:36:31
------------------------------------------------------------
🌡️  Temperature: 29.0°C (Normal)
💧 Humidity: 48.8% (Normal)
🔥 CO Level: 1643.9 ppm | Voltage: 0.584V | Rs: 75.67kΩ
   ⚠️  REMINDER: Calibrate R0 in clean air for accurate readings
📍 GPS: No data (check wiring or wait for warm-up)
🎤 Audio: LOW-RISK (not sent in reading packet)
============================================================

📡 LoRa JSON Packet Ready: {'type': 'reading', 'nodeID': 1, 'temp': 29.0, 'humidity': 48.8, 'co_ppm': 1643.9, 'latitude': None, 'longitude': None, 'altitude': None, 'gps_fix': False}
   JSON bytes len: 138 hex: 7b2274797065223a2272656164696e67222c226e6f64654944223a312c2274656d70223a32392e302c2268756d6964697479223a34382e382c22636f5f70706d223a313634332e392c226c61746974756465223a6e756c6c2c226c6f6e676974756465223a6e756c6c2c22616c746974756465223a6e756c6c2c226770735f666978223a66616c73657d
--- Sending ABP Packet (FCnt=125) ---
  Encrypted payload len: 138
  Encrypted payload (hex): 6ee43f22d721306a34d3b003e5eb5f241f7a9a0eabb0ca098f2b2434612df87baf2a053b5f4ff2bd53f90e8a9a5cb6372874a9c16295d8eef83458cf0a1ca568cb4806f13d57cfee3a9ee46facc67f34eb74a7fc75aa26dd5d4cea73f80cdf52c991c2a8f6ebcf7531a4f7a67084dad6104c7b3335dc84e17244ccbe22a50e4878e4a0d8cddfca284ff1
  Payload: 7b2274797065223a2272656164696e67222c226e6f64654944223a312c2274656d70223a32392e302c2268756d6964697479223a34382e382c22636f5f70706d223a313634332e392c226c61746974756465223a6e756c6c2c226c6f6e676974756465223a6e756c6c2c22616c746974756465223a6e756c6c2c226770735f666978223a66616c73657d
  PHY Pkt: 406b276000007d00016ee43f22d721306a34d3b003e5eb5f241f7a9a0eabb0ca098f2b2434612df87baf2a053b5f4ff2bd53f90e8a9a5cb6372874a9c16295d8eef83458cf0a1ca568cb4806f13d57cfee3a9ee46facc67f34eb74a7fc75aa26dd5d4cea73f80cdf52c991c2a8f6ebcf7531a4f7a67084dad6104c7b3335dc84e17244ccbe22a50e4878e4a0d8cddfca284ff16e6a546c
  PHY payload len: 151 type: <class 'bytes'>
  lora.write used: list
→ Packet SENT
[AUDIO] Recording saved: ../recordings/clip_20251117_163727.wav
[AUDIO] ⚠️  Classification model not yet integrated - returning placeholder

============================================================
Timestamp: 2025-11-17 16:37:32
------------------------------------------------------------
🌡️  Temperature: 29.0°C (Normal)
💧 Humidity: 48.6% (Normal)
🔥 CO Level: 1645.1 ppm | Voltage: 0.584V | Rs: 75.63kΩ
   ⚠️  REMINDER: Calibrate R0 in clean air for accurate readings
📍 GPS: No data (check wiring or wait for warm-up)
🎤 Audio: LOW-RISK (not sent in reading packet)
============================================================

📡 LoRa JSON Packet Ready: {'type': 'reading', 'nodeID': 1, 'temp': 29.0, 'humidity': 48.6, 'co_ppm': 1645.1, 'latitude': None, 'longitude': None, 'altitude': None, 'gps_fix': False}
   JSON bytes len: 138 hex: 7b2274797065223a2272656164696e67222c226e6f64654944223a312c2274656d70223a32392e302c2268756d6964697479223a34382e362c22636f5f70706d223a313634352e312c226c61746974756465223a6e756c6c2c226c6f6e676974756465223a6e756c6c2c22616c746974756465223a6e756c6c2c226770735f666978223a66616c73657d
--- Sending ABP Packet (FCnt=126) ---
  Encrypted payload len: 138
  Encrypted payload (hex): 62d1c88d936de3169a8aabab3a89dc52d9c091f3048f29c1e6f51be63ea8708b9825fab120817808f8d8f62885d155929832feadcab97170081ca9d9f5b7b21bf2a28fd907a1cacbbaab5274a7815d5f9fe8639df4d61abea1d9aad7d658d4408b3601a0bea6de2d862b4b2ac3d414804f3dbe2c39a7bd93a358d1b64062fc49a29d7334eb450e112f9f
  Payload: 7b2274797065223a2272656164696e67222c226e6f64654944223a312c2274656d70223a32392e302c2268756d6964697479223a34382e362c22636f5f70706d223a313634352e312c226c61746974756465223a6e756c6c2c226c6f6e676974756465223a6e756c6c2c22616c746974756465223a6e756c6c2c226770735f666978223a66616c73657d
  PHY Pkt: 406b276000007e000162d1c88d936de3169a8aabab3a89dc52d9c091f3048f29c1e6f51be63ea8708b9825fab120817808f8d8f62885d155929832feadcab97170081ca9d9f5b7b21bf2a28fd907a1cacbbaab5274a7815d5f9fe8639df4d61abea1d9aad7d658d4408b3601a0bea6de2d862b4b2ac3d414804f3dbe2c39a7bd93a358d1b64062fc49a29d7334eb450e112f9f75465b96
  PHY payload len: 151 type: <class 'bytes'>
  lora.write used: list
→ Packet SENT
[AUDIO] Recording saved: ../recordings/clip_20251117_163827.wav
[AUDIO] ⚠️  Classification model not yet integrated - returning placeholder

============================================================
Timestamp: 2025-11-17 16:38:32
------------------------------------------------------------
🌡️  Temperature: 29.0°C (Normal)
💧 Humidity: 48.6% (Normal)
🔥 CO Level: 1642.7 ppm | Voltage: 0.583V | Rs: 75.71kΩ
   ⚠️  REMINDER: Calibrate R0 in clean air for accurate readings
📍 GPS: No data (check wiring or wait for warm-up)
🎤 Audio: LOW-RISK (not sent in reading packet)
============================================================

📡 LoRa JSON Packet Ready: {'type': 'reading', 'nodeID': 1, 'temp': 29.0, 'humidity': 48.6, 'co_ppm': 1642.7, 'latitude': None, 'longitude': None, 'altitude': None, 'gps_fix': False}
   JSON bytes len: 138 hex: 7b2274797065223a2272656164696e67222c226e6f64654944223a312c2274656d70223a32392e302c2268756d6964697479223a34382e362c22636f5f70706d223a313634322e372c226c61746974756465223a6e756c6c2c226c6f6e676974756465223a6e756c6c2c22616c746974756465223a6e756c6c2c226770735f666978223a66616c73657d
--- Sending ABP Packet (FCnt=127) ---
  Encrypted payload len: 138
  Encrypted payload (hex): 4346e0738cf2ec771292551a6d3e7590911edd99ee3dda5ba1fa68a46a5f2c1bd9fe127d04b75f53574a1b5825f963005ed3e7ec4906c19571e0ae7a4a9389d15578039e2ad3cb048cf38de7024347bf47a9b0cf29693c865052797cb4476b5e4664a0814d61c384010087b5c957f1543653633913f5e6be8cb8ffd7ed618e989ba58ca772f38aebfb17
  Payload: 7b2274797065223a2272656164696e67222c226e6f64654944223a312c2274656d70223a32392e302c2268756d6964697479223a34382e362c22636f5f70706d223a313634322e372c226c61746974756465223a6e756c6c2c226c6f6e676974756465223a6e756c6c2c22616c746974756465223a6e756c6c2c226770735f666978223a66616c73657d
  PHY Pkt: 406b276000007f00014346e0738cf2ec771292551a6d3e7590911edd99ee3dda5ba1fa68a46a5f2c1bd9fe127d04b75f53574a1b5825f963005ed3e7ec4906c19571e0ae7a4a9389d15578039e2ad3cb048cf38de7024347bf47a9b0cf29693c865052797cb4476b5e4664a0814d61c384010087b5c957f1543653633913f5e6be8cb8ffd7ed618e989ba58ca772f38aebfb17b35fd242
  PHY payload len: 151 type: <class 'bytes'>
  lora.write used: list
→ Packet SENT
[AUDIO] Recording saved: ../recordings/clip_20251117_163928.wav
[AUDIO] ⚠️  Classification model not yet integrated - returning placeholder

============================================================
Timestamp: 2025-11-17 16:39:33
------------------------------------------------------------
🌡️  Temperature: 29.0°C (Normal)
💧 Humidity: 48.6% (Normal)
🔥 CO Level: 1643.3 ppm | Voltage: 0.584V | Rs: 75.69kΩ
   ⚠️  REMINDER: Calibrate R0 in clean air for accurate readings
📍 GPS: No data (check wiring or wait for warm-up)
🎤 Audio: LOW-RISK (not sent in reading packet)
============================================================

📡 LoRa JSON Packet Ready: {'type': 'reading', 'nodeID': 1, 'temp': 29.0, 'humidity': 48.6, 'co_ppm': 1643.3, 'latitude': None, 'longitude': None, 'altitude': None, 'gps_fix': False}
   JSON bytes len: 138 hex: 7b2274797065223a2272656164696e67222c226e6f64654944223a312c2274656d70223a32392e302c2268756d6964697479223a34382e362c22636f5f70706d223a313634332e332c226c61746974756465223a6e756c6c2c226c6f6e676974756465223a6e756c6c2c22616c746974756465223a6e756c6c2c226770735f666978223a66616c73657d
--- Sending ABP Packet (FCnt=128) ---
  Encrypted payload len: 138
  Encrypted payload (hex): cb6a8ca71fe0de7691815f60878089abe22d0f56b85b677e5f61cefe9d6e330436c67b669d99c59e893ecc1782b19ffbf2820345a1eb40789e430b81beae5c113ff07ef3f2ad80c3949221ea7af2c52a02997d08a67f453e0df4f61366e7b06581ac2d96ee247a843752a7827ad41f949c97a4e995d2ea2f24ed53bb4ea225e5a616c6369ba94d1971a6
  Payload: 7b2274797065223a2272656164696e67222c226e6f64654944223a312c2274656d70223a32392e302c2268756d6964697479223a34382e362c22636f5f70706d223a313634332e332c226c61746974756465223a6e756c6c2c226c6f6e676974756465223a6e756c6c2c22616c746974756465223a6e756c6c2c226770735f666978223a66616c73657d
  PHY Pkt: 406b27600000800001cb6a8ca71fe0de7691815f60878089abe22d0f56b85b677e5f61cefe9d6e330436c67b669d99c59e893ecc1782b19ffbf2820345a1eb40789e430b81beae5c113ff07ef3f2ad80c3949221ea7af2c52a02997d08a67f453e0df4f61366e7b06581ac2d96ee247a843752a7827ad41f949c97a4e995d2ea2f24ed53bb4ea225e5a616c6369ba94d1971a6a40be967
  PHY payload len: 151 type: <class 'bytes'>
  lora.write used: list
→ Packet SENT
[AUDIO] Recording saved: ../recordings/clip_20251117_164029.wav
[AUDIO] ⚠️  Classification model not yet integrated - returning placeholder

============================================================
Timestamp: 2025-11-17 16:40:34
------------------------------------------------------------
🌡️  Temperature: 29.0°C (Normal)
💧 Humidity: 48.6% (Normal)
🔥 CO Level: 1642.1 ppm | Voltage: 0.583V | Rs: 75.73kΩ
   ⚠️  REMINDER: Calibrate R0 in clean air for accurate readings
📍 GPS: No data (check wiring or wait for warm-up)
🎤 Audio: LOW-RISK (not sent in reading packet)
============================================================

📡 LoRa JSON Packet Ready: {'type': 'reading', 'nodeID': 1, 'temp': 29.0, 'humidity': 48.6, 'co_ppm': 1642.1, 'latitude': None, 'longitude': None, 'altitude': None, 'gps_fix': False}
   JSON bytes len: 138 hex: 7b2274797065223a2272656164696e67222c226e6f64654944223a312c2274656d70223a32392e302c2268756d6964697479223a34382e362c22636f5f70706d223a313634322e312c226c61746974756465223a6e756c6c2c226c6f6e676974756465223a6e756c6c2c22616c746974756465223a6e756c6c2c226770735f666978223a66616c73657d
--- Sending ABP Packet (FCnt=129) ---
  Encrypted payload len: 138
  Encrypted payload (hex): 2b62a7b0da4c5ddf1169bbaa7c31f3398729f6043813674a1fa39b980a94c0fef05b9cc1f2d9f15466b3406ebf10a96b6fa7a5f6b086705da2008717de90df64a2a6b706191480a2b566d09edcd15bbec370797aa93f57f1c007babee1e0a7010f2cd86bde8db6027804aaf6a369dfdbf16bc3bf90d14299101d37ac0959d33a32f6897b2cb219dd5ee8
  Payload: 7b2274797065223a2272656164696e67222c226e6f64654944223a312c2274656d70223a32392e302c2268756d6964697479223a34382e362c22636f5f70706d223a313634322e312c226c61746974756465223a6e756c6c2c226c6f6e676974756465223a6e756c6c2c22616c746974756465223a6e756c6c2c226770735f666978223a66616c73657d
  PHY Pkt: 406b276000008100012b62a7b0da4c5ddf1169bbaa7c31f3398729f6043813674a1fa39b980a94c0fef05b9cc1f2d9f15466b3406ebf10a96b6fa7a5f6b086705da2008717de90df64a2a6b706191480a2b566d09edcd15bbec370797aa93f57f1c007babee1e0a7010f2cd86bde8db6027804aaf6a369dfdbf16bc3bf90d14299101d37ac0959d33a32f6897b2cb219dd5ee8211c5c28
  PHY payload len: 151 type: <class 'bytes'>
  lora.write used: list
→ Packet SENT
[AUDIO] Recording saved: ../recordings/clip_20251117_164130.wav
[AUDIO] ⚠️  Classification model not yet integrated - returning placeholder

============================================================
Timestamp: 2025-11-17 16:41:35
------------------------------------------------------------
🌡️  Temperature: 29.0°C (Normal)
💧 Humidity: 48.6% (Normal)
🔥 CO Level: 1641.5 ppm | Voltage: 0.583V | Rs: 75.74kΩ
   ⚠️  REMINDER: Calibrate R0 in clean air for accurate readings
📍 GPS: No data (check wiring or wait for warm-up)
🎤 Audio: LOW-RISK (not sent in reading packet)
============================================================

📡 LoRa JSON Packet Ready: {'type': 'reading', 'nodeID': 1, 'temp': 29.0, 'humidity': 48.6, 'co_ppm': 1641.5, 'latitude': None, 'longitude': None, 'altitude': None, 'gps_fix': False}
   JSON bytes len: 138 hex: 7b2274797065223a2272656164696e67222c226e6f64654944223a312c2274656d70223a32392e302c2268756d6964697479223a34382e362c22636f5f70706d223a313634312e352c226c61746974756465223a6e756c6c2c226c6f6e676974756465223a6e756c6c2c22616c746974756465223a6e756c6c2c226770735f666978223a66616c73657d
--- Sending ABP Packet (FCnt=130) ---
  Encrypted payload len: 138
  Encrypted payload (hex): a7f67a1c23741a1a8ed67b5abff710583a975f820c6300e74acce3b64f06c59189068286bb398508b599485e2c63c6d2534f942f1db0812624bc73d5a3d270e0190938133c616517b78dcd994db470330d258444d4a4cc59ea7805931d04fe46c55ee4f0cd56fec783660bcb2af43f586f6b3e33fa1f7ebcff0c37d5539c504ca85cb59f528b41fb6070
  Payload: 7b2274797065223a2272656164696e67222c226e6f64654944223a312c2274656d70223a32392e302c2268756d6964697479223a34382e362c22636f5f70706d223a313634312e352c226c61746974756465223a6e756c6c2c226c6f6e676974756465223a6e756c6c2c22616c746974756465223a6e756c6c2c226770735f666978223a66616c73657d
  PHY Pkt: 406b27600000820001a7f67a1c23741a1a8ed67b5abff710583a975f820c6300e74acce3b64f06c59189068286bb398508b599485e2c63c6d2534f942f1db0812624bc73d5a3d270e0190938133c616517b78dcd994db470330d258444d4a4cc59ea7805931d04fe46c55ee4f0cd56fec783660bcb2af43f586f6b3e33fa1f7ebcff0c37d5539c504ca85cb59f528b41fb6070a7d65c93
  PHY payload len: 151 type: <class 'bytes'>
  lora.write used: list
→ Packet SENT
[DHT22] Reading error: A full buffer was not returned. Try again.
[AUDIO] Recording saved: ../recordings/clip_20251117_164231.wav
[AUDIO] ⚠️  Classification model not yet integrated - returning placeholder

============================================================
Timestamp: 2025-11-17 16:42:36
------------------------------------------------------------
🌡️  Temperature: ERROR
💧 Humidity: ERROR
🔥 CO Level: 1643.3 ppm | Voltage: 0.584V | Rs: 75.69kΩ
   ⚠️  REMINDER: Calibrate R0 in clean air for accurate readings
📍 GPS: No data (check wiring or wait for warm-up)
🎤 Audio: LOW-RISK (not sent in reading packet)
============================================================

📡 LoRa JSON Packet Ready: {'type': 'reading', 'nodeID': 1, 'temp': None, 'humidity': None, 'co_ppm': 1643.3, 'latitude': None, 'longitude': None, 'altitude': None, 'gps_fix': False}
   JSON bytes len: 138 hex: 7b2274797065223a2272656164696e67222c226e6f64654944223a312c2274656d70223a6e756c6c2c2268756d6964697479223a6e756c6c2c22636f5f70706d223a313634332e332c226c61746974756465223a6e756c6c2c226c6f6e676974756465223a6e756c6c2c22616c746974756465223a6e756c6c2c226770735f666978223a66616c73657d
--- Sending ABP Packet (FCnt=131) ---
  Encrypted payload len: 138
  Encrypted payload (hex): 2314813aaceb88ae2f0f2d6ac8ca3365919ecfe87fc4a46563a1657be7a5265d782aa799d95b04e9e3775a348f43bfd962556684a0562a132a2e7ebc3b0aa0443c4ea0607c56e870752b6fa72924ce3eae1d5180e3c2c3d5574b161a107e3bbe609852f3de0f00e2d0b07c4c87261d13234ba4c7922692c74830da28d204ce2858a3d7eca6b1ae5e5fe9
  Payload: 7b2274797065223a2272656164696e67222c226e6f64654944223a312c2274656d70223a6e756c6c2c2268756d6964697479223a6e756c6c2c22636f5f70706d223a313634332e332c226c61746974756465223a6e756c6c2c226c6f6e676974756465223a6e756c6c2c22616c746974756465223a6e756c6c2c226770735f666978223a66616c73657d
  PHY Pkt: 406b276000008300012314813aaceb88ae2f0f2d6ac8ca3365919ecfe87fc4a46563a1657be7a5265d782aa799d95b04e9e3775a348f43bfd962556684a0562a132a2e7ebc3b0aa0443c4ea0607c56e870752b6fa72924ce3eae1d5180e3c2c3d5574b161a107e3bbe609852f3de0f00e2d0b07c4c87261d13234ba4c7922692c74830da28d204ce2858a3d7eca6b1ae5e5fe99d8774c7
  PHY payload len: 151 type: <class 'bytes'>
  lora.write used: list
→ Packet SENT
[AUDIO] Recording saved: ../recordings/clip_20251117_164332.wav
[AUDIO] ⚠️  Classification model not yet integrated - returning placeholder

============================================================
Timestamp: 2025-11-17 16:43:37
------------------------------------------------------------
🌡️  Temperature: 29.0°C (Normal)
💧 Humidity: 48.6% (Normal)
🔥 CO Level: 1640.3 ppm | Voltage: 0.583V | Rs: 75.78kΩ
   ⚠️  REMINDER: Calibrate R0 in clean air for accurate readings
📍 GPS: No data (check wiring or wait for warm-up)
🎤 Audio: LOW-RISK (not sent in reading packet)
============================================================

📡 LoRa JSON Packet Ready: {'type': 'reading', 'nodeID': 1, 'temp': 29.0, 'humidity': 48.6, 'co_ppm': 1640.3, 'latitude': None, 'longitude': None, 'altitude': None, 'gps_fix': False}
   JSON bytes len: 138 hex: 7b2274797065223a2272656164696e67222c226e6f64654944223a312c2274656d70223a32392e302c2268756d6964697479223a34382e362c22636f5f70706d223a313634302e332c226c61746974756465223a6e756c6c2c226c6f6e676974756465223a6e756c6c2c22616c746974756465223a6e756c6c2c226770735f666978223a66616c73657d
--- Sending ABP Packet (FCnt=132) ---
  Encrypted payload len: 138
  Encrypted payload (hex): 2c08788b5e6f5a1eee68cef05bdade0e30706dcbadc722e95b82f5136a597fc175edd8823ee34172dae3201da6d51085a52a8f529369bfd89165b94adb824b0d365b9aab57b64772b3e2fd927a7ea29f1392ea8dbef62461bc51f5c1d05048dc4a8d199180ed6f12e1061dd60492b451b07ff9ff39874b6516b830b767c777532f693633c8060470e9fd
  Payload: 7b2274797065223a2272656164696e67222c226e6f64654944223a312c2274656d70223a32392e302c2268756d6964697479223a34382e362c22636f5f70706d223a313634302e332c226c61746974756465223a6e756c6c2c226c6f6e676974756465223a6e756c6c2c22616c746974756465223a6e756c6c2c226770735f666978223a66616c73657d
  PHY Pkt: 406b276000008400012c08788b5e6f5a1eee68cef05bdade0e30706dcbadc722e95b82f5136a597fc175edd8823ee34172dae3201da6d51085a52a8f529369bfd89165b94adb824b0d365b9aab57b64772b3e2fd927a7ea29f1392ea8dbef62461bc51f5c1d05048dc4a8d199180ed6f12e1061dd60492b451b07ff9ff39874b6516b830b767c777532f693633c8060470e9fdba0c2978
  PHY payload len: 151 type: <class 'bytes'>
  lora.write used: list
→ Packet SENT
[AUDIO] Recording saved: ../recordings/clip_20251117_164433.wav
[AUDIO] ⚠️  Classification model not yet integrated - returning placeholder

============================================================
Timestamp: 2025-11-17 16:44:38
------------------------------------------------------------
🌡️  Temperature: 29.0°C (Normal)
💧 Humidity: 48.6% (Normal)
🔥 CO Level: 1640.9 ppm | Voltage: 0.583V | Rs: 75.76kΩ
   ⚠️  REMINDER: Calibrate R0 in clean air for accurate readings
📍 GPS: No data (check wiring or wait for warm-up)
🎤 Audio: LOW-RISK (not sent in reading packet)
============================================================

📡 LoRa JSON Packet Ready: {'type': 'reading', 'nodeID': 1, 'temp': 29.0, 'humidity': 48.6, 'co_ppm': 1640.9, 'latitude': None, 'longitude': None, 'altitude': None, 'gps_fix': False}
   JSON bytes len: 138 hex: 7b2274797065223a2272656164696e67222c226e6f64654944223a312c2274656d70223a32392e302c2268756d6964697479223a34382e362c22636f5f70706d223a313634302e392c226c61746974756465223a6e756c6c2c226c6f6e676974756465223a6e756c6c2c22616c746974756465223a6e756c6c2c226770735f666978223a66616c73657d
--- Sending ABP Packet (FCnt=133) ---
  Encrypted payload len: 138
  Encrypted payload (hex): 091d7fbafa6b7660a04c15034b227c30b29c8043f4f977c7755b9712cecf38c260d2502adfc801ecd4adb05e73e6df08eceb0717b275ba44d2ab39b715ad4311a98e0859493f1dadb63176edd920d09bc97f30b0b58998ab0a15b5cd90d2397353c7a7b798a5e28b517b548409bccb4c226de9d053412af0b3536efc808dc43f1cb999583d21089d4a30
  Payload: 7b2274797065223a2272656164696e67222c226e6f64654944223a312c2274656d70223a32392e302c2268756d6964697479223a34382e362c22636f5f70706d223a313634302e392c226c61746974756465223a6e756c6c2c226c6f6e676974756465223a6e756c6c2c22616c746974756465223a6e756c6c2c226770735f666978223a66616c73657d
  PHY Pkt: 406b27600000850001091d7fbafa6b7660a04c15034b227c30b29c8043f4f977c7755b9712cecf38c260d2502adfc801ecd4adb05e73e6df08eceb0717b275ba44d2ab39b715ad4311a98e0859493f1dadb63176edd920d09bc97f30b0b58998ab0a15b5cd90d2397353c7a7b798a5e28b517b548409bccb4c226de9d053412af0b3536efc808dc43f1cb999583d21089d4a30733b3546
  PHY payload len: 151 type: <class 'bytes'>
  lora.write used: list
→ Packet SENT
[AUDIO] Recording saved: ../recordings/clip_20251117_164534.wav
[AUDIO] ⚠️  Classification model not yet integrated - returning placeholder

============================================================
Timestamp: 2025-11-17 16:45:39
------------------------------------------------------------
🌡️  Temperature: 29.0°C (Normal)
💧 Humidity: 48.6% (Normal)
🔥 CO Level: 1640.3 ppm | Voltage: 0.583V | Rs: 75.78kΩ
   ⚠️  REMINDER: Calibrate R0 in clean air for accurate readings
📍 GPS: No data (check wiring or wait for warm-up)
🎤 Audio: LOW-RISK (not sent in reading packet)
============================================================

📡 LoRa JSON Packet Ready: {'type': 'reading', 'nodeID': 1, 'temp': 29.0, 'humidity': 48.6, 'co_ppm': 1640.3, 'latitude': None, 'longitude': None, 'altitude': None, 'gps_fix': False}
   JSON bytes len: 138 hex: 7b2274797065223a2272656164696e67222c226e6f64654944223a312c2274656d70223a32392e302c2268756d6964697479223a34382e362c22636f5f70706d223a313634302e332c226c61746974756465223a6e756c6c2c226c6f6e676974756465223a6e756c6c2c22616c746974756465223a6e756c6c2c226770735f666978223a66616c73657d
--- Sending ABP Packet (FCnt=134) ---
  Encrypted payload len: 138
  Encrypted payload (hex): 634a02c06f23e2232a2c7585bb4cfcf243b0bc666eb1a41110ae2103d9afcad9e834834edf07303fd6506a23d322310ef50fd6695b00f64e2577cee1b978c6383e134ad1497965a7c4069fbb7e081a4015a493dd33008eab9fc9f16c57dcbf5d6b6c4c32865f61cffc7151a8263d96c1610b56a7b8781c2345289ebf30cec44bc01ddeef96c3fdf9580d
  Payload: 7b2274797065223a2272656164696e67222c226e6f64654944223a312c2274656d70223a32392e302c2268756d6964697479223a34382e362c22636f5f70706d223a313634302e332c226c61746974756465223a6e756c6c2c226c6f6e676974756465223a6e756c6c2c22616c746974756465223a6e756c6c2c226770735f666978223a66616c73657d
  PHY Pkt: 406b27600000860001634a02c06f23e2232a2c7585bb4cfcf243b0bc666eb1a41110ae2103d9afcad9e834834edf07303fd6506a23d322310ef50fd6695b00f64e2577cee1b978c6383e134ad1497965a7c4069fbb7e081a4015a493dd33008eab9fc9f16c57dcbf5d6b6c4c32865f61cffc7151a8263d96c1610b56a7b8781c2345289ebf30cec44bc01ddeef96c3fdf9580df6683701
  PHY payload len: 151 type: <class 'bytes'>
  lora.write used: list
→ Packet SENT
[AUDIO] Recording saved: ../recordings/clip_20251117_164635.wav
[AUDIO] ⚠️  Classification model not yet integrated - returning placeholder

============================================================
Timestamp: 2025-11-17 16:46:40
------------------------------------------------------------
🌡️  Temperature: 29.0°C (Normal)
💧 Humidity: 48.6% (Normal)
🔥 CO Level: 1638.5 ppm | Voltage: 0.583V | Rs: 75.84kΩ
   ⚠️  REMINDER: Calibrate R0 in clean air for accurate readings
📍 GPS: No data (check wiring or wait for warm-up)
🎤 Audio: LOW-RISK (not sent in reading packet)
============================================================

📡 LoRa JSON Packet Ready: {'type': 'reading', 'nodeID': 1, 'temp': 29.0, 'humidity': 48.6, 'co_ppm': 1638.5, 'latitude': None, 'longitude': None, 'altitude': None, 'gps_fix': False}
   JSON bytes len: 138 hex: 7b2274797065223a2272656164696e67222c226e6f64654944223a312c2274656d70223a32392e302c2268756d6964697479223a34382e362c22636f5f70706d223a313633382e352c226c61746974756465223a6e756c6c2c226c6f6e676974756465223a6e756c6c2c22616c746974756465223a6e756c6c2c226770735f666978223a66616c73657d
--- Sending ABP Packet (FCnt=135) ---
  Encrypted payload len: 138
  Encrypted payload (hex): 5c70989c9a00ef7ee481d13b5f8593097d983f11f5ab2928ed29b7b1bbe6c7bec9d7ac948e5e104609bee54248005b7d1a609d136f6c07221bbce393861eaa8bfc68e16327794efece8804648186d321636ef42aa343c8892a1de96d745cb12151a827580477e75babd3761eb25d8f315d38ac62e670d2b3fcb84c506d5c8e9cb93ae823c7ce81384125
  Payload: 7b2274797065223a2272656164696e67222c226e6f64654944223a312c2274656d70223a32392e302c2268756d6964697479223a34382e362c22636f5f70706d223a313633382e352c226c61746974756465223a6e756c6c2c226c6f6e676974756465223a6e756c6c2c22616c746974756465223a6e756c6c2c226770735f666978223a66616c73657d
  PHY Pkt: 406b276000008700015c70989c9a00ef7ee481d13b5f8593097d983f11f5ab2928ed29b7b1bbe6c7bec9d7ac948e5e104609bee54248005b7d1a609d136f6c07221bbce393861eaa8bfc68e16327794efece8804648186d321636ef42aa343c8892a1de96d745cb12151a827580477e75babd3761eb25d8f315d38ac62e670d2b3fcb84c506d5c8e9cb93ae823c7ce813841255e7fe38c
  PHY payload len: 151 type: <class 'bytes'>
  lora.write used: list
→ Packet SENT
[AUDIO] Recording saved: ../recordings/clip_20251117_164735.wav
[AUDIO] ⚠️  Classification model not yet integrated - returning placeholder

============================================================
Timestamp: 2025-11-17 16:47:40
------------------------------------------------------------
🌡️  Temperature: 29.3°C (Normal)
💧 Humidity: 51.4% (Normal)
🔥 CO Level: 1637.3 ppm | Voltage: 0.582V | Rs: 75.87kΩ
   ⚠️  REMINDER: Calibrate R0 in clean air for accurate readings
📍 GPS: No data (check wiring or wait for warm-up)
🎤 Audio: LOW-RISK (not sent in reading packet)
============================================================

📡 LoRa JSON Packet Ready: {'type': 'reading', 'nodeID': 1, 'temp': 29.3, 'humidity': 51.4, 'co_ppm': 1637.3, 'latitude': None, 'longitude': None, 'altitude': None, 'gps_fix': False}
   JSON bytes len: 138 hex: 7b2274797065223a2272656164696e67222c226e6f64654944223a312c2274656d70223a32392e332c2268756d6964697479223a35312e342c22636f5f70706d223a313633372e332c226c61746974756465223a6e756c6c2c226c6f6e676974756465223a6e756c6c2c22616c746974756465223a6e756c6c2c226770735f666978223a66616c73657d
--- Sending ABP Packet (FCnt=136) ---
  Encrypted payload len: 138
  Encrypted payload (hex): e7a86dd1066d9884736101d1d86fc1b5e010c75ab493a19c07523a0026a552cef8a2354face55ec5d23608c94f67d6348609a0bd2d9c034ee31713a122561ec98915ecb7e4785f85757f8a2c9dea8ec350ec3af021c5c24c52e71533955ee6481e6d8494200a9c538d605fdfad9fd0afe032f7238e75e164fd4ea85e2adab5987531a1f5ac007010eb01
  Payload: 7b2274797065223a2272656164696e67222c226e6f64654944223a312c2274656d70223a32392e332c2268756d6964697479223a35312e342c22636f5f70706d223a313633372e332c226c61746974756465223a6e756c6c2c226c6f6e676974756465223a6e756c6c2c22616c746974756465223a6e756c6c2c226770735f666978223a66616c73657d
  PHY Pkt: 406b27600000880001e7a86dd1066d9884736101d1d86fc1b5e010c75ab493a19c07523a0026a552cef8a2354face55ec5d23608c94f67d6348609a0bd2d9c034ee31713a122561ec98915ecb7e4785f85757f8a2c9dea8ec350ec3af021c5c24c52e71533955ee6481e6d8494200a9c538d605fdfad9fd0afe032f7238e75e164fd4ea85e2adab5987531a1f5ac007010eb014918c51c
  PHY payload len: 151 type: <class 'bytes'>
  lora.write used: list
→ Packet SENT
[DHT22] Reading error: A full buffer was not returned. Try again.
[AUDIO] Recording saved: ../recordings/clip_20251117_164835.wav
[AUDIO] ⚠️  Classification model not yet integrated - returning placeholder

============================================================
Timestamp: 2025-11-17 16:48:40
------------------------------------------------------------
🌡️  Temperature: ERROR
💧 Humidity: ERROR
🔥 CO Level: 1640.9 ppm | Voltage: 0.583V | Rs: 75.76kΩ
   ⚠️  REMINDER: Calibrate R0 in clean air for accurate readings
📍 GPS: No data (check wiring or wait for warm-up)
🎤 Audio: LOW-RISK (not sent in reading packet)
============================================================

📡 LoRa JSON Packet Ready: {'type': 'reading', 'nodeID': 1, 'temp': None, 'humidity': None, 'co_ppm': 1640.9, 'latitude': None, 'longitude': None, 'altitude': None, 'gps_fix': False}
   JSON bytes len: 138 hex: 7b2274797065223a2272656164696e67222c226e6f64654944223a312c2274656d70223a6e756c6c2c2268756d6964697479223a6e756c6c2c22636f5f70706d223a313634302e392c226c61746974756465223a6e756c6c2c226c6f6e676974756465223a6e756c6c2c22616c746974756465223a6e756c6c2c226770735f666978223a66616c73657d
--- Sending ABP Packet (FCnt=137) ---
  Encrypted payload len: 138
  Encrypted payload (hex): 39910596d431b8c4d79dd7eed9b621dd390ec4934318226badd5680b0c7ab30cf228df4d3f6cf0b0f5c989ad6217a48107018143bb6ba797460fe6efaa24a8106622d52f66a562a982b750fccb78f47e3ed0aca3f2b5ca3610b00f4618e5fe9b07650e650cc23ccc15cb6a00729dbf91aa636989e2b06fe6fb801b1ab23b23b428e5d54fac3771230771
  Payload: 7b2274797065223a2272656164696e67222c226e6f64654944223a312c2274656d70223a6e756c6c2c2268756d6964697479223a6e756c6c2c22636f5f70706d223a313634302e392c226c61746974756465223a6e756c6c2c226c6f6e676974756465223a6e756c6c2c22616c746974756465223a6e756c6c2c226770735f666978223a66616c73657d
  PHY Pkt: 406b2760000089000139910596d431b8c4d79dd7eed9b621dd390ec4934318226badd5680b0c7ab30cf228df4d3f6cf0b0f5c989ad6217a48107018143bb6ba797460fe6efaa24a8106622d52f66a562a982b750fccb78f47e3ed0aca3f2b5ca3610b00f4618e5fe9b07650e650cc23ccc15cb6a00729dbf91aa636989e2b06fe6fb801b1ab23b23b428e5d54fac3771230771530a3f10
  PHY payload len: 151 type: <class 'bytes'>
  lora.write used: list
→ Packet SENT
[AUDIO] Recording saved: ../recordings/clip_20251117_164936.wav
[AUDIO] ⚠️  Classification model not yet integrated - returning placeholder

============================================================
Timestamp: 2025-11-17 16:49:41
------------------------------------------------------------
🌡️  Temperature: 29.3°C (Normal)
💧 Humidity: 51.4% (Normal)
🔥 CO Level: 1637.9 ppm | Voltage: 0.582V | Rs: 75.86kΩ
   ⚠️  REMINDER: Calibrate R0 in clean air for accurate readings
📍 GPS: No data (check wiring or wait for warm-up)
🎤 Audio: LOW-RISK (not sent in reading packet)
============================================================

📡 LoRa JSON Packet Ready: {'type': 'reading', 'nodeID': 1, 'temp': 29.3, 'humidity': 51.4, 'co_ppm': 1637.9, 'latitude': None, 'longitude': None, 'altitude': None, 'gps_fix': False}
   JSON bytes len: 138 hex: 7b2274797065223a2272656164696e67222c226e6f64654944223a312c2274656d70223a32392e332c2268756d6964697479223a35312e342c22636f5f70706d223a313633372e392c226c61746974756465223a6e756c6c2c226c6f6e676974756465223a6e756c6c2c22616c746974756465223a6e756c6c2c226770735f666978223a66616c73657d
--- Sending ABP Packet (FCnt=138) ---
  Encrypted payload len: 138
  Encrypted payload (hex): 5c998c36222e8a38c11718a01503d2049b250885d071c0d7b00ff44e7964cb321e715fb823c050685e8416f3939848c28928ccb141f0351bb1c12cd1b181d6042b4a660ac5a3bed67208b4c2d8756238b768c6af26ec8462c8ec4e7509b44b6eda79f00ca7f3e7cba0c57070df696ee4878b76bd202bb439ae67e1dccc9ab379bdc91e4bcefcadc6c2dc
  Payload: 7b2274797065223a2272656164696e67222c226e6f64654944223a312c2274656d70223a32392e332c2268756d6964697479223a35312e342c22636f5f70706d223a313633372e392c226c61746974756465223a6e756c6c2c226c6f6e676974756465223a6e756c6c2c22616c746974756465223a6e756c6c2c226770735f666978223a66616c73657d
  PHY Pkt: 406b276000008a00015c998c36222e8a38c11718a01503d2049b250885d071c0d7b00ff44e7964cb321e715fb823c050685e8416f3939848c28928ccb141f0351bb1c12cd1b181d6042b4a660ac5a3bed67208b4c2d8756238b768c6af26ec8462c8ec4e7509b44b6eda79f00ca7f3e7cba0c57070df696ee4878b76bd202bb439ae67e1dccc9ab379bdc91e4bcefcadc6c2dca4bbc734
  PHY payload len: 151 type: <class 'bytes'>
  lora.write used: list
→ Packet SENT
[AUDIO] Recording saved: ../recordings/clip_20251117_165037.wav
[AUDIO] ⚠️  Classification model not yet integrated - returning placeholder

============================================================
Timestamp: 2025-11-17 16:50:42
------------------------------------------------------------
🌡️  Temperature: 29.3°C (Normal)
💧 Humidity: 51.4% (Normal)
🔥 CO Level: 1634.9 ppm | Voltage: 0.582V | Rs: 75.95kΩ
   ⚠️  REMINDER: Calibrate R0 in clean air for accurate readings
📍 GPS: No data (check wiring or wait for warm-up)
🎤 Audio: LOW-RISK (not sent in reading packet)
============================================================

📡 LoRa JSON Packet Ready: {'type': 'reading', 'nodeID': 1, 'temp': 29.3, 'humidity': 51.4, 'co_ppm': 1634.9, 'latitude': None, 'longitude': None, 'altitude': None, 'gps_fix': False}
   JSON bytes len: 138 hex: 7b2274797065223a2272656164696e67222c226e6f64654944223a312c2274656d70223a32392e332c2268756d6964697479223a35312e342c22636f5f70706d223a313633342e392c226c61746974756465223a6e756c6c2c226c6f6e676974756465223a6e756c6c2c22616c746974756465223a6e756c6c2c226770735f666978223a66616c73657d
--- Sending ABP Packet (FCnt=139) ---
  Encrypted payload len: 138
  Encrypted payload (hex): e261fcdf195472f7a9f732ba759fd28d569f902a05a792268efbbf2c755052135b9fa7abf2ae7ca9645c41c3cbcf18359289030a91449fb6ea5d3f8f79db1768454c6c5808b0746f069f17df1d5623d8c8639ef55c1ddd2e1cf1ee05b947731ec09398804aad194600cca6676367bfac0ea1425f54b28a4c0c5453d556bd22500cf513b7817e38cc5228
  Payload: 7b2274797065223a2272656164696e67222c226e6f64654944223a312c2274656d70223a32392e332c2268756d6964697479223a35312e342c22636f5f70706d223a313633342e392c226c61746974756465223a6e756c6c2c226c6f6e676974756465223a6e756c6c2c22616c746974756465223a6e756c6c2c226770735f666978223a66616c73657d
  PHY Pkt: 406b276000008b0001e261fcdf195472f7a9f732ba759fd28d569f902a05a792268efbbf2c755052135b9fa7abf2ae7ca9645c41c3cbcf18359289030a91449fb6ea5d3f8f79db1768454c6c5808b0746f069f17df1d5623d8c8639ef55c1ddd2e1cf1ee05b947731ec09398804aad194600cca6676367bfac0ea1425f54b28a4c0c5453d556bd22500cf513b7817e38cc522810605162
  PHY payload len: 151 type: <class 'bytes'>
  lora.write used: list
→ Packet SENT
[AUDIO] Recording saved: ../recordings/clip_20251117_165138.wav
[AUDIO] ⚠️  Classification model not yet integrated - returning placeholder

============================================================
Timestamp: 2025-11-17 16:51:43
------------------------------------------------------------
🌡️  Temperature: 29.3°C (Normal)
💧 Humidity: 51.4% (Normal)
🔥 CO Level: 1638.5 ppm | Voltage: 0.583V | Rs: 75.84kΩ
   ⚠️  REMINDER: Calibrate R0 in clean air for accurate readings
📍 GPS: No data (check wiring or wait for warm-up)
🎤 Audio: LOW-RISK (not sent in reading packet)
============================================================

📡 LoRa JSON Packet Ready: {'type': 'reading', 'nodeID': 1, 'temp': 29.3, 'humidity': 51.4, 'co_ppm': 1638.5, 'latitude': None, 'longitude': None, 'altitude': None, 'gps_fix': False}
   JSON bytes len: 138 hex: 7b2274797065223a2272656164696e67222c226e6f64654944223a312c2274656d70223a32392e332c2268756d6964697479223a35312e342c22636f5f70706d223a313633382e352c226c61746974756465223a6e756c6c2c226c6f6e676974756465223a6e756c6c2c22616c746974756465223a6e756c6c2c226770735f666978223a66616c73657d
--- Sending ABP Packet (FCnt=140) ---
  Encrypted payload len: 138
  Encrypted payload (hex): e39ec377e6bd370e8517b41d7bc8a1a586b25dd28b4cf087ba630b9336f0d369e7305459c4960842432ad52908b5bc912de7d7a61f4dec78211d5836655c3c16395648ab6a18ea820fbe96204a1b1f44fc578c06e7a17b004bb0389740b46545d0c462eabf7afb3818516f5a69d00c4c5f7f4ea6fcb2d80cf57b045725c25a70620401e930d2a84875fb
  Payload: 7b2274797065223a2272656164696e67222c226e6f64654944223a312c2274656d70223a32392e332c2268756d6964697479223a35312e342c22636f5f70706d223a313633382e352c226c61746974756465223a6e756c6c2c226c6f6e676974756465223a6e756c6c2c22616c746974756465223a6e756c6c2c226770735f666978223a66616c73657d
  PHY Pkt: 406b276000008c0001e39ec377e6bd370e8517b41d7bc8a1a586b25dd28b4cf087ba630b9336f0d369e7305459c4960842432ad52908b5bc912de7d7a61f4dec78211d5836655c3c16395648ab6a18ea820fbe96204a1b1f44fc578c06e7a17b004bb0389740b46545d0c462eabf7afb3818516f5a69d00c4c5f7f4ea6fcb2d80cf57b045725c25a70620401e930d2a84875fbf1758c7a
  PHY payload len: 151 type: <class 'bytes'>
  lora.write used: list
→ Packet SENT
[AUDIO] Recording saved: ../recordings/clip_20251117_165239.wav
[AUDIO] ⚠️  Classification model not yet integrated - returning placeholder

============================================================
Timestamp: 2025-11-17 16:52:44
------------------------------------------------------------
🌡️  Temperature: 29.5°C (Normal)
💧 Humidity: 49.1% (Normal)
🔥 CO Level: 1634.3 ppm | Voltage: 0.582V | Rs: 75.97kΩ
   ⚠️  REMINDER: Calibrate R0 in clean air for accurate readings
📍 GPS: No data (check wiring or wait for warm-up)
🎤 Audio: LOW-RISK (not sent in reading packet)
============================================================

📡 LoRa JSON Packet Ready: {'type': 'reading', 'nodeID': 1, 'temp': 29.5, 'humidity': 49.1, 'co_ppm': 1634.3, 'latitude': None, 'longitude': None, 'altitude': None, 'gps_fix': False}
   JSON bytes len: 138 hex: 7b2274797065223a2272656164696e67222c226e6f64654944223a312c2274656d70223a32392e352c2268756d6964697479223a34392e312c22636f5f70706d223a313633342e332c226c61746974756465223a6e756c6c2c226c6f6e676974756465223a6e756c6c2c22616c746974756465223a6e756c6c2c226770735f666978223a66616c73657d
--- Sending ABP Packet (FCnt=141) ---
  Encrypted payload len: 138
  Encrypted payload (hex): 77c4093bdb1b84c4e0083bfa8d18fb962a4def23b3a7bfa671b3e2d7886cce1a3ee6586fc3a0da8c850e6fdf3dd2e4941481f1edee6d8ca4d21aee345a40358fc0ac75834d4e12601c8dd52c1b12fd0e0c4c991169f338773884a57c9ad93d705eb79f80a4837ebc141a2fd5b479a24ebdc34e689435e36068ae1e40da1cd3a92b4a73edb1816a06b9ca
  Payload: 7b2274797065223a2272656164696e67222c226e6f64654944223a312c2274656d70223a32392e352c2268756d6964697479223a34392e312c22636f5f70706d223a313633342e332c226c61746974756465223a6e756c6c2c226c6f6e676974756465223a6e756c6c2c22616c746974756465223a6e756c6c2c226770735f666978223a66616c73657d
  PHY Pkt: 406b276000008d000177c4093bdb1b84c4e0083bfa8d18fb962a4def23b3a7bfa671b3e2d7886cce1a3ee6586fc3a0da8c850e6fdf3dd2e4941481f1edee6d8ca4d21aee345a40358fc0ac75834d4e12601c8dd52c1b12fd0e0c4c991169f338773884a57c9ad93d705eb79f80a4837ebc141a2fd5b479a24ebdc34e689435e36068ae1e40da1cd3a92b4a73edb1816a06b9cac80189f8
  PHY payload len: 151 type: <class 'bytes'>
  lora.write used: list
→ Packet SENT
[AUDIO] Recording saved: ../recordings/clip_20251117_165340.wav
[AUDIO] ⚠️  Classification model not yet integrated - returning placeholder

============================================================
Timestamp: 2025-11-17 16:53:45
------------------------------------------------------------
🌡️  Temperature: 29.5°C (Normal)
💧 Humidity: 49.1% (Normal)
🔥 CO Level: 1634.9 ppm | Voltage: 0.582V | Rs: 75.95kΩ
   ⚠️  REMINDER: Calibrate R0 in clean air for accurate readings
📍 GPS: No data (check wiring or wait for warm-up)
🎤 Audio: LOW-RISK (not sent in reading packet)
============================================================

📡 LoRa JSON Packet Ready: {'type': 'reading', 'nodeID': 1, 'temp': 29.5, 'humidity': 49.1, 'co_ppm': 1634.9, 'latitude': None, 'longitude': None, 'altitude': None, 'gps_fix': False}
   JSON bytes len: 138 hex: 7b2274797065223a2272656164696e67222c226e6f64654944223a312c2274656d70223a32392e352c2268756d6964697479223a34392e312c22636f5f70706d223a313633342e392c226c61746974756465223a6e756c6c2c226c6f6e676974756465223a6e756c6c2c22616c746974756465223a6e756c6c2c226770735f666978223a66616c73657d
--- Sending ABP Packet (FCnt=142) ---
  Encrypted payload len: 138
  Encrypted payload (hex): 3649bd40fed7b4991fb6c1fa2b86d0040a9568e1b7fbfed90ee78e850bc791970d276b5f1b7180d54b5f666278cd87e74c297cc184f248cea94ab78a5afa46ea8af1caea036441a39d38c3a883c1e07403eb48a9e3e2472c869c5f8f25ec60ed94044b3ef1a6c205b213da1fa2ad6029ed7a5e644a62d6a47a3f4244c13f6d11d5fa92715aa5c13bc88d
  Payload: 7b2274797065223a2272656164696e67222c226e6f64654944223a312c2274656d70223a32392e352c2268756d6964697479223a34392e312c22636f5f70706d223a313633342e392c226c61746974756465223a6e756c6c2c226c6f6e676974756465223a6e756c6c2c22616c746974756465223a6e756c6c2c226770735f666978223a66616c73657d
  PHY Pkt: 406b276000008e00013649bd40fed7b4991fb6c1fa2b86d0040a9568e1b7fbfed90ee78e850bc791970d276b5f1b7180d54b5f666278cd87e74c297cc184f248cea94ab78a5afa46ea8af1caea036441a39d38c3a883c1e07403eb48a9e3e2472c869c5f8f25ec60ed94044b3ef1a6c205b213da1fa2ad6029ed7a5e644a62d6a47a3f4244c13f6d11d5fa92715aa5c13bc88d214677fd
  PHY payload len: 151 type: <class 'bytes'>
  lora.write used: list
→ Packet SENT
[AUDIO] Recording saved: ../recordings/clip_20251117_165441.wav
[AUDIO] ⚠️  Classification model not yet integrated - returning placeholder

============================================================
Timestamp: 2025-11-17 16:54:46
------------------------------------------------------------
🌡️  Temperature: 29.5°C (Normal)
💧 Humidity: 49.1% (Normal)
🔥 CO Level: 1637.3 ppm | Voltage: 0.582V | Rs: 75.87kΩ
   ⚠️  REMINDER: Calibrate R0 in clean air for accurate readings
📍 GPS: No data (check wiring or wait for warm-up)
🎤 Audio: LOW-RISK (not sent in reading packet)
============================================================

📡 LoRa JSON Packet Ready: {'type': 'reading', 'nodeID': 1, 'temp': 29.5, 'humidity': 49.1, 'co_ppm': 1637.3, 'latitude': None, 'longitude': None, 'altitude': None, 'gps_fix': False}
   JSON bytes len: 138 hex: 7b2274797065223a2272656164696e67222c226e6f64654944223a312c2274656d70223a32392e352c2268756d6964697479223a34392e312c22636f5f70706d223a313633372e332c226c61746974756465223a6e756c6c2c226c6f6e676974756465223a6e756c6c2c22616c746974756465223a6e756c6c2c226770735f666978223a66616c73657d
--- Sending ABP Packet (FCnt=143) ---
  Encrypted payload len: 138
  Encrypted payload (hex): bf7d9b3a9f94e436fabd6ac0a456c7cc37d94e506cb9c11c9ee4a35c02d5a87cfe359263f9a4a7cefac088cf3c8339e9232be078f5e37516ab7fa38a7cb33bc10ce367443cc99d4a9e0e9dcbe5f9f4108aa028c23b98d7ef6b66e4e3517267ebb194f1f182ebdbfc6e72d6c558c8611b74e0057d1da2ec61d7a736fbbcc278794ce3f82b566750b81f1b
  Payload: 7b2274797065223a2272656164696e67222c226e6f64654944223a312c2274656d70223a32392e352c2268756d6964697479223a34392e312c22636f5f70706d223a313633372e332c226c61746974756465223a6e756c6c2c226c6f6e676974756465223a6e756c6c2c22616c746974756465223a6e756c6c2c226770735f666978223a66616c73657d
  PHY Pkt: 406b276000008f0001bf7d9b3a9f94e436fabd6ac0a456c7cc37d94e506cb9c11c9ee4a35c02d5a87cfe359263f9a4a7cefac088cf3c8339e9232be078f5e37516ab7fa38a7cb33bc10ce367443cc99d4a9e0e9dcbe5f9f4108aa028c23b98d7ef6b66e4e3517267ebb194f1f182ebdbfc6e72d6c558c8611b74e0057d1da2ec61d7a736fbbcc278794ce3f82b566750b81f1bb6856330
  PHY payload len: 151 type: <class 'bytes'>
  lora.write used: list
→ Packet SENT
[AUDIO] Recording saved: ../recordings/clip_20251117_165541.wav
[AUDIO] ⚠️  Classification model not yet integrated - returning placeholder

============================================================
Timestamp: 2025-11-17 16:55:46
------------------------------------------------------------
🌡️  Temperature: 29.6°C (Normal)
💧 Humidity: 48.0% (Normal)
🔥 CO Level: 1637.9 ppm | Voltage: 0.582V | Rs: 75.86kΩ
   ⚠️  REMINDER: Calibrate R0 in clean air for accurate readings
📍 GPS: No data (check wiring or wait for warm-up)
🎤 Audio: LOW-RISK (not sent in reading packet)
============================================================

📡 LoRa JSON Packet Ready: {'type': 'reading', 'nodeID': 1, 'temp': 29.6, 'humidity': 48.0, 'co_ppm': 1637.9, 'latitude': None, 'longitude': None, 'altitude': None, 'gps_fix': False}
   JSON bytes len: 138 hex: 7b2274797065223a2272656164696e67222c226e6f64654944223a312c2274656d70223a32392e362c2268756d6964697479223a34382e302c22636f5f70706d223a313633372e392c226c61746974756465223a6e756c6c2c226c6f6e676974756465223a6e756c6c2c22616c746974756465223a6e756c6c2c226770735f666978223a66616c73657d
--- Sending ABP Packet (FCnt=144) ---
  Encrypted payload len: 138
  Encrypted payload (hex): ae0914833e19ee8f95ce66a109ff8b950b9221a2e60ad39919b8a90a8c731a1b0bbd7a1aa4f82bca83e9d693646435f875c5d292dc9a073ad6d2e5463cdb92be694b1c36f8058483c3f40112474366b29e40caad18766536121d9789849f44f06a820345c402be8ba02274a76c4764f5188c2646ba7ccc641d9e96f83961eb603b2220b6a7e78cb6f7b0
  Payload: 7b2274797065223a2272656164696e67222c226e6f64654944223a312c2274656d70223a32392e362c2268756d6964697479223a34382e302c22636f5f70706d223a313633372e392c226c61746974756465223a6e756c6c2c226c6f6e676974756465223a6e756c6c2c22616c746974756465223a6e756c6c2c226770735f666978223a66616c73657d
  PHY Pkt: 406b27600000900001ae0914833e19ee8f95ce66a109ff8b950b9221a2e60ad39919b8a90a8c731a1b0bbd7a1aa4f82bca83e9d693646435f875c5d292dc9a073ad6d2e5463cdb92be694b1c36f8058483c3f40112474366b29e40caad18766536121d9789849f44f06a820345c402be8ba02274a76c4764f5188c2646ba7ccc641d9e96f83961eb603b2220b6a7e78cb6f7b031d7425b
  PHY payload len: 151 type: <class 'bytes'>
  lora.write used: list
→ Packet SENT
[AUDIO] Recording saved: ../recordings/clip_20251117_165641.wav
[AUDIO] ⚠️  Classification model not yet integrated - returning placeholder

============================================================
Timestamp: 2025-11-17 16:56:46
------------------------------------------------------------
🌡️  Temperature: 29.6°C (Normal)
💧 Humidity: 47.8% (Normal)
🔥 CO Level: 1636.7 ppm | Voltage: 0.582V | Rs: 75.89kΩ
   ⚠️  REMINDER: Calibrate R0 in clean air for accurate readings
📍 GPS: No data (check wiring or wait for warm-up)
🎤 Audio: LOW-RISK (not sent in reading packet)
============================================================

📡 LoRa JSON Packet Ready: {'type': 'reading', 'nodeID': 1, 'temp': 29.6, 'humidity': 47.8, 'co_ppm': 1636.7, 'latitude': None, 'longitude': None, 'altitude': None, 'gps_fix': False}
   JSON bytes len: 138 hex: 7b2274797065223a2272656164696e67222c226e6f64654944223a312c2274656d70223a32392e362c2268756d6964697479223a34372e382c22636f5f70706d223a313633362e372c226c61746974756465223a6e756c6c2c226c6f6e676974756465223a6e756c6c2c22616c746974756465223a6e756c6c2c226770735f666978223a66616c73657d
--- Sending ABP Packet (FCnt=145) ---
  Encrypted payload len: 138
  Encrypted payload (hex): 4719c4ab5c160ed2e6be98232118a81410212325dad35d2c7596e1b2acb096d0ce240a078b13f9613f89b39e2185932b0bb27626c31c05a8cb1d53781871603bdc32187fe5169dbf58503b0c81125e4abd8506d133cfb10509caeb3a861d0614b23daf534782fc60a2440e964def9e8b577cda45681acb4d5abd72f2aeb2624d6ffa23f1c532fb9b4a80
  Payload: 7b2274797065223a2272656164696e67222c226e6f64654944223a312c2274656d70223a32392e362c2268756d6964697479223a34372e382c22636f5f70706d223a313633362e372c226c61746974756465223a6e756c6c2c226c6f6e676974756465223a6e756c6c2c22616c746974756465223a6e756c6c2c226770735f666978223a66616c73657d
  PHY Pkt: 406b276000009100014719c4ab5c160ed2e6be98232118a81410212325dad35d2c7596e1b2acb096d0ce240a078b13f9613f89b39e2185932b0bb27626c31c05a8cb1d53781871603bdc32187fe5169dbf58503b0c81125e4abd8506d133cfb10509caeb3a861d0614b23daf534782fc60a2440e964def9e8b577cda45681acb4d5abd72f2aeb2624d6ffa23f1c532fb9b4a80f8672842
  PHY payload len: 151 type: <class 'bytes'>
  lora.write used: list
→ Packet SENT
[AUDIO] Recording saved: ../recordings/clip_20251117_165742.wav
[AUDIO] ⚠️  Classification model not yet integrated - returning placeholder

============================================================
Timestamp: 2025-11-17 16:57:47
------------------------------------------------------------
🌡️  Temperature: 29.6°C (Normal)
💧 Humidity: 47.5% (Normal)
🔥 CO Level: 1634.9 ppm | Voltage: 0.582V | Rs: 75.95kΩ
   ⚠️  REMINDER: Calibrate R0 in clean air for accurate readings
📍 GPS: No data (check wiring or wait for warm-up)
🎤 Audio: LOW-RISK (not sent in reading packet)
============================================================

📡 LoRa JSON Packet Ready: {'type': 'reading', 'nodeID': 1, 'temp': 29.6, 'humidity': 47.5, 'co_ppm': 1634.9, 'latitude': None, 'longitude': None, 'altitude': None, 'gps_fix': False}
   JSON bytes len: 138 hex: 7b2274797065223a2272656164696e67222c226e6f64654944223a312c2274656d70223a32392e362c2268756d6964697479223a34372e352c22636f5f70706d223a313633342e392c226c61746974756465223a6e756c6c2c226c6f6e676974756465223a6e756c6c2c22616c746974756465223a6e756c6c2c226770735f666978223a66616c73657d
--- Sending ABP Packet (FCnt=146) ---
  Encrypted payload len: 138
  Encrypted payload (hex): 064f7b312521a1b8e4a6a3164595042e13958f05618c2f065782a2e06b4777f7c5141a42b00990525f9f7c68c2aa348bfd3b5d236f7349f8f74231f5560d23cdeda24869b66c2270f81f6719b866400752afe9d1ae2d22e288ef4d8de036df48bc889b8ddb368d07876f21f2bacb6dfd158a24391c3b66a86915ab44e64c486e3bcdbd5cb68cd3ae9673
  Payload: 7b2274797065223a2272656164696e67222c226e6f64654944223a312c2274656d70223a32392e362c2268756d6964697479223a34372e352c22636f5f70706d223a313633342e392c226c61746974756465223a6e756c6c2c226c6f6e676974756465223a6e756c6c2c22616c746974756465223a6e756c6c2c226770735f666978223a66616c73657d
  PHY Pkt: 406b27600000920001064f7b312521a1b8e4a6a3164595042e13958f05618c2f065782a2e06b4777f7c5141a42b00990525f9f7c68c2aa348bfd3b5d236f7349f8f74231f5560d23cdeda24869b66c2270f81f6719b866400752afe9d1ae2d22e288ef4d8de036df48bc889b8ddb368d07876f21f2bacb6dfd158a24391c3b66a86915ab44e64c486e3bcdbd5cb68cd3ae9673885f4f2e
  PHY payload len: 151 type: <class 'bytes'>
  lora.write used: list
→ Packet SENT
[AUDIO] Recording saved: ../recordings/clip_20251117_165842.wav
[AUDIO] ⚠️  Classification model not yet integrated - returning placeholder

============================================================
Timestamp: 2025-11-17 16:58:47
------------------------------------------------------------
🌡️  Temperature: 29.6°C (Normal)
💧 Humidity: 47.1% (Normal)
🔥 CO Level: 1636.7 ppm | Voltage: 0.582V | Rs: 75.89kΩ
   ⚠️  REMINDER: Calibrate R0 in clean air for accurate readings
📍 GPS: No data (check wiring or wait for warm-up)
🎤 Audio: LOW-RISK (not sent in reading packet)
============================================================

📡 LoRa JSON Packet Ready: {'type': 'reading', 'nodeID': 1, 'temp': 29.6, 'humidity': 47.1, 'co_ppm': 1636.7, 'latitude': None, 'longitude': None, 'altitude': None, 'gps_fix': False}
   JSON bytes len: 138 hex: 7b2274797065223a2272656164696e67222c226e6f64654944223a312c2274656d70223a32392e362c2268756d6964697479223a34372e312c22636f5f70706d223a313633362e372c226c61746974756465223a6e756c6c2c226c6f6e676974756465223a6e756c6c2c22616c746974756465223a6e756c6c2c226770735f666978223a66616c73657d
--- Sending ABP Packet (FCnt=147) ---
  Encrypted payload len: 138
  Encrypted payload (hex): 87791501cee1cf97702cf5836dcdbd8de44845ce571fce9bac5205c290610008efaddfb4fc618ddf6afb35f1f17a992976367d7a68beae188b752297dddc70b9755fc7fe0652c29fcff44c8332da1e592d4e7f1b443de226d6a40217293547857dd200907ac65328483a579e5896723e26575b5a66782c97720581b622720f8024ef38ea6c8c6406800d
  Payload: 7b2274797065223a2272656164696e67222c226e6f64654944223a312c2274656d70223a32392e362c2268756d6964697479223a34372e312c22636f5f70706d223a313633362e372c226c61746974756465223a6e756c6c2c226c6f6e676974756465223a6e756c6c2c22616c746974756465223a6e756c6c2c226770735f666978223a66616c73657d
  PHY Pkt: 406b2760000093000187791501cee1cf97702cf5836dcdbd8de44845ce571fce9bac5205c290610008efaddfb4fc618ddf6afb35f1f17a992976367d7a68beae188b752297dddc70b9755fc7fe0652c29fcff44c8332da1e592d4e7f1b443de226d6a40217293547857dd200907ac65328483a579e5896723e26575b5a66782c97720581b622720f8024ef38ea6c8c6406800dd8036c8c
  PHY payload len: 151 type: <class 'bytes'>
  lora.write used: list
→ Packet SENT
[AUDIO] Recording saved: ../recordings/clip_20251117_165943.wav
[AUDIO] ⚠️  Classification model not yet integrated - returning placeholder

============================================================
Timestamp: 2025-11-17 16:59:48
------------------------------------------------------------
🌡️  Temperature: 29.6°C (Normal)
💧 Humidity: 46.9% (Normal)
🔥 CO Level: 1636.7 ppm | Voltage: 0.582V | Rs: 75.89kΩ
   ⚠️  REMINDER: Calibrate R0 in clean air for accurate readings
📍 GPS: No data (check wiring or wait for warm-up)
🎤 Audio: LOW-RISK (not sent in reading packet)
============================================================

📡 LoRa JSON Packet Ready: {'type': 'reading', 'nodeID': 1, 'temp': 29.6, 'humidity': 46.9, 'co_ppm': 1636.7, 'latitude': None, 'longitude': None, 'altitude': None, 'gps_fix': False}
   JSON bytes len: 138 hex: 7b2274797065223a2272656164696e67222c226e6f64654944223a312c2274656d70223a32392e362c2268756d6964697479223a34362e392c22636f5f70706d223a313633362e372c226c61746974756465223a6e756c6c2c226c6f6e676974756465223a6e756c6c2c22616c746974756465223a6e756c6c2c226770735f666978223a66616c73657d
--- Sending ABP Packet (FCnt=148) ---
  Encrypted payload len: 138
  Encrypted payload (hex): 042a5376fb031a0f65b4fcd5fd84489ceebfb8ba4901d327f5780628eb54fd500e4e98548cf87c1df091c18d3eb3e1cb6600d5ea801cd42f7ef97081dad618bf3ba617ea23abf7de68ae4d2652fce5eec873624de61e22335825035181273d7aa71ca6bc41ff4330d103064b291966fe307eacdd0574c7f24794abfe0cc3d8ade46db26417136b2b70d3
  Payload: 7b2274797065223a2272656164696e67222c226e6f64654944223a312c2274656d70223a32392e362c2268756d6964697479223a34362e392c22636f5f70706d223a313633362e372c226c61746974756465223a6e756c6c2c226c6f6e676974756465223a6e756c6c2c22616c746974756465223a6e756c6c2c226770735f666978223a66616c73657d
  PHY Pkt: 406b27600000940001042a5376fb031a0f65b4fcd5fd84489ceebfb8ba4901d327f5780628eb54fd500e4e98548cf87c1df091c18d3eb3e1cb6600d5ea801cd42f7ef97081dad618bf3ba617ea23abf7de68ae4d2652fce5eec873624de61e22335825035181273d7aa71ca6bc41ff4330d103064b291966fe307eacdd0574c7f24794abfe0cc3d8ade46db26417136b2b70d3e3baa286
  PHY payload len: 151 type: <class 'bytes'>
  lora.write used: list
→ Packet SENT
[AUDIO] Recording saved: ../recordings/clip_20251117_170044.wav
[AUDIO] ⚠️  Classification model not yet integrated - returning placeholder

============================================================
Timestamp: 2025-11-17 17:00:49
------------------------------------------------------------
🌡️  Temperature: 29.6°C (Normal)
💧 Humidity: 46.9% (Normal)
🔥 CO Level: 1632.5 ppm | Voltage: 0.581V | Rs: 76.02kΩ
   ⚠️  REMINDER: Calibrate R0 in clean air for accurate readings
📍 GPS: No data (check wiring or wait for warm-up)
🎤 Audio: LOW-RISK (not sent in reading packet)
============================================================

📡 LoRa JSON Packet Ready: {'type': 'reading', 'nodeID': 1, 'temp': 29.6, 'humidity': 46.9, 'co_ppm': 1632.5, 'latitude': None, 'longitude': None, 'altitude': None, 'gps_fix': False}
   JSON bytes len: 138 hex: 7b2274797065223a2272656164696e67222c226e6f64654944223a312c2274656d70223a32392e362c2268756d6964697479223a34362e392c22636f5f70706d223a313633322e352c226c61746974756465223a6e756c6c2c226c6f6e676974756465223a6e756c6c2c22616c746974756465223a6e756c6c2c226770735f666978223a66616c73657d
--- Sending ABP Packet (FCnt=149) ---
  Encrypted payload len: 138
  Encrypted payload (hex): 56e10f5d70cadb95e288ac3b2a41802e7917c99ca3ab376dbff48805ab0a399948d35ba4c5c0a39d8887643de90842b60b780d5757209b3f498c12d009baaac4b63f6efad55547507eaa35eed936158b4177dce62be3262f60effa291bc18ff9f4dba2cc4942ce195e37cc71bb5af95578522e3cabfab5f8bc558e623cbd843a835209a615130721dceb
  Payload: 7b2274797065223a2272656164696e67222c226e6f64654944223a312c2274656d70223a32392e362c2268756d6964697479223a34362e392c22636f5f70706d223a313633322e352c226c61746974756465223a6e756c6c2c226c6f6e676974756465223a6e756c6c2c22616c746974756465223a6e756c6c2c226770735f666978223a66616c73657d
  PHY Pkt: 406b2760000095000156e10f5d70cadb95e288ac3b2a41802e7917c99ca3ab376dbff48805ab0a399948d35ba4c5c0a39d8887643de90842b60b780d5757209b3f498c12d009baaac4b63f6efad55547507eaa35eed936158b4177dce62be3262f60effa291bc18ff9f4dba2cc4942ce195e37cc71bb5af95578522e3cabfab5f8bc558e623cbd843a835209a615130721dceb71594588
  PHY payload len: 151 type: <class 'bytes'>
  lora.write used: list
→ Packet SENT
[AUDIO] Recording saved: ../recordings/clip_20251117_170144.wav
[AUDIO] ⚠️  Classification model not yet integrated - returning placeholder

============================================================
Timestamp: 2025-11-17 17:01:49
------------------------------------------------------------
🌡️  Temperature: 29.7°C (Normal)
💧 Humidity: 46.3% (Normal)
🔥 CO Level: 1636.1 ppm | Voltage: 0.582V | Rs: 75.91kΩ
   ⚠️  REMINDER: Calibrate R0 in clean air for accurate readings
📍 GPS: No data (check wiring or wait for warm-up)
🎤 Audio: LOW-RISK (not sent in reading packet)
============================================================

📡 LoRa JSON Packet Ready: {'type': 'reading', 'nodeID': 1, 'temp': 29.7, 'humidity': 46.3, 'co_ppm': 1636.1, 'latitude': None, 'longitude': None, 'altitude': None, 'gps_fix': False}
   JSON bytes len: 138 hex: 7b2274797065223a2272656164696e67222c226e6f64654944223a312c2274656d70223a32392e372c2268756d6964697479223a34362e332c22636f5f70706d223a313633362e312c226c61746974756465223a6e756c6c2c226c6f6e676974756465223a6e756c6c2c22616c746974756465223a6e756c6c2c226770735f666978223a66616c73657d
--- Sending ABP Packet (FCnt=150) ---
  Encrypted payload len: 138
  Encrypted payload (hex): a617ee4ce91be9286c4ac43124a0f5aea2cf943bd5877d4b926114a5e9eacf03955aee96c52d1c6f611a5a8245f6ed977306fe7504cfcf53bc4b932154804ea0cfcf920fb6fbf61833b1bfe9b3725f66a8392e5fbcd20e6d26565be201fb540fd705e23b0c3b4f07db614ab3b5a3cc5b52d8a10179cb1e774e7192b8485d921bcd19716c388c5b5579fc
  Payload: 7b2274797065223a2272656164696e67222c226e6f64654944223a312c2274656d70223a32392e372c2268756d6964697479223a34362e332c22636f5f70706d223a313633362e312c226c61746974756465223a6e756c6c2c226c6f6e676974756465223a6e756c6c2c22616c746974756465223a6e756c6c2c226770735f666978223a66616c73657d
  PHY Pkt: 406b27600000960001a617ee4ce91be9286c4ac43124a0f5aea2cf943bd5877d4b926114a5e9eacf03955aee96c52d1c6f611a5a8245f6ed977306fe7504cfcf53bc4b932154804ea0cfcf920fb6fbf61833b1bfe9b3725f66a8392e5fbcd20e6d26565be201fb540fd705e23b0c3b4f07db614ab3b5a3cc5b52d8a10179cb1e774e7192b8485d921bcd19716c388c5b5579fc63691905
  PHY payload len: 151 type: <class 'bytes'>
  lora.write used: list
→ Packet SENT
[AUDIO] Recording saved: ../recordings/clip_20251117_170245.wav
[AUDIO] ⚠️  Classification model not yet integrated - returning placeholder

============================================================
Timestamp: 2025-11-17 17:02:50
------------------------------------------------------------
🌡️  Temperature: 29.6°C (Normal)
💧 Humidity: 46.1% (Normal)
🔥 CO Level: 1637.9 ppm | Voltage: 0.582V | Rs: 75.86kΩ
   ⚠️  REMINDER: Calibrate R0 in clean air for accurate readings
📍 GPS: No data (check wiring or wait for warm-up)
🎤 Audio: LOW-RISK (not sent in reading packet)
============================================================

📡 LoRa JSON Packet Ready: {'type': 'reading', 'nodeID': 1, 'temp': 29.6, 'humidity': 46.1, 'co_ppm': 1637.9, 'latitude': None, 'longitude': None, 'altitude': None, 'gps_fix': False}
   JSON bytes len: 138 hex: 7b2274797065223a2272656164696e67222c226e6f64654944223a312c2274656d70223a32392e362c2268756d6964697479223a34362e312c22636f5f70706d223a313633372e392c226c61746974756465223a6e756c6c2c226c6f6e676974756465223a6e756c6c2c22616c746974756465223a6e756c6c2c226770735f666978223a66616c73657d
--- Sending ABP Packet (FCnt=151) ---
  Encrypted payload len: 138
  Encrypted payload (hex): 22207aa494959b9bcb3d6f14f495d6c780948f2729cbf5b72831d47e7a19b0ed389727a038ea463d057cbece65a0057fbad767201a8600bff87759dd8327521a6f52cd4aaadf4c1ea2fe57b9d56b63ce0ee7bfd8e32e3e6fb7357211651fdd9294f4a109a77c9016ee0bb1b69f927af5754b1e2c37f59064866e08920fd127c686df33ff5fe345937f35
  Payload: 7b2274797065223a2272656164696e67222c226e6f64654944223a312c2274656d70223a32392e362c2268756d6964697479223a34362e312c22636f5f70706d223a313633372e392c226c61746974756465223a6e756c6c2c226c6f6e676974756465223a6e756c6c2c22616c746974756465223a6e756c6c2c226770735f666978223a66616c73657d
  PHY Pkt: 406b2760000097000122207aa494959b9bcb3d6f14f495d6c780948f2729cbf5b72831d47e7a19b0ed389727a038ea463d057cbece65a0057fbad767201a8600bff87759dd8327521a6f52cd4aaadf4c1ea2fe57b9d56b63ce0ee7bfd8e32e3e6fb7357211651fdd9294f4a109a77c9016ee0bb1b69f927af5754b1e2c37f59064866e08920fd127c686df33ff5fe345937f35a2772c9f
  PHY payload len: 151 type: <class 'bytes'>
  lora.write used: list
→ Packet SENT
[AUDIO] Recording saved: ../recordings/clip_20251117_170345.wav
[AUDIO] ⚠️  Classification model not yet integrated - returning placeholder

============================================================
Timestamp: 2025-11-17 17:03:50
------------------------------------------------------------
🌡️  Temperature: 29.6°C (Normal)
💧 Humidity: 46.1% (Normal)
🔥 CO Level: 1635.5 ppm | Voltage: 0.582V | Rs: 75.93kΩ
   ⚠️  REMINDER: Calibrate R0 in clean air for accurate readings
📍 GPS: No data (check wiring or wait for warm-up)
🎤 Audio: LOW-RISK (not sent in reading packet)
============================================================

📡 LoRa JSON Packet Ready: {'type': 'reading', 'nodeID': 1, 'temp': 29.6, 'humidity': 46.1, 'co_ppm': 1635.5, 'latitude': None, 'longitude': None, 'altitude': None, 'gps_fix': False}
   JSON bytes len: 138 hex: 7b2274797065223a2272656164696e67222c226e6f64654944223a312c2274656d70223a32392e362c2268756d6964697479223a34362e312c22636f5f70706d223a313633352e352c226c61746974756465223a6e756c6c2c226c6f6e676974756465223a6e756c6c2c22616c746974756465223a6e756c6c2c226770735f666978223a66616c73657d
--- Sending ABP Packet (FCnt=152) ---
  Encrypted payload len: 138
  Encrypted payload (hex): 118def62775336d7f5ca124a709ffc1f20ac14092472abaf5d45a3303d18897676708250cbcc6cec21fdff03b343955aed14c6740c6e0c46330674e33d56124bdd068824bacbd60c91e09035f65e6b42e5fbc490c8ba8135e18d6f976064181375edfd81eeea20b2ba0e791b8635605e911b2f9f2b56d0af07af6c8071b456d662be4e77cd46829fe7a1
  Payload: 7b2274797065223a2272656164696e67222c226e6f64654944223a312c2274656d70223a32392e362c2268756d6964697479223a34362e312c22636f5f70706d223a313633352e352c226c61746974756465223a6e756c6c2c226c6f6e676974756465223a6e756c6c2c22616c746974756465223a6e756c6c2c226770735f666978223a66616c73657d
  PHY Pkt: 406b27600000980001118def62775336d7f5ca124a709ffc1f20ac14092472abaf5d45a3303d18897676708250cbcc6cec21fdff03b343955aed14c6740c6e0c46330674e33d56124bdd068824bacbd60c91e09035f65e6b42e5fbc490c8ba8135e18d6f976064181375edfd81eeea20b2ba0e791b8635605e911b2f9f2b56d0af07af6c8071b456d662be4e77cd46829fe7a195b524d6
  PHY payload len: 151 type: <class 'bytes'>
  lora.write used: list
→ Packet SENT
[AUDIO] Recording saved: ../recordings/clip_20251117_170445.wav
[AUDIO] ⚠️  Classification model not yet integrated - returning placeholder

============================================================
Timestamp: 2025-11-17 17:04:50
------------------------------------------------------------
🌡️  Temperature: 29.5°C (Normal)
💧 Humidity: 46.0% (Normal)
🔥 CO Level: 1636.1 ppm | Voltage: 0.582V | Rs: 75.91kΩ
   ⚠️  REMINDER: Calibrate R0 in clean air for accurate readings
📍 GPS: No data (check wiring or wait for warm-up)
🎤 Audio: LOW-RISK (not sent in reading packet)
============================================================

📡 LoRa JSON Packet Ready: {'type': 'reading', 'nodeID': 1, 'temp': 29.5, 'humidity': 46.0, 'co_ppm': 1636.1, 'latitude': None, 'longitude': None, 'altitude': None, 'gps_fix': False}
   JSON bytes len: 138 hex: 7b2274797065223a2272656164696e67222c226e6f64654944223a312c2274656d70223a32392e352c2268756d6964697479223a34362e302c22636f5f70706d223a313633362e312c226c61746974756465223a6e756c6c2c226c6f6e676974756465223a6e756c6c2c22616c746974756465223a6e756c6c2c226770735f666978223a66616c73657d
--- Sending ABP Packet (FCnt=153) ---
  Encrypted payload len: 138
  Encrypted payload (hex): bf3e3b6794f8fd60f16342bec2924f35e24b245ccd47a58c64b613c1d45656d434fcc06c286820361a479ef0e26a29e17aabff12aaac98708a65a54e172278e595f2809b4a7326bce8d7108461f93182eb0d24e883b8cbedec79ec60f2ab4080d89e425399b4ef486c5dbf42446f647e1857294cd85221b597dde814cd377a4a25231a4cfae50da62100
  Payload: 7b2274797065223a2272656164696e67222c226e6f64654944223a312c2274656d70223a32392e352c2268756d6964697479223a34362e302c22636f5f70706d223a313633362e312c226c61746974756465223a6e756c6c2c226c6f6e676974756465223a6e756c6c2c22616c746974756465223a6e756c6c2c226770735f666978223a66616c73657d
  PHY Pkt: 406b27600000990001bf3e3b6794f8fd60f16342bec2924f35e24b245ccd47a58c64b613c1d45656d434fcc06c286820361a479ef0e26a29e17aabff12aaac98708a65a54e172278e595f2809b4a7326bce8d7108461f93182eb0d24e883b8cbedec79ec60f2ab4080d89e425399b4ef486c5dbf42446f647e1857294cd85221b597dde814cd377a4a25231a4cfae50da62100ea192763
  PHY payload len: 151 type: <class 'bytes'>
  lora.write used: list
→ Packet SENT
[AUDIO] Recording saved: ../recordings/clip_20251117_170546.wav
[AUDIO] ⚠️  Classification model not yet integrated - returning placeholder

============================================================
Timestamp: 2025-11-17 17:05:51
------------------------------------------------------------
🌡️  Temperature: 29.4°C (Normal)
💧 Humidity: 45.9% (Normal)
🔥 CO Level: 1633.1 ppm | Voltage: 0.581V | Rs: 76.0kΩ
   ⚠️  REMINDER: Calibrate R0 in clean air for accurate readings
📍 GPS: No data (check wiring or wait for warm-up)
🎤 Audio: LOW-RISK (not sent in reading packet)
============================================================

📡 LoRa JSON Packet Ready: {'type': 'reading', 'nodeID': 1, 'temp': 29.4, 'humidity': 45.9, 'co_ppm': 1633.1, 'latitude': None, 'longitude': None, 'altitude': None, 'gps_fix': False}
   JSON bytes len: 138 hex: 7b2274797065223a2272656164696e67222c226e6f64654944223a312c2274656d70223a32392e342c2268756d6964697479223a34352e392c22636f5f70706d223a313633332e312c226c61746974756465223a6e756c6c2c226c6f6e676974756465223a6e756c6c2c22616c746974756465223a6e756c6c2c226770735f666978223a66616c73657d
--- Sending ABP Packet (FCnt=154) ---
  Encrypted payload len: 138
  Encrypted payload (hex): bf54f2023c4328eeabbf888c40c4f5417087194f5becd6aaeb15278a6a362d6b4803e3f36fc06ebcb36ce6dd53276941fd623d15e78c57891c0738cacb161f4b2f5d034f1ae81f47cb1049601ce91d4f719f8073e08fe6e091e2ee86e9e08e8a0314940b62bc9665a6c2e02221cd4394b18dd5090069f909b0a3ec4d0355ae2f3451986c109acb27c942
  Payload: 7b2274797065223a2272656164696e67222c226e6f64654944223a312c2274656d70223a32392e342c2268756d6964697479223a34352e392c22636f5f70706d223a313633332e312c226c61746974756465223a6e756c6c2c226c6f6e676974756465223a6e756c6c2c22616c746974756465223a6e756c6c2c226770735f666978223a66616c73657d
  PHY Pkt: 406b276000009a0001bf54f2023c4328eeabbf888c40c4f5417087194f5becd6aaeb15278a6a362d6b4803e3f36fc06ebcb36ce6dd53276941fd623d15e78c57891c0738cacb161f4b2f5d034f1ae81f47cb1049601ce91d4f719f8073e08fe6e091e2ee86e9e08e8a0314940b62bc9665a6c2e02221cd4394b18dd5090069f909b0a3ec4d0355ae2f3451986c109acb27c942ccb91f78
  PHY payload len: 151 type: <class 'bytes'>
  lora.write used: list
→ Packet SENT
[AUDIO] Recording saved: ../recordings/clip_20251117_170646.wav
[AUDIO] ⚠️  Classification model not yet integrated - returning placeholder

============================================================
Timestamp: 2025-11-17 17:06:51
------------------------------------------------------------
🌡️  Temperature: 29.5°C (Normal)
💧 Humidity: 45.9% (Normal)
🔥 CO Level: 1636.7 ppm | Voltage: 0.582V | Rs: 75.89kΩ
   ⚠️  REMINDER: Calibrate R0 in clean air for accurate readings
📍 GPS: No data (check wiring or wait for warm-up)
🎤 Audio: LOW-RISK (not sent in reading packet)
============================================================

📡 LoRa JSON Packet Ready: {'type': 'reading', 'nodeID': 1, 'temp': 29.5, 'humidity': 45.9, 'co_ppm': 1636.7, 'latitude': None, 'longitude': None, 'altitude': None, 'gps_fix': False}
   JSON bytes len: 138 hex: 7b2274797065223a2272656164696e67222c226e6f64654944223a312c2274656d70223a32392e352c2268756d6964697479223a34352e392c22636f5f70706d223a313633362e372c226c61746974756465223a6e756c6c2c226c6f6e676974756465223a6e756c6c2c22616c746974756465223a6e756c6c2c226770735f666978223a66616c73657d
--- Sending ABP Packet (FCnt=155) ---
  Encrypted payload len: 138
  Encrypted payload (hex): 54f5a4420907b72ec79f9e564a6b2ad648588bf4a1084e86a9fd8050d5af600576519b91698a9b2c12b098835e709ea8bd6cc83e11e7ba4e9902cfd6a06284e5c5633489cce5759a342007bc9507e36561049db8d1371733281e6ee9a0aa189dc6d607d0c105e1b2908d28b0e799814995f748199ad43fd6354780bb9d933f876cfe310eb65c06049ed0
  Payload: 7b2274797065223a2272656164696e67222c226e6f64654944223a312c2274656d70223a32392e352c2268756d6964697479223a34352e392c22636f5f70706d223a313633362e372c226c61746974756465223a6e756c6c2c226c6f6e676974756465223a6e756c6c2c22616c746974756465223a6e756c6c2c226770735f666978223a66616c73657d
  PHY Pkt: 406b276000009b000154f5a4420907b72ec79f9e564a6b2ad648588bf4a1084e86a9fd8050d5af600576519b91698a9b2c12b098835e709ea8bd6cc83e11e7ba4e9902cfd6a06284e5c5633489cce5759a342007bc9507e36561049db8d1371733281e6ee9a0aa189dc6d607d0c105e1b2908d28b0e799814995f748199ad43fd6354780bb9d933f876cfe310eb65c06049ed04dddadf9
  PHY payload len: 151 type: <class 'bytes'>
  lora.write used: list
→ Packet SENT
[AUDIO] Recording saved: ../recordings/clip_20251117_170747.wav
[AUDIO] ⚠️  Classification model not yet integrated - returning placeholder

============================================================
Timestamp: 2025-11-17 17:07:52
------------------------------------------------------------
🌡️  Temperature: 29.5°C (Normal)
💧 Humidity: 45.7% (Normal)
🔥 CO Level: 1637.9 ppm | Voltage: 0.582V | Rs: 75.86kΩ
   ⚠️  REMINDER: Calibrate R0 in clean air for accurate readings
📍 GPS: No data (check wiring or wait for warm-up)
🎤 Audio: LOW-RISK (not sent in reading packet)
============================================================

📡 LoRa JSON Packet Ready: {'type': 'reading', 'nodeID': 1, 'temp': 29.5, 'humidity': 45.7, 'co_ppm': 1637.9, 'latitude': None, 'longitude': None, 'altitude': None, 'gps_fix': False}
   JSON bytes len: 138 hex: 7b2274797065223a2272656164696e67222c226e6f64654944223a312c2274656d70223a32392e352c2268756d6964697479223a34352e372c22636f5f70706d223a313633372e392c226c61746974756465223a6e756c6c2c226c6f6e676974756465223a6e756c6c2c22616c746974756465223a6e756c6c2c226770735f666978223a66616c73657d
--- Sending ABP Packet (FCnt=156) ---
  Encrypted payload len: 138
  Encrypted payload (hex): e68ed8cd347f51f7616f045e4dd9e6e190fe8e66872b5391c579a7e45210f6d830848e63af3b3e321274a235b388f021a2a6957ff5ec0c7860e3061bb6135ea20d277107f5952c3db531888a60362230bdcba3b19dadb35be1520def453ac67598dbbf7d5245b7a382910f883923fddc43b28a2dae3a470b24e0e750bda7912ea7e5335565ff0b138290
  Payload: 7b2274797065223a2272656164696e67222c226e6f64654944223a312c2274656d70223a32392e352c2268756d6964697479223a34352e372c22636f5f70706d223a313633372e392c226c61746974756465223a6e756c6c2c226c6f6e676974756465223a6e756c6c2c22616c746974756465223a6e756c6c2c226770735f666978223a66616c73657d
  PHY Pkt: 406b276000009c0001e68ed8cd347f51f7616f045e4dd9e6e190fe8e66872b5391c579a7e45210f6d830848e63af3b3e321274a235b388f021a2a6957ff5ec0c7860e3061bb6135ea20d277107f5952c3db531888a60362230bdcba3b19dadb35be1520def453ac67598dbbf7d5245b7a382910f883923fddc43b28a2dae3a470b24e0e750bda7912ea7e5335565ff0b138290dbe55cb7
  PHY payload len: 151 type: <class 'bytes'>
  lora.write used: list
→ Packet SENT
[AUDIO] Recording saved: ../recordings/clip_20251117_170847.wav
[AUDIO] ⚠️  Classification model not yet integrated - returning placeholder

============================================================
Timestamp: 2025-11-17 17:08:52
------------------------------------------------------------
🌡️  Temperature: 29.5°C (Normal)
💧 Humidity: 45.6% (Normal)
🔥 CO Level: 1638.5 ppm | Voltage: 0.583V | Rs: 75.84kΩ
   ⚠️  REMINDER: Calibrate R0 in clean air for accurate readings
📍 GPS: No data (check wiring or wait for warm-up)
🎤 Audio: LOW-RISK (not sent in reading packet)
============================================================

📡 LoRa JSON Packet Ready: {'type': 'reading', 'nodeID': 1, 'temp': 29.5, 'humidity': 45.6, 'co_ppm': 1638.5, 'latitude': None, 'longitude': None, 'altitude': None, 'gps_fix': False}
   JSON bytes len: 138 hex: 7b2274797065223a2272656164696e67222c226e6f64654944223a312c2274656d70223a32392e352c2268756d6964697479223a34352e362c22636f5f70706d223a313633382e352c226c61746974756465223a6e756c6c2c226c6f6e676974756465223a6e756c6c2c22616c746974756465223a6e756c6c2c226770735f666978223a66616c73657d
--- Sending ABP Packet (FCnt=157) ---
  Encrypted payload len: 138
  Encrypted payload (hex): e1e70893037cdb7f7d50fd948dd61106754a7609ae2e6bef2e3d0a35a10bf978ad71805ab6b655937e62113645b53e9eb860cc238b24bbfc45cb936161307a60c99ca1f10ef7d0e6478ada4584917f8f6da9b35c257bedf3de0240070661832e95ee6aa82a099f7548e57585b8cb49d07ce89e3610bfd1f24864326598d673b92c7572d276f4c96a9edf
  Payload: 7b2274797065223a2272656164696e67222c226e6f64654944223a312c2274656d70223a32392e352c2268756d6964697479223a34352e362c22636f5f70706d223a313633382e352c226c61746974756465223a6e756c6c2c226c6f6e676974756465223a6e756c6c2c22616c746974756465223a6e756c6c2c226770735f666978223a66616c73657d
  PHY Pkt: 406b276000009d0001e1e70893037cdb7f7d50fd948dd61106754a7609ae2e6bef2e3d0a35a10bf978ad71805ab6b655937e62113645b53e9eb860cc238b24bbfc45cb936161307a60c99ca1f10ef7d0e6478ada4584917f8f6da9b35c257bedf3de0240070661832e95ee6aa82a099f7548e57585b8cb49d07ce89e3610bfd1f24864326598d673b92c7572d276f4c96a9edfc2cf71f3
  PHY payload len: 151 type: <class 'bytes'>
  lora.write used: list
→ Packet SENT
[AUDIO] Recording saved: ../recordings/clip_20251117_170948.wav
[AUDIO] ⚠️  Classification model not yet integrated - returning placeholder

============================================================
Timestamp: 2025-11-17 17:09:53
------------------------------------------------------------
🌡️  Temperature: 29.5°C (Normal)
💧 Humidity: 45.6% (Normal)
🔥 CO Level: 1643.3 ppm | Voltage: 0.584V | Rs: 75.69kΩ
   ⚠️  REMINDER: Calibrate R0 in clean air for accurate readings
📍 GPS: No data (check wiring or wait for warm-up)
🎤 Audio: LOW-RISK (not sent in reading packet)
============================================================

📡 LoRa JSON Packet Ready: {'type': 'reading', 'nodeID': 1, 'temp': 29.5, 'humidity': 45.6, 'co_ppm': 1643.3, 'latitude': None, 'longitude': None, 'altitude': None, 'gps_fix': False}
   JSON bytes len: 138 hex: 7b2274797065223a2272656164696e67222c226e6f64654944223a312c2274656d70223a32392e352c2268756d6964697479223a34352e362c22636f5f70706d223a313634332e332c226c61746974756465223a6e756c6c2c226c6f6e676974756465223a6e756c6c2c22616c746974756465223a6e756c6c2c226770735f666978223a66616c73657d
--- Sending ABP Packet (FCnt=158) ---
  Encrypted payload len: 138
  Encrypted payload (hex): 9fd6678f3f8f62bd788e477637c0bb96955e8967b511c5b13cff2181025b65a894c33aba8b44d3b05ec0fc52da1881de0b29bf0616d659c153a078c6fe1a24c5bbbf2aebf095c2b7a0c0bd8b7561e60407c389371448bb20291bcd10b0666a38fd70ecda9f01e932903336ae8fe4c70e5164208cc4b284b01c5e295b192318f4250cd85b9505504a1440
  Payload: 7b2274797065223a2272656164696e67222c226e6f64654944223a312c2274656d70223a32392e352c2268756d6964697479223a34352e362c22636f5f70706d223a313634332e332c226c61746974756465223a6e756c6c2c226c6f6e676974756465223a6e756c6c2c22616c746974756465223a6e756c6c2c226770735f666978223a66616c73657d
  PHY Pkt: 406b276000009e00019fd6678f3f8f62bd788e477637c0bb96955e8967b511c5b13cff2181025b65a894c33aba8b44d3b05ec0fc52da1881de0b29bf0616d659c153a078c6fe1a24c5bbbf2aebf095c2b7a0c0bd8b7561e60407c389371448bb20291bcd10b0666a38fd70ecda9f01e932903336ae8fe4c70e5164208cc4b284b01c5e295b192318f4250cd85b9505504a1440b5a25ddd
  PHY payload len: 151 type: <class 'bytes'>
  lora.write used: list
→ Packet SENT
[AUDIO] Recording saved: ../recordings/clip_20251117_171049.wav
[AUDIO] ⚠️  Classification model not yet integrated - returning placeholder

============================================================
Timestamp: 2025-11-17 17:10:54
------------------------------------------------------------
🌡️  Temperature: 29.2°C (Normal)
💧 Humidity: 45.6% (Normal)
🔥 CO Level: 1643.9 ppm | Voltage: 0.584V | Rs: 75.67kΩ
   ⚠️  REMINDER: Calibrate R0 in clean air for accurate readings
📍 GPS: No data (check wiring or wait for warm-up)
🎤 Audio: LOW-RISK (not sent in reading packet)
============================================================

📡 LoRa JSON Packet Ready: {'type': 'reading', 'nodeID': 1, 'temp': 29.2, 'humidity': 45.6, 'co_ppm': 1643.9, 'latitude': None, 'longitude': None, 'altitude': None, 'gps_fix': False}
   JSON bytes len: 138 hex: 7b2274797065223a2272656164696e67222c226e6f64654944223a312c2274656d70223a32392e322c2268756d6964697479223a34352e362c22636f5f70706d223a313634332e392c226c61746974756465223a6e756c6c2c226c6f6e676974756465223a6e756c6c2c22616c746974756465223a6e756c6c2c226770735f666978223a66616c73657d
--- Sending ABP Packet (FCnt=159) ---
  Encrypted payload len: 138
  Encrypted payload (hex): cceae0afb96be09d471d74fe509fa4bf994d3a41bd21faf2adc8ad470587148c04e2cecf5f999093105e34321a285ff476000e4a8a5f185d2d255e65a711b4dde27632eea109ee06d5181a63cc4831228b4fbcf728a7890b5ed512e49e465fd8dc96d4e1e3914c539f74957ee4388f6dd28e8f329989faaa93cd749ed5d8a200ace5f2e6bb27e1acde8f
============================================================
LoRaWAN ABP Sender - AS923-3
  DevAddr: 0060276b
  TX Freq: 916.6 MHz (SF10)
============================================================
Press Ctrl+C to stop.

Initializing sensors...
[GPS] Serial port opened successfully
============================================================
Forest Fire Detection System - Unified Sensor Monitor
============================================================
Sensor readings every: 5s
LoRa packet preparation every: 10s
============================================================

🚀 Starting sensor monitoring loop...
   Press Ctrl+C to stop

⏳ GPS warming up... (this may take 30-60 seconds outdoors)
[AUDIO] Recording saved: ../recordings/clip_20251118_092135.wav
[AUDIO] ⚠️  Classification model not yet integrated - returning placeholder

============================================================
Timestamp: 2025-11-18 09:21:40
------------------------------------------------------------
🌡️  Temperature: ERROR
💧 Humidity: ERROR
🔥 CO Level: 1672.1 ppm | Voltage: 0.59V | Rs: 74.82kΩ
   ⚠️  REMINDER: Calibrate R0 in clean air for accurate readings
📍 GPS: No data (check wiring or wait for warm-up)
🎤 Audio: LOW-RISK (not sent in reading packet)
============================================================
[AUDIO] Recording saved: ../recordings/clip_20251118_092237.wav
[AUDIO] ⚠️  Classification model not yet integrated - returning placeholder

============================================================
Timestamp: 2025-11-18 09:22:42
------------------------------------------------------------
🌡️  Temperature: ERROR
💧 Humidity: ERROR
🔥 CO Level: 1670.9 ppm | Voltage: 0.589V | Rs: 74.85kΩ
   ⚠️  REMINDER: Calibrate R0 in clean air for accurate readings
📍 GPS: No data (check wiring or wait for warm-up)
🎤 Audio: LOW-RISK (not sent in reading packet)
============================================================

📡 LoRa JSON Packet Ready: {'type': 'reading', 'nodeID': 1, 'temp': None, 'humidity': None, 'co_ppm': 1670.9, 'latitude': None, 'longitude': None, 'altitude': None, 'gps_fix': False}
   JSON bytes len: 138 hex: 7b2274797065223a2272656164696e67222c226e6f64654944223a312c2274656d70223a6e756c6c2c2268756d6964697479223a6e756c6c2c22636f5f70706d223a313637302e392c226c61746974756465223a6e756c6c2c226c6f6e676974756465223a6e756c6c2c22616c746974756465223a6e756c6c2c226770735f666978223a66616c73657d
--- Sending ABP Packet (FCnt=0) ---
  Encrypted payload len: 138
  Encrypted payload (hex): 79dc0a44fe4328f4e97d892c2854779f090f2c90907d476bd4bb2a12902f8c139cc550a398a60ee678b52b9c9724c8e3faa78ae257d942601b0ce35c0076aefa10d9258537a988d43cb2fa222ef2a39f7471baecb0a748160e9a6e2d8dd921d437af06ea3906b83350ebe62f5ddda7fe27f4c7cbbd29679a64ab1b41b27484b1ef27832985155e6b578b
  Payload: 7b2274797065223a2272656164696e67222c226e6f64654944223a312c2274656d70223a6e756c6c2c2268756d6964697479223a6e756c6c2c22636f5f70706d223a313637302e392c226c61746974756465223a6e756c6c2c226c6f6e676974756465223a6e756c6c2c22616c746974756465223a6e756c6c2c226770735f666978223a66616c73657d
  PHY Pkt: 406b2760000000000179dc0a44fe4328f4e97d892c2854779f090f2c90907d476bd4bb2a12902f8c139cc550a398a60ee678b52b9c9724c8e3faa78ae257d942601b0ce35c0076aefa10d9258537a988d43cb2fa222ef2a39f7471baecb0a748160e9a6e2d8dd921d437af06ea3906b83350ebe62f5ddda7fe27f4c7cbbd29679a64ab1b41b27484b1ef27832985155e6b578be2ba8d53
  PHY payload len: 151 type: <class 'bytes'>
  lora.write used: list
→ Packet SENT
[AUDIO] Recording saved: ../recordings/clip_20251118_092339.wav
[AUDIO] ⚠️  Classification model not yet integrated - returning placeholder

============================================================
Timestamp: 2025-11-18 09:23:44
------------------------------------------------------------
🌡️  Temperature: 25.3°C (Normal)
💧 Humidity: 55.4% (Normal)
🔥 CO Level: 1670.3 ppm | Voltage: 0.589V | Rs: 74.87kΩ
   ⚠️  REMINDER: Calibrate R0 in clean air for accurate readings
📍 GPS: No data (check wiring or wait for warm-up)
🎤 Audio: LOW-RISK (not sent in reading packet)
============================================================

📡 LoRa JSON Packet Ready: {'type': 'reading', 'nodeID': 1, 'temp': 25.3, 'humidity': 55.4, 'co_ppm': 1670.3, 'latitude': None, 'longitude': None, 'altitude': None, 'gps_fix': False}
   JSON bytes len: 138 hex: 7b2274797065223a2272656164696e67222c226e6f64654944223a312c2274656d70223a32352e332c2268756d6964697479223a35352e342c22636f5f70706d223a313637302e332c226c61746974756465223a6e756c6c2c226c6f6e676974756465223a6e756c6c2c22616c746974756465223a6e756c6c2c226770735f666978223a66616c73657d
--- Sending ABP Packet (FCnt=1) ---
  Encrypted payload len: 138
  Encrypted payload (hex): ef4ebaa6bf5a226076adec597a51efa645e8678b50239abebf982e578dc6dd1f59e2df17840c2b26576156b332d16510986c1b3ca90400ce9fe9a33fce67be94197cdb3120121b1d5f57b89d6b9ad0288feecd23b2dd01ee35d9cc8aa5b8b3ca1cae950843d66c615e9acaee3e91fe9be65ccac7ed744e39ab493840b733c85f9f0615025fd11c76e591
  Payload: 7b2274797065223a2272656164696e67222c226e6f64654944223a312c2274656d70223a32352e332c2268756d6964697479223a35352e342c22636f5f70706d223a313637302e332c226c61746974756465223a6e756c6c2c226c6f6e676974756465223a6e756c6c2c22616c746974756465223a6e756c6c2c226770735f666978223a66616c73657d
  PHY Pkt: 406b27600000010001ef4ebaa6bf5a226076adec597a51efa645e8678b50239abebf982e578dc6dd1f59e2df17840c2b26576156b332d16510986c1b3ca90400ce9fe9a33fce67be94197cdb3120121b1d5f57b89d6b9ad0288feecd23b2dd01ee35d9cc8aa5b8b3ca1cae950843d66c615e9acaee3e91fe9be65ccac7ed744e39ab493840b733c85f9f0615025fd11c76e59115811216
  PHY payload len: 151 type: <class 'bytes'>
  lora.write used: list
→ Packet SENT
[AUDIO] Recording saved: ../recordings/clip_20251118_092442.wav
[AUDIO] ⚠️  Classification model not yet integrated - returning placeholder

============================================================
Timestamp: 2025-11-18 09:24:47
------------------------------------------------------------
🌡️  Temperature: 25.3°C (Normal)
💧 Humidity: 55.4% (Normal)
🔥 CO Level: 1669.7 ppm | Voltage: 0.589V | Rs: 74.89kΩ
   ⚠️  REMINDER: Calibrate R0 in clean air for accurate readings
📍 GPS: No data (check wiring or wait for warm-up)
🎤 Audio: LOW-RISK (not sent in reading packet)
============================================================

📡 LoRa JSON Packet Ready: {'type': 'reading', 'nodeID': 1, 'temp': 25.3, 'humidity': 55.4, 'co_ppm': 1669.7, 'latitude': None, 'longitude': None, 'altitude': None, 'gps_fix': False}
   JSON bytes len: 138 hex: 7b2274797065223a2272656164696e67222c226e6f64654944223a312c2274656d70223a32352e332c2268756d6964697479223a35352e342c22636f5f70706d223a313636392e372c226c61746974756465223a6e756c6c2c226c6f6e676974756465223a6e756c6c2c22616c746974756465223a6e756c6c2c226770735f666978223a66616c73657d
--- Sending ABP Packet (FCnt=2) ---
  Encrypted payload len: 138
  Encrypted payload (hex): 2881b252432977bae8b63974263c243ac9e6d9765f57bb05075ef0c09c7fd604071c174d8a0889022f8fde595f478bcd2054df1741edb0bcc2e0f814c9f9e4233df8b4cf3a93d8a5f1007b49eae3ecb2a5fc8beda84511369f7678ebcfa0129a4a69a2607dca52c973276995adc3903c427d7f9f8007812f7a357b2a4b7480bea746df9a62ea70e915f9
  Payload: 7b2274797065223a2272656164696e67222c226e6f64654944223a312c2274656d70223a32352e332c2268756d6964697479223a35352e342c22636f5f70706d223a313636392e372c226c61746974756465223a6e756c6c2c226c6f6e676974756465223a6e756c6c2c22616c746974756465223a6e756c6c2c226770735f666978223a66616c73657d
  PHY Pkt: 406b276000000200012881b252432977bae8b63974263c243ac9e6d9765f57bb05075ef0c09c7fd604071c174d8a0889022f8fde595f478bcd2054df1741edb0bcc2e0f814c9f9e4233df8b4cf3a93d8a5f1007b49eae3ecb2a5fc8beda84511369f7678ebcfa0129a4a69a2607dca52c973276995adc3903c427d7f9f8007812f7a357b2a4b7480bea746df9a62ea70e915f914d10593
  PHY payload len: 151 type: <class 'bytes'>
  lora.write used: list
→ Packet SENT
[AUDIO] Recording saved: ../recordings/clip_20251118_092543.wav
[AUDIO] ⚠️  Classification model not yet integrated - returning placeholder

============================================================
Timestamp: 2025-11-18 09:25:48
------------------------------------------------------------
🌡️  Temperature: 25.5°C (Normal)
💧 Humidity: 53.4% (Normal)
🔥 CO Level: 1664.9 ppm | Voltage: 0.588V | Rs: 75.03kΩ
   ⚠️  REMINDER: Calibrate R0 in clean air for accurate readings
📍 GPS: No data (check wiring or wait for warm-up)
🎤 Audio: LOW-RISK (not sent in reading packet)
============================================================

📡 LoRa JSON Packet Ready: {'type': 'reading', 'nodeID': 1, 'temp': 25.5, 'humidity': 53.4, 'co_ppm': 1664.9, 'latitude': None, 'longitude': None, 'altitude': None, 'gps_fix': False}
   JSON bytes len: 138 hex: 7b2274797065223a2272656164696e67222c226e6f64654944223a312c2274656d70223a32352e352c2268756d6964697479223a35332e342c22636f5f70706d223a313636342e392c226c61746974756465223a6e756c6c2c226c6f6e676974756465223a6e756c6c2c22616c746974756465223a6e756c6c2c226770735f666978223a66616c73657d
--- Sending ABP Packet (FCnt=3) ---
  Encrypted payload len: 138
  Encrypted payload (hex): 9b48d9c3cbaaadae0fef9d5a3245d2aa490fde0ec636db25fdaf81d5603a0261f7888ccc8ae11aef47ccb8f73d208ea18a6a28e4bd4af026d1bf1d29fcefb16d5997ee6fd585acc0452ca41b06eefdd5ed82f55536ec7df0cf071ab0e755fc9684303317603cd7e48bba4ec92af87e8ab747a9147b85c2109a534eb3d3c232b8b9f10de08d99a4721bcb
  Payload: 7b2274797065223a2272656164696e67222c226e6f64654944223a312c2274656d70223a32352e352c2268756d6964697479223a35332e342c22636f5f70706d223a313636342e392c226c61746974756465223a6e756c6c2c226c6f6e676974756465223a6e756c6c2c22616c746974756465223a6e756c6c2c226770735f666978223a66616c73657d
  PHY Pkt: 406b276000000300019b48d9c3cbaaadae0fef9d5a3245d2aa490fde0ec636db25fdaf81d5603a0261f7888ccc8ae11aef47ccb8f73d208ea18a6a28e4bd4af026d1bf1d29fcefb16d5997ee6fd585acc0452ca41b06eefdd5ed82f55536ec7df0cf071ab0e755fc9684303317603cd7e48bba4ec92af87e8ab747a9147b85c2109a534eb3d3c232b8b9f10de08d99a4721bcbca4c6d43
  PHY payload len: 151 type: <class 'bytes'>
  lora.write used: list
→ Packet SENT
[AUDIO] Recording saved: ../recordings/clip_20251118_092645.wav
[AUDIO] ⚠️  Classification model not yet integrated - returning placeholder

============================================================
Timestamp: 2025-11-18 09:26:50
------------------------------------------------------------
🌡️  Temperature: 25.7°C (Normal)
💧 Humidity: 52.7% (Normal)
🔥 CO Level: 1661.9 ppm | Voltage: 0.587V | Rs: 75.12kΩ
   ⚠️  REMINDER: Calibrate R0 in clean air for accurate readings
📍 GPS: No data (check wiring or wait for warm-up)
🎤 Audio: LOW-RISK (not sent in reading packet)
============================================================

📡 LoRa JSON Packet Ready: {'type': 'reading', 'nodeID': 1, 'temp': 25.7, 'humidity': 52.7, 'co_ppm': 1661.9, 'latitude': None, 'longitude': None, 'altitude': None, 'gps_fix': False}
   JSON bytes len: 138 hex: 7b2274797065223a2272656164696e67222c226e6f64654944223a312c2274656d70223a32352e372c2268756d6964697479223a35322e372c22636f5f70706d223a313636312e392c226c61746974756465223a6e756c6c2c226c6f6e676974756465223a6e756c6c2c22616c746974756465223a6e756c6c2c226770735f666978223a66616c73657d
--- Sending ABP Packet (FCnt=4) ---
  Encrypted payload len: 138
  Encrypted payload (hex): d77e590b34218799a87db5fcbfcc4962c621cc5c75f3ba6f97a3851dfd7ff46c72510ec44e4e700070caacff25322abf11f3f372778cdc28d153704bda6c6ceaeb5cb271d76ebf91a992fc25e6aa8389afd6e9ba8f6e43719d43d7190d545fb8eb6888bbcd8cca552456c3aa981cebfa421dbb5282bd899cc1709c31e1d6a84e17f2dbd455ffc1ce6811
  Payload: 7b2274797065223a2272656164696e67222c226e6f64654944223a312c2274656d70223a32352e372c2268756d6964697479223a35322e372c22636f5f70706d223a313636312e392c226c61746974756465223a6e756c6c2c226c6f6e676974756465223a6e756c6c2c22616c746974756465223a6e756c6c2c226770735f666978223a66616c73657d
  PHY Pkt: 406b27600000040001d77e590b34218799a87db5fcbfcc4962c621cc5c75f3ba6f97a3851dfd7ff46c72510ec44e4e700070caacff25322abf11f3f372778cdc28d153704bda6c6ceaeb5cb271d76ebf91a992fc25e6aa8389afd6e9ba8f6e43719d43d7190d545fb8eb6888bbcd8cca552456c3aa981cebfa421dbb5282bd899cc1709c31e1d6a84e17f2dbd455ffc1ce6811211f6b6f
  PHY payload len: 151 type: <class 'bytes'>
  lora.write used: list
→ Packet SENT
[AUDIO] Recording saved: ../recordings/clip_20251118_092747.wav
[AUDIO] ⚠️  Classification model not yet integrated - returning placeholder

============================================================
Timestamp: 2025-11-18 09:27:52
------------------------------------------------------------
🌡️  Temperature: 25.8°C (Normal)
💧 Humidity: 51.2% (Normal)
🔥 CO Level: 1661.3 ppm | Voltage: 0.587V | Rs: 75.14kΩ
   ⚠️  REMINDER: Calibrate R0 in clean air for accurate readings
📍 GPS: No data (check wiring or wait for warm-up)
🎤 Audio: LOW-RISK (not sent in reading packet)
============================================================

📡 LoRa JSON Packet Ready: {'type': 'reading', 'nodeID': 1, 'temp': 25.8, 'humidity': 51.2, 'co_ppm': 1661.3, 'latitude': None, 'longitude': None, 'altitude': None, 'gps_fix': False}
   JSON bytes len: 138 hex: 7b2274797065223a2272656164696e67222c226e6f64654944223a312c2274656d70223a32352e382c2268756d6964697479223a35312e322c22636f5f70706d223a313636312e332c226c61746974756465223a6e756c6c2c226c6f6e676974756465223a6e756c6c2c22616c746974756465223a6e756c6c2c226770735f666978223a66616c73657d
--- Sending ABP Packet (FCnt=5) ---
  Encrypted payload len: 138
  Encrypted payload (hex): 0c192e2df261959034503b234455bb08e74fc9ee348461411feaca0e32dabdc5b7983ee45eaddeeaff4d47a20aab0e8b1cc2b235ffd231dd0acb2999f7f7aae91f713556e890e9158e6e11ea9e30be628e351fe6f3a580387d8172664b950fbac93d1933c6539751199120f736bd7558ac555e03592723536c7a22c6bca282640ee08cf25c04642191b7
  Payload: 7b2274797065223a2272656164696e67222c226e6f64654944223a312c2274656d70223a32352e382c2268756d6964697479223a35312e322c22636f5f70706d223a313636312e332c226c61746974756465223a6e756c6c2c226c6f6e676974756465223a6e756c6c2c22616c746974756465223a6e756c6c2c226770735f666978223a66616c73657d
  PHY Pkt: 406b276000000500010c192e2df261959034503b234455bb08e74fc9ee348461411feaca0e32dabdc5b7983ee45eaddeeaff4d47a20aab0e8b1cc2b235ffd231dd0acb2999f7f7aae91f713556e890e9158e6e11ea9e30be628e351fe6f3a580387d8172664b950fbac93d1933c6539751199120f736bd7558ac555e03592723536c7a22c6bca282640ee08cf25c04642191b7d284066d
  PHY payload len: 151 type: <class 'bytes'>
  lora.write used: list
→ Packet SENT
[AUDIO] Recording saved: ../recordings/clip_20251118_092850.wav
[AUDIO] ⚠️  Classification model not yet integrated - returning placeholder

============================================================
Timestamp: 2025-11-18 09:28:55
------------------------------------------------------------
🌡️  Temperature: 25.8°C (Normal)
💧 Humidity: 51.2% (Normal)
🔥 CO Level: 1656.5 ppm | Voltage: 0.586V | Rs: 75.29kΩ
   ⚠️  REMINDER: Calibrate R0 in clean air for accurate readings
📍 GPS: No data (check wiring or wait for warm-up)
🎤 Audio: LOW-RISK (not sent in reading packet)
============================================================

📡 LoRa JSON Packet Ready: {'type': 'reading', 'nodeID': 1, 'temp': 25.8, 'humidity': 51.2, 'co_ppm': 1656.5, 'latitude': None, 'longitude': None, 'altitude': None, 'gps_fix': False}
   JSON bytes len: 138 hex: 7b2274797065223a2272656164696e67222c226e6f64654944223a312c2274656d70223a32352e382c2268756d6964697479223a35312e322c22636f5f70706d223a313635362e352c226c61746974756465223a6e756c6c2c226c6f6e676974756465223a6e756c6c2c22616c746974756465223a6e756c6c2c226770735f666978223a66616c73657d
--- Sending ABP Packet (FCnt=6) ---
  Encrypted payload len: 138
  Encrypted payload (hex): 534921006a347555e12fe00a5d3b9da82931639968f58083df0e991374d0891239366e6c8423376958b03d5711179a9260a9cfb07d529881dfaaa24efb8e0e3dd1c268a930efe03db42cc04e8208c1274604a716f88ec216aefb4748b41885a9e870b4ad2d2e247f8d8359d51f399d109cf12f67a6154c112b812f8d616ebac5ee57e0e43aaf0a828d29
  Payload: 7b2274797065223a2272656164696e67222c226e6f64654944223a312c2274656d70223a32352e382c2268756d6964697479223a35312e322c22636f5f70706d223a313635362e352c226c61746974756465223a6e756c6c2c226c6f6e676974756465223a6e756c6c2c22616c746974756465223a6e756c6c2c226770735f666978223a66616c73657d
  PHY Pkt: 406b27600000060001534921006a347555e12fe00a5d3b9da82931639968f58083df0e991374d0891239366e6c8423376958b03d5711179a9260a9cfb07d529881dfaaa24efb8e0e3dd1c268a930efe03db42cc04e8208c1274604a716f88ec216aefb4748b41885a9e870b4ad2d2e247f8d8359d51f399d109cf12f67a6154c112b812f8d616ebac5ee57e0e43aaf0a828d294331a367
  PHY payload len: 151 type: <class 'bytes'>
  lora.write used: list
→ Packet SENT
[AUDIO] Recording saved: ../recordings/clip_20251118_092951.wav
[AUDIO] ⚠️  Classification model not yet integrated - returning placeholder

============================================================
Timestamp: 2025-11-18 09:29:56
------------------------------------------------------------
🌡️  Temperature: 26.2°C (Normal)
💧 Humidity: 50.3% (Normal)
🔥 CO Level: 1654.7 ppm | Voltage: 0.586V | Rs: 75.34kΩ
   ⚠️  REMINDER: Calibrate R0 in clean air for accurate readings
📍 GPS: No data (check wiring or wait for warm-up)
🎤 Audio: LOW-RISK (not sent in reading packet)
============================================================

📡 LoRa JSON Packet Ready: {'type': 'reading', 'nodeID': 1, 'temp': 26.2, 'humidity': 50.3, 'co_ppm': 1654.7, 'latitude': None, 'longitude': None, 'altitude': None, 'gps_fix': False}
   JSON bytes len: 138 hex: 7b2274797065223a2272656164696e67222c226e6f64654944223a312c2274656d70223a32362e322c2268756d6964697479223a35302e332c22636f5f70706d223a313635342e372c226c61746974756465223a6e756c6c2c226c6f6e676974756465223a6e756c6c2c22616c746974756465223a6e756c6c2c226770735f666978223a66616c73657d
--- Sending ABP Packet (FCnt=7) ---
  Encrypted payload len: 138
  Encrypted payload (hex): 2077d76223712dfc7a834e0722e56a7e851b80a3f59adf258a397541d09f869824e95e18bd95174564489693878076797978fe12355938c3452e953febf96dc9e078c07c92b282eedb7491d83cc1c435f07a886b33c719d8531fcb12dacbcbdfdf6ed05db99362fabc51c2e375a42f058c5f67a7ad79b216617da3293501102d0cbf91087a0e33c9f54f
  Payload: 7b2274797065223a2272656164696e67222c226e6f64654944223a312c2274656d70223a32362e322c2268756d6964697479223a35302e332c22636f5f70706d223a313635342e372c226c61746974756465223a6e756c6c2c226c6f6e676974756465223a6e756c6c2c22616c746974756465223a6e756c6c2c226770735f666978223a66616c73657d
  PHY Pkt: 406b276000000700012077d76223712dfc7a834e0722e56a7e851b80a3f59adf258a397541d09f869824e95e18bd95174564489693878076797978fe12355938c3452e953febf96dc9e078c07c92b282eedb7491d83cc1c435f07a886b33c719d8531fcb12dacbcbdfdf6ed05db99362fabc51c2e375a42f058c5f67a7ad79b216617da3293501102d0cbf91087a0e33c9f54f5f7c5966
  PHY payload len: 151 type: <class 'bytes'>
  lora.write used: list
→ Packet SENT
[AUDIO] Recording saved: ../recordings/clip_20251118_093053.wav
[AUDIO] ⚠️  Classification model not yet integrated - returning placeholder

============================================================
Timestamp: 2025-11-18 09:30:58
------------------------------------------------------------
🌡️  Temperature: 26.4°C (Normal)
💧 Humidity: 49.5% (Normal)
🔥 CO Level: 1651.1 ppm | Voltage: 0.585V | Rs: 75.45kΩ
   ⚠️  REMINDER: Calibrate R0 in clean air for accurate readings
📍 GPS: No data (check wiring or wait for warm-up)
🎤 Audio: LOW-RISK (not sent in reading packet)
============================================================

📡 LoRa JSON Packet Ready: {'type': 'reading', 'nodeID': 1, 'temp': 26.4, 'humidity': 49.5, 'co_ppm': 1651.1, 'latitude': None, 'longitude': None, 'altitude': None, 'gps_fix': False}
   JSON bytes len: 138 hex: 7b2274797065223a2272656164696e67222c226e6f64654944223a312c2274656d70223a32362e342c2268756d6964697479223a34392e352c22636f5f70706d223a313635312e312c226c61746974756465223a6e756c6c2c226c6f6e676974756465223a6e756c6c2c22616c746974756465223a6e756c6c2c226770735f666978223a66616c73657d
--- Sending ABP Packet (FCnt=8) ---
  Encrypted payload len: 138
  Encrypted payload (hex): 78dae22413ddd0555c3d8c3f1a36babb29d73d0286248097b01a382776a90cd366186ac9858e2fa053a989d27d6ccad75d022c73cad61c3a9ee2c9c8994fc124f3163c0cb75580909a595ef19d87ddce73b3c4796d84c24f516717cb1c891c63ee8d7fff71d131329c84642681f4d7c745ec3f35a818e20b54fc6f9ebfde7a973c1fcb593551b4647197
  Payload: 7b2274797065223a2272656164696e67222c226e6f64654944223a312c2274656d70223a32362e342c2268756d6964697479223a34392e352c22636f5f70706d223a313635312e312c226c61746974756465223a6e756c6c2c226c6f6e676974756465223a6e756c6c2c22616c746974756465223a6e756c6c2c226770735f666978223a66616c73657d
  PHY Pkt: 406b2760000008000178dae22413ddd0555c3d8c3f1a36babb29d73d0286248097b01a382776a90cd366186ac9858e2fa053a989d27d6ccad75d022c73cad61c3a9ee2c9c8994fc124f3163c0cb75580909a595ef19d87ddce73b3c4796d84c24f516717cb1c891c63ee8d7fff71d131329c84642681f4d7c745ec3f35a818e20b54fc6f9ebfde7a973c1fcb593551b4647197b437d6bd
  PHY payload len: 151 type: <class 'bytes'>
  lora.write used: list
→ Packet SENT
[AUDIO] Recording saved: ../recordings/clip_20251118_093155.wav
[AUDIO] ⚠️  Classification model not yet integrated - returning placeholder

============================================================
Timestamp: 2025-11-18 09:32:00
------------------------------------------------------------
🌡️  Temperature: 26.6°C (Normal)
💧 Humidity: 49.5% (Normal)
🔥 CO Level: 1656.5 ppm | Voltage: 0.586V | Rs: 75.29kΩ
   ⚠️  REMINDER: Calibrate R0 in clean air for accurate readings
📍 GPS: No data (check wiring or wait for warm-up)
🎤 Audio: LOW-RISK (not sent in reading packet)
============================================================

📡 LoRa JSON Packet Ready: {'type': 'reading', 'nodeID': 1, 'temp': 26.6, 'humidity': 49.5, 'co_ppm': 1656.5, 'latitude': None, 'longitude': None, 'altitude': None, 'gps_fix': False}
   JSON bytes len: 138 hex: 7b2274797065223a2272656164696e67222c226e6f64654944223a312c2274656d70223a32362e362c2268756d6964697479223a34392e352c22636f5f70706d223a313635362e352c226c61746974756465223a6e756c6c2c226c6f6e676974756465223a6e756c6c2c22616c746974756465223a6e756c6c2c226770735f666978223a66616c73657d
--- Sending ABP Packet (FCnt=9) ---
  Encrypted payload len: 138
  Encrypted payload (hex): 15aa1f22a8680f922f6257503caeb02ab9490872ac77ad42d8e74b79946bdefea8bd4b77ff5ed80e4c8d2c0e55c9ff8bb8b7d45f0acb33dfaee1f45b4da17bd4e7e5ca520a33985cc46f2bcc2879d65087e18d2535301735ef6f02d9f52c90d4a1b8d303e8a5710d63ef6de6c75d48220f5d3f3a96b9d9c44cddcb494f34afcbb8522678bcd9e8bbbd4d
  Payload: 7b2274797065223a2272656164696e67222c226e6f64654944223a312c2274656d70223a32362e362c2268756d6964697479223a34392e352c22636f5f70706d223a313635362e352c226c61746974756465223a6e756c6c2c226c6f6e676974756465223a6e756c6c2c22616c746974756465223a6e756c6c2c226770735f666978223a66616c73657d
  PHY Pkt: 406b2760000009000115aa1f22a8680f922f6257503caeb02ab9490872ac77ad42d8e74b79946bdefea8bd4b77ff5ed80e4c8d2c0e55c9ff8bb8b7d45f0acb33dfaee1f45b4da17bd4e7e5ca520a33985cc46f2bcc2879d65087e18d2535301735ef6f02d9f52c90d4a1b8d303e8a5710d63ef6de6c75d48220f5d3f3a96b9d9c44cddcb494f34afcbb8522678bcd9e8bbbd4d91d79747
  PHY payload len: 151 type: <class 'bytes'>
  lora.write used: list
→ Packet SENT
[AUDIO] Recording saved: ../recordings/clip_20251118_093258.wav
[AUDIO] ⚠️  Classification model not yet integrated - returning placeholder

============================================================
Timestamp: 2025-11-18 09:33:03
------------------------------------------------------------
🌡️  Temperature: 26.6°C (Normal)
💧 Humidity: 49.5% (Normal)
🔥 CO Level: 1654.7 ppm | Voltage: 0.586V | Rs: 75.34kΩ
   ⚠️  REMINDER: Calibrate R0 in clean air for accurate readings
📍 GPS: No data (check wiring or wait for warm-up)
🎤 Audio: LOW-RISK (not sent in reading packet)
============================================================

📡 LoRa JSON Packet Ready: {'type': 'reading', 'nodeID': 1, 'temp': 26.6, 'humidity': 49.5, 'co_ppm': 1654.7, 'latitude': None, 'longitude': None, 'altitude': None, 'gps_fix': False}
   JSON bytes len: 138 hex: 7b2274797065223a2272656164696e67222c226e6f64654944223a312c2274656d70223a32362e362c2268756d6964697479223a34392e352c22636f5f70706d223a313635342e372c226c61746974756465223a6e756c6c2c226c6f6e676974756465223a6e756c6c2c22616c746974756465223a6e756c6c2c226770735f666978223a66616c73657d
--- Sending ABP Packet (FCnt=10) ---
  Encrypted payload len: 138
  Encrypted payload (hex): 7f9e36441a77a76904ae6603282678d00a40adc8b3c59036228d7ed8947fe8f6c1d171ba0f38930fd52b8191abd9a4bc2e6db8c519c11d7c7b6a8a5795600fb9b8be491cfbc11a2da9b48ef243a52059447149a3adf6f9b72603257c8663de58e6cecd29c0f540decfaf08d66f8ea506fa9f77335bb627dded64aa95057502ffd63cf25cdd847571470e
  Payload: 7b2274797065223a2272656164696e67222c226e6f64654944223a312c2274656d70223a32362e362c2268756d6964697479223a34392e352c22636f5f70706d223a313635342e372c226c61746974756465223a6e756c6c2c226c6f6e676974756465223a6e756c6c2c22616c746974756465223a6e756c6c2c226770735f666978223a66616c73657d
  PHY Pkt: 406b276000000a00017f9e36441a77a76904ae6603282678d00a40adc8b3c59036228d7ed8947fe8f6c1d171ba0f38930fd52b8191abd9a4bc2e6db8c519c11d7c7b6a8a5795600fb9b8be491cfbc11a2da9b48ef243a52059447149a3adf6f9b72603257c8663de58e6cecd29c0f540decfaf08d66f8ea506fa9f77335bb627dded64aa95057502ffd63cf25cdd847571470eec931239
  PHY payload len: 151 type: <class 'bytes'>
  lora.write used: list
→ Packet SENT
[AUDIO] Recording saved: ../recordings/clip_20251118_093400.wav
[AUDIO] ⚠️  Classification model not yet integrated - returning placeholder

============================================================
Timestamp: 2025-11-18 09:34:05
------------------------------------------------------------
🌡️  Temperature: 26.6°C (Normal)
💧 Humidity: 49.5% (Normal)
🔥 CO Level: 1651.7 ppm | Voltage: 0.585V | Rs: 75.43kΩ
   ⚠️  REMINDER: Calibrate R0 in clean air for accurate readings
📍 GPS: No data (check wiring or wait for warm-up)
🎤 Audio: LOW-RISK (not sent in reading packet)
============================================================

📡 LoRa JSON Packet Ready: {'type': 'reading', 'nodeID': 1, 'temp': 26.6, 'humidity': 49.5, 'co_ppm': 1651.7, 'latitude': None, 'longitude': None, 'altitude': None, 'gps_fix': False}
   JSON bytes len: 138 hex: 7b2274797065223a2272656164696e67222c226e6f64654944223a312c2274656d70223a32362e362c2268756d6964697479223a34392e352c22636f5f70706d223a313635312e372c226c61746974756465223a6e756c6c2c226c6f6e676974756465223a6e756c6c2c22616c746974756465223a6e756c6c2c226770735f666978223a66616c73657d
--- Sending ABP Packet (FCnt=11) ---
  Encrypted payload len: 138
  Encrypted payload (hex): 2d8e2d7902ee10bb6b99e1ab140a061d11b2b12fb14a61b4f54a9a2022dc58227e16cc525907c5d14c5afdd439712ea076bc84e113b3a4f2ba38a6fc595e5095877995a4e01dc219e8122104154adb011c65508ceb4a5eee351e7f19627fc05445931b171c17c60ccc8d798bdc5b49c01c975a186f73607937db35f5c4ffb5284bf37f6b61f571ba3c8a
  Payload: 7b2274797065223a2272656164696e67222c226e6f64654944223a312c2274656d70223a32362e362c2268756d6964697479223a34392e352c22636f5f70706d223a313635312e372c226c61746974756465223a6e756c6c2c226c6f6e676974756465223a6e756c6c2c22616c746974756465223a6e756c6c2c226770735f666978223a66616c73657d
  PHY Pkt: 406b276000000b00012d8e2d7902ee10bb6b99e1ab140a061d11b2b12fb14a61b4f54a9a2022dc58227e16cc525907c5d14c5afdd439712ea076bc84e113b3a4f2ba38a6fc595e5095877995a4e01dc219e8122104154adb011c65508ceb4a5eee351e7f19627fc05445931b171c17c60ccc8d798bdc5b49c01c975a186f73607937db35f5c4ffb5284bf37f6b61f571ba3c8a6fe2a6aa
  PHY payload len: 151 type: <class 'bytes'>
  lora.write used: list
→ Packet SENT
[AUDIO] Recording saved: ../recordings/clip_20251118_093502.wav
[AUDIO] ⚠️  Classification model not yet integrated - returning placeholder

============================================================
Timestamp: 2025-11-18 09:35:07
------------------------------------------------------------
🌡️  Temperature: 26.6°C (Normal)
💧 Humidity: 49.5% (Normal)
🔥 CO Level: 1652.9 ppm | Voltage: 0.586V | Rs: 75.4kΩ
   ⚠️  REMINDER: Calibrate R0 in clean air for accurate readings
📍 GPS: No data (check wiring or wait for warm-up)
🎤 Audio: LOW-RISK (not sent in reading packet)
============================================================

📡 LoRa JSON Packet Ready: {'type': 'reading', 'nodeID': 1, 'temp': 26.6, 'humidity': 49.5, 'co_ppm': 1652.9, 'latitude': None, 'longitude': None, 'altitude': None, 'gps_fix': False}
   JSON bytes len: 138 hex: 7b2274797065223a2272656164696e67222c226e6f64654944223a312c2274656d70223a32362e362c2268756d6964697479223a34392e352c22636f5f70706d223a313635322e392c226c61746974756465223a6e756c6c2c226c6f6e676974756465223a6e756c6c2c22616c746974756465223a6e756c6c2c226770735f666978223a66616c73657d
--- Sending ABP Packet (FCnt=12) ---
  Encrypted payload len: 138
  Encrypted payload (hex): 0687d71516d349476ae4a3558416d81a38cded9b115dc614575781585d64c6543794f9dce077571b7d17eb9f9b9d22c458b4609269c784064cfc6b90aaf697648fdb461e284398a3d10e136e685b9156e0b4e1698942446c29079c38117ef878b9e95c27e5dd674a1c81fd5a488e80b00ced96ed049e497decf15ab499f11ce0e63de7e366ed46afa771
  Payload: 7b2274797065223a2272656164696e67222c226e6f64654944223a312c2274656d70223a32362e362c2268756d6964697479223a34392e352c22636f5f70706d223a313635322e392c226c61746974756465223a6e756c6c2c226c6f6e676974756465223a6e756c6c2c22616c746974756465223a6e756c6c2c226770735f666978223a66616c73657d
  PHY Pkt: 406b276000000c00010687d71516d349476ae4a3558416d81a38cded9b115dc614575781585d64c6543794f9dce077571b7d17eb9f9b9d22c458b4609269c784064cfc6b90aaf697648fdb461e284398a3d10e136e685b9156e0b4e1698942446c29079c38117ef878b9e95c27e5dd674a1c81fd5a488e80b00ced96ed049e497decf15ab499f11ce0e63de7e366ed46afa771488a6add
  PHY payload len: 151 type: <class 'bytes'>
  lora.write used: list
→ Packet SENT
[AUDIO] Recording saved: ../recordings/clip_20251118_093605.wav
[AUDIO] ⚠️  Classification model not yet integrated - returning placeholder

============================================================
Timestamp: 2025-11-18 09:36:10
------------------------------------------------------------
🌡️  Temperature: 26.6°C (Normal)
💧 Humidity: 49.5% (Normal)
🔥 CO Level: 1651.1 ppm | Voltage: 0.585V | Rs: 75.45kΩ
   ⚠️  REMINDER: Calibrate R0 in clean air for accurate readings
📍 GPS: No data (check wiring or wait for warm-up)
🎤 Audio: LOW-RISK (not sent in reading packet)
============================================================

📡 LoRa JSON Packet Ready: {'type': 'reading', 'nodeID': 1, 'temp': 26.6, 'humidity': 49.5, 'co_ppm': 1651.1, 'latitude': None, 'longitude': None, 'altitude': None, 'gps_fix': False}
   JSON bytes len: 138 hex: 7b2274797065223a2272656164696e67222c226e6f64654944223a312c2274656d70223a32362e362c2268756d6964697479223a34392e352c22636f5f70706d223a313635312e312c226c61746974756465223a6e756c6c2c226c6f6e676974756465223a6e756c6c2c22616c746974756465223a6e756c6c2c226770735f666978223a66616c73657d
--- Sending ABP Packet (FCnt=13) ---
  Encrypted payload len: 138
  Encrypted payload (hex): 30001aec99962fe9ee9e15550c8583d8fed67aafa06e60ae0ed8f80a11656529459aee23c927208d1b47bfd68774126d814201732bfdfb7e1ca57241f0e8877dd348450d238e7814d0b94d58d0913a98c36c2f00ec29d75b259daa3bcb220c91ead8a1f8efbb7463da8a0c04ddce8835660e581bf3650d0897cf6cea0f6d231b9b340bb9683e08566ba4
  Payload: 7b2274797065223a2272656164696e67222c226e6f64654944223a312c2274656d70223a32362e362c2268756d6964697479223a34392e352c22636f5f70706d223a313635312e312c226c61746974756465223a6e756c6c2c226c6f6e676974756465223a6e756c6c2c22616c746974756465223a6e756c6c2c226770735f666978223a66616c73657d
  PHY Pkt: 406b276000000d000130001aec99962fe9ee9e15550c8583d8fed67aafa06e60ae0ed8f80a11656529459aee23c927208d1b47bfd68774126d814201732bfdfb7e1ca57241f0e8877dd348450d238e7814d0b94d58d0913a98c36c2f00ec29d75b259daa3bcb220c91ead8a1f8efbb7463da8a0c04ddce8835660e581bf3650d0897cf6cea0f6d231b9b340bb9683e08566ba492fa0d35
  PHY payload len: 151 type: <class 'bytes'>
  lora.write used: list
→ Packet SENT
[AUDIO] Recording saved: ../recordings/clip_20251118_093707.wav
[AUDIO] ⚠️  Classification model not yet integrated - returning placeholder

============================================================
Timestamp: 2025-11-18 09:37:12
------------------------------------------------------------
🌡️  Temperature: 26.6°C (Normal)
💧 Humidity: 49.5% (Normal)
🔥 CO Level: 1647.5 ppm | Voltage: 0.584V | Rs: 75.56kΩ
   ⚠️  REMINDER: Calibrate R0 in clean air for accurate readings
📍 GPS: No data (check wiring or wait for warm-up)
🎤 Audio: LOW-RISK (not sent in reading packet)
============================================================

📡 LoRa JSON Packet Ready: {'type': 'reading', 'nodeID': 1, 'temp': 26.6, 'humidity': 49.5, 'co_ppm': 1647.5, 'latitude': None, 'longitude': None, 'altitude': None, 'gps_fix': False}
   JSON bytes len: 138 hex: 7b2274797065223a2272656164696e67222c226e6f64654944223a312c2274656d70223a32362e362c2268756d6964697479223a34392e352c22636f5f70706d223a313634372e352c226c61746974756465223a6e756c6c2c226c6f6e676974756465223a6e756c6c2c22616c746974756465223a6e756c6c2c226770735f666978223a66616c73657d
--- Sending ABP Packet (FCnt=14) ---
  Encrypted payload len: 138
  Encrypted payload (hex): 34a1842bd04bbcddb5f492d660b42201fb47eb19c7d07cb70a562ce7c759656520e1f9871e4a4be9f34b23a17d5c2ab0b1afe63ccc0bba68adf3abd06deb4d35db194f94637fc7728af4296c14f3c1b659ec9e0c0be839eb6a6140c131affa4ef97da9e7cd4427baea4c9308f14fcfaffbcacf30431aece7c8d9db35704348d4a5c880e901f2fc28626c
  Payload: 7b2274797065223a2272656164696e67222c226e6f64654944223a312c2274656d70223a32362e362c2268756d6964697479223a34392e352c22636f5f70706d223a313634372e352c226c61746974756465223a6e756c6c2c226c6f6e676974756465223a6e756c6c2c22616c746974756465223a6e756c6c2c226770735f666978223a66616c73657d
  PHY Pkt: 406b276000000e000134a1842bd04bbcddb5f492d660b42201fb47eb19c7d07cb70a562ce7c759656520e1f9871e4a4be9f34b23a17d5c2ab0b1afe63ccc0bba68adf3abd06deb4d35db194f94637fc7728af4296c14f3c1b659ec9e0c0be839eb6a6140c131affa4ef97da9e7cd4427baea4c9308f14fcfaffbcacf30431aece7c8d9db35704348d4a5c880e901f2fc28626cad2bf6d4
  PHY payload len: 151 type: <class 'bytes'>
  lora.write used: list
→ Packet SENT
[AUDIO] Recording saved: ../recordings/clip_20251118_093809.wav
[AUDIO] ⚠️  Classification model not yet integrated - returning placeholder

============================================================
Timestamp: 2025-11-18 09:38:14
------------------------------------------------------------
🌡️  Temperature: 26.6°C (Normal)
💧 Humidity: 49.5% (Normal)
🔥 CO Level: 1646.3 ppm | Voltage: 0.584V | Rs: 75.6kΩ
   ⚠️  REMINDER: Calibrate R0 in clean air for accurate readings
📍 GPS: No data (check wiring or wait for warm-up)
🎤 Audio: LOW-RISK (not sent in reading packet)
============================================================

📡 LoRa JSON Packet Ready: {'type': 'reading', 'nodeID': 1, 'temp': 26.6, 'humidity': 49.5, 'co_ppm': 1646.3, 'latitude': None, 'longitude': None, 'altitude': None, 'gps_fix': False}
   JSON bytes len: 138 hex: 7b2274797065223a2272656164696e67222c226e6f64654944223a312c2274656d70223a32362e362c2268756d6964697479223a34392e352c22636f5f70706d223a313634362e332c226c61746974756465223a6e756c6c2c226c6f6e676974756465223a6e756c6c2c22616c746974756465223a6e756c6c2c226770735f666978223a66616c73657d
--- Sending ABP Packet (FCnt=15) ---
  Encrypted payload len: 138
  Encrypted payload (hex): 135b8b6fa23dbfd98b121aca2df5dd2bc02063b1b6963896e2dc690031685d3b7b05c47dd66335790bf77d2c1a3ef46a776ecb685759d95e8601c7c1017b1b05b35ea48b319db7e13715aca5347b6348afa41acbea21afd02bfc4d7bc3c42e6c48b358e30e706c86fbd2da44eada58cc9ea128b346a6970a522711436bd08f019ad4e820e7f8f1c36d7a
  Payload: 7b2274797065223a2272656164696e67222c226e6f64654944223a312c2274656d70223a32362e362c2268756d6964697479223a34392e352c22636f5f70706d223a313634362e332c226c61746974756465223a6e756c6c2c226c6f6e676974756465223a6e756c6c2c22616c746974756465223a6e756c6c2c226770735f666978223a66616c73657d
  PHY Pkt: 406b276000000f0001135b8b6fa23dbfd98b121aca2df5dd2bc02063b1b6963896e2dc690031685d3b7b05c47dd66335790bf77d2c1a3ef46a776ecb685759d95e8601c7c1017b1b05b35ea48b319db7e13715aca5347b6348afa41acbea21afd02bfc4d7bc3c42e6c48b358e30e706c86fbd2da44eada58cc9ea128b346a6970a522711436bd08f019ad4e820e7f8f1c36d7a1fb4b907
  PHY payload len: 151 type: <class 'bytes'>
  lora.write used: list
→ Packet SENT
[AUDIO] Recording saved: ../recordings/clip_20251118_093911.wav
[AUDIO] ⚠️  Classification model not yet integrated - returning placeholder

============================================================
Timestamp: 2025-11-18 09:39:16
------------------------------------------------------------
🌡️  Temperature: 27.8°C (Normal)
💧 Humidity: 45.8% (Normal)
🔥 CO Level: 1648.1 ppm | Voltage: 0.585V | Rs: 75.54kΩ
   ⚠️  REMINDER: Calibrate R0 in clean air for accurate readings
📍 GPS: No data (check wiring or wait for warm-up)
🎤 Audio: LOW-RISK (not sent in reading packet)
============================================================

📡 LoRa JSON Packet Ready: {'type': 'reading', 'nodeID': 1, 'temp': 27.8, 'humidity': 45.8, 'co_ppm': 1648.1, 'latitude': None, 'longitude': None, 'altitude': None, 'gps_fix': False}
   JSON bytes len: 138 hex: 7b2274797065223a2272656164696e67222c226e6f64654944223a312c2274656d70223a32372e382c2268756d6964697479223a34352e382c22636f5f70706d223a313634382e312c226c61746974756465223a6e756c6c2c226c6f6e676974756465223a6e756c6c2c22616c746974756465223a6e756c6c2c226770735f666978223a66616c73657d
--- Sending ABP Packet (FCnt=16) ---
  Encrypted payload len: 138
  Encrypted payload (hex): a71b1e769de523761a99f326da52bce7b7ca0b03be2b8fdcfabf15c2cbe05d40899d7020a8d4b2ac0d80c927c1bd8b49f73ee85310967990e5c7b250f019c3426bf1f1de45e43029bcfba6435b780910f2bd4221b34a6cf90c1977cd532dd160ccfc2dee00d8e55c300cef0d40d5167539cc7a90fce0eaf1f6b69b3b31bbba7d8cda45b3459b1a750627
  Payload: 7b2274797065223a2272656164696e67222c226e6f64654944223a312c2274656d70223a32372e382c2268756d6964697479223a34352e382c22636f5f70706d223a313634382e312c226c61746974756465223a6e756c6c2c226c6f6e676974756465223a6e756c6c2c22616c746974756465223a6e756c6c2c226770735f666978223a66616c73657d
  PHY Pkt: 406b27600000100001a71b1e769de523761a99f326da52bce7b7ca0b03be2b8fdcfabf15c2cbe05d40899d7020a8d4b2ac0d80c927c1bd8b49f73ee85310967990e5c7b250f019c3426bf1f1de45e43029bcfba6435b780910f2bd4221b34a6cf90c1977cd532dd160ccfc2dee00d8e55c300cef0d40d5167539cc7a90fce0eaf1f6b69b3b31bbba7d8cda45b3459b1a750627e6834e47
  PHY payload len: 151 type: <class 'bytes'>
  lora.write used: list
→ Packet SENT
[AUDIO] Recording saved: ../recordings/clip_20251118_094013.wav
[AUDIO] ⚠️  Classification model not yet integrated - returning placeholder

============================================================
Timestamp: 2025-11-18 09:40:18
------------------------------------------------------------
🌡️  Temperature: 27.9°C (Normal)
💧 Humidity: 45.5% (Normal)
🔥 CO Level: 1645.1 ppm | Voltage: 0.584V | Rs: 75.63kΩ
   ⚠️  REMINDER: Calibrate R0 in clean air for accurate readings
📍 GPS: No data (check wiring or wait for warm-up)
🎤 Audio: LOW-RISK (not sent in reading packet)
============================================================

📡 LoRa JSON Packet Ready: {'type': 'reading', 'nodeID': 1, 'temp': 27.9, 'humidity': 45.5, 'co_ppm': 1645.1, 'latitude': None, 'longitude': None, 'altitude': None, 'gps_fix': False}
   JSON bytes len: 138 hex: 7b2274797065223a2272656164696e67222c226e6f64654944223a312c2274656d70223a32372e392c2268756d6964697479223a34352e352c22636f5f70706d223a313634352e312c226c61746974756465223a6e756c6c2c226c6f6e676974756465223a6e756c6c2c22616c746974756465223a6e756c6c2c226770735f666978223a66616c73657d
--- Sending ABP Packet (FCnt=17) ---
  Encrypted payload len: 138
  Encrypted payload (hex): 1a1d1bfa6cea134441c2a6856421a00d44d0245d10a18118434273464b1c7ba8472562e0498a8cdb010fd6a963289976e8c984e6d4b9ffdb2d6f58f33e79a684b3d7943fe00940858a7eb32f3d96046c08468b112043751201928e048cd17bf4666a5bfba8f08d00da76d8c5fea2140f5de26e94a61d2cd1fdfbe68079644c645b40e513ab7290de25d6
  Payload: 7b2274797065223a2272656164696e67222c226e6f64654944223a312c2274656d70223a32372e392c2268756d6964697479223a34352e352c22636f5f70706d223a313634352e312c226c61746974756465223a6e756c6c2c226c6f6e676974756465223a6e756c6c2c22616c746974756465223a6e756c6c2c226770735f666978223a66616c73657d
  PHY Pkt: 406b276000001100011a1d1bfa6cea134441c2a6856421a00d44d0245d10a18118434273464b1c7ba8472562e0498a8cdb010fd6a963289976e8c984e6d4b9ffdb2d6f58f33e79a684b3d7943fe00940858a7eb32f3d96046c08468b112043751201928e048cd17bf4666a5bfba8f08d00da76d8c5fea2140f5de26e94a61d2cd1fdfbe68079644c645b40e513ab7290de25d6de30e05e
  PHY payload len: 151 type: <class 'bytes'>
  lora.write used: list
→ Packet SENT
[AUDIO] Recording saved: ../recordings/clip_20251118_094115.wav
[AUDIO] ⚠️  Classification model not yet integrated - returning placeholder

============================================================
Timestamp: 2025-11-18 09:41:20
------------------------------------------------------------
🌡️  Temperature: 28.1°C (Normal)
💧 Humidity: 45.3% (Normal)
🔥 CO Level: 1642.7 ppm | Voltage: 0.583V | Rs: 75.71kΩ
   ⚠️  REMINDER: Calibrate R0 in clean air for accurate readings
📍 GPS: No data (check wiring or wait for warm-up)
🎤 Audio: LOW-RISK (not sent in reading packet)
============================================================

📡 LoRa JSON Packet Ready: {'type': 'reading', 'nodeID': 1, 'temp': 28.1, 'humidity': 45.3, 'co_ppm': 1642.7, 'latitude': None, 'longitude': None, 'altitude': None, 'gps_fix': False}
   JSON bytes len: 138 hex: 7b2274797065223a2272656164696e67222c226e6f64654944223a312c2274656d70223a32382e312c2268756d6964697479223a34352e332c22636f5f70706d223a313634322e372c226c61746974756465223a6e756c6c2c226c6f6e676974756465223a6e756c6c2c22616c746974756465223a6e756c6c2c226770735f666978223a66616c73657d
--- Sending ABP Packet (FCnt=18) ---
  Encrypted payload len: 138
  Encrypted payload (hex): 1394eae827266c3f2ddbe72887b4e9fdb4a8e2087c168201de8dd4906da467969a544263c433ffa8feb3e6b5d08ff06f23dfa4a5822fc36398f5f84730f6f1e5590664a688c21338cc2f8c51e6e3b7be89aefc46b125331fe7ca74a4160840217aaf6994919f78a9a0274378033b1fe8fda89b59ab8fe302b79be1eeee11f2cdae2bf5b48599e0e59563
  Payload: 7b2274797065223a2272656164696e67222c226e6f64654944223a312c2274656d70223a32382e312c2268756d6964697479223a34352e332c22636f5f70706d223a313634322e372c226c61746974756465223a6e756c6c2c226c6f6e676974756465223a6e756c6c2c22616c746974756465223a6e756c6c2c226770735f666978223a66616c73657d
  PHY Pkt: 406b276000001200011394eae827266c3f2ddbe72887b4e9fdb4a8e2087c168201de8dd4906da467969a544263c433ffa8feb3e6b5d08ff06f23dfa4a5822fc36398f5f84730f6f1e5590664a688c21338cc2f8c51e6e3b7be89aefc46b125331fe7ca74a4160840217aaf6994919f78a9a0274378033b1fe8fda89b59ab8fe302b79be1eeee11f2cdae2bf5b48599e0e59563717ed65b
  PHY payload len: 151 type: <class 'bytes'>
  lora.write used: list
→ Packet SENT
[AUDIO] Recording saved: ../recordings/clip_20251118_094217.wav
[AUDIO] ⚠️  Classification model not yet integrated - returning placeholder

============================================================
Timestamp: 2025-11-18 09:42:22
------------------------------------------------------------
🌡️  Temperature: 28.2°C (Normal)
💧 Humidity: 45.0% (Normal)
🔥 CO Level: 1647.5 ppm | Voltage: 0.584V | Rs: 75.56kΩ
   ⚠️  REMINDER: Calibrate R0 in clean air for accurate readings
📍 GPS: No data (check wiring or wait for warm-up)
🎤 Audio: LOW-RISK (not sent in reading packet)
============================================================

📡 LoRa JSON Packet Ready: {'type': 'reading', 'nodeID': 1, 'temp': 28.2, 'humidity': 45.0, 'co_ppm': 1647.5, 'latitude': None, 'longitude': None, 'altitude': None, 'gps_fix': False}
   JSON bytes len: 138 hex: 7b2274797065223a2272656164696e67222c226e6f64654944223a312c2274656d70223a32382e322c2268756d6964697479223a34352e302c22636f5f70706d223a313634372e352c226c61746974756465223a6e756c6c2c226c6f6e676974756465223a6e756c6c2c22616c746974756465223a6e756c6c2c226770735f666978223a66616c73657d
--- Sending ABP Packet (FCnt=19) ---
  Encrypted payload len: 138
  Encrypted payload (hex): 791e6782103847164abd05b357a6ffefaaf0465d9d342e9186913d155dc684f064742ed58326ef139f5c235f545d60ef5a0de9d94d4c7f26b68172c53f49452076228dad7277088ea589e9a96dc7731be8fca5c148faa99d890f00a9be4a65eaed039f84e465e2f03ffa861a7114d607f812f0401800e011fe00be213297e5e06084c96d0362413c85b4
  Payload: 7b2274797065223a2272656164696e67222c226e6f64654944223a312c2274656d70223a32382e322c2268756d6964697479223a34352e302c22636f5f70706d223a313634372e352c226c61746974756465223a6e756c6c2c226c6f6e676974756465223a6e756c6c2c22616c746974756465223a6e756c6c2c226770735f666978223a66616c73657d
  PHY Pkt: 406b27600000130001791e6782103847164abd05b357a6ffefaaf0465d9d342e9186913d155dc684f064742ed58326ef139f5c235f545d60ef5a0de9d94d4c7f26b68172c53f49452076228dad7277088ea589e9a96dc7731be8fca5c148faa99d890f00a9be4a65eaed039f84e465e2f03ffa861a7114d607f812f0401800e011fe00be213297e5e06084c96d0362413c85b4cc22e827
  PHY payload len: 151 type: <class 'bytes'>
  lora.write used: list
→ Packet SENT
[AUDIO] Recording saved: ../recordings/clip_20251118_094319.wav
[AUDIO] ⚠️  Classification model not yet integrated - returning placeholder

============================================================
Timestamp: 2025-11-18 09:43:24
------------------------------------------------------------
🌡️  Temperature: 28.2°C (Normal)
💧 Humidity: 45.0% (Normal)
🔥 CO Level: 1644.5 ppm | Voltage: 0.584V | Rs: 75.65kΩ
   ⚠️  REMINDER: Calibrate R0 in clean air for accurate readings
📍 GPS: No data (check wiring or wait for warm-up)
🎤 Audio: LOW-RISK (not sent in reading packet)
============================================================

📡 LoRa JSON Packet Ready: {'type': 'reading', 'nodeID': 1, 'temp': 28.2, 'humidity': 45.0, 'co_ppm': 1644.5, 'latitude': None, 'longitude': None, 'altitude': None, 'gps_fix': False}
   JSON bytes len: 138 hex: 7b2274797065223a2272656164696e67222c226e6f64654944223a312c2274656d70223a32382e322c2268756d6964697479223a34352e302c22636f5f70706d223a313634342e352c226c61746974756465223a6e756c6c2c226c6f6e676974756465223a6e756c6c2c22616c746974756465223a6e756c6c2c226770735f666978223a66616c73657d
--- Sending ABP Packet (FCnt=20) ---
  Encrypted payload len: 138
  Encrypted payload (hex): 86be5eed20bbd05d0d5ca207684672d35939e420f573ed1bcc92dcd08240f54a529958ecda1c9ec0795e8cf7551b106566a64a25fc3af3611f3c5b5dae406f50106066ed171bf0cdc1351d7161d3701f30c42f46de9e91478c63fdf494d57d0de28ab5903cb9dd539603b944f02e3246e926405f13d22b8d3982e3a9965dec93d5db2e182986c853c6d6
  Payload: 7b2274797065223a2272656164696e67222c226e6f64654944223a312c2274656d70223a32382e322c2268756d6964697479223a34352e302c22636f5f70706d223a313634342e352c226c61746974756465223a6e756c6c2c226c6f6e676974756465223a6e756c6c2c22616c746974756465223a6e756c6c2c226770735f666978223a66616c73657d
  PHY Pkt: 406b2760000014000186be5eed20bbd05d0d5ca207684672d35939e420f573ed1bcc92dcd08240f54a529958ecda1c9ec0795e8cf7551b106566a64a25fc3af3611f3c5b5dae406f50106066ed171bf0cdc1351d7161d3701f30c42f46de9e91478c63fdf494d57d0de28ab5903cb9dd539603b944f02e3246e926405f13d22b8d3982e3a9965dec93d5db2e182986c853c6d6f2226f93
  PHY payload len: 151 type: <class 'bytes'>
  lora.write used: list
→ Packet SENT
[AUDIO] Recording saved: ../recordings/clip_20251118_094422.wav
[AUDIO] ⚠️  Classification model not yet integrated - returning placeholder

============================================================
Timestamp: 2025-11-18 09:44:27
------------------------------------------------------------
🌡️  Temperature: 28.2°C (Normal)
💧 Humidity: 45.0% (Normal)
🔥 CO Level: 1646.3 ppm | Voltage: 0.584V | Rs: 75.6kΩ
   ⚠️  REMINDER: Calibrate R0 in clean air for accurate readings
📍 GPS: No data (check wiring or wait for warm-up)
🎤 Audio: LOW-RISK (not sent in reading packet)
============================================================

📡 LoRa JSON Packet Ready: {'type': 'reading', 'nodeID': 1, 'temp': 28.2, 'humidity': 45.0, 'co_ppm': 1646.3, 'latitude': None, 'longitude': None, 'altitude': None, 'gps_fix': False}
   JSON bytes len: 138 hex: 7b2274797065223a2272656164696e67222c226e6f64654944223a312c2274656d70223a32382e322c2268756d6964697479223a34352e302c22636f5f70706d223a313634362e332c226c61746974756465223a6e756c6c2c226c6f6e676974756465223a6e756c6c2c22616c746974756465223a6e756c6c2c226770735f666978223a66616c73657d
--- Sending ABP Packet (FCnt=21) ---
  Encrypted payload len: 138
  Encrypted payload (hex): 8e4c346c7e5b0c33a807a7398179e59e40406c902e049ae83701ee283b08af5e357f0a3c5d073ac3a8a5c147240d8a13838ff879d50ded953bba75946ffa4a2a5c37051859bffaf2f10dca26c60022b3244a64d9d51cb3367e633851d1f5aa003f2a6a0a4e8229098920632ff942a5149178a89db0dcbd655d3dbcad2eecf703a6879802308435da345f
  Payload: 7b2274797065223a2272656164696e67222c226e6f64654944223a312c2274656d70223a32382e322c2268756d6964697479223a34352e302c22636f5f70706d223a313634362e332c226c61746974756465223a6e756c6c2c226c6f6e676974756465223a6e756c6c2c22616c746974756465223a6e756c6c2c226770735f666978223a66616c73657d
  PHY Pkt: 406b276000001500018e4c346c7e5b0c33a807a7398179e59e40406c902e049ae83701ee283b08af5e357f0a3c5d073ac3a8a5c147240d8a13838ff879d50ded953bba75946ffa4a2a5c37051859bffaf2f10dca26c60022b3244a64d9d51cb3367e633851d1f5aa003f2a6a0a4e8229098920632ff942a5149178a89db0dcbd655d3dbcad2eecf703a6879802308435da345fc8a3515f
  PHY payload len: 151 type: <class 'bytes'>
  lora.write used: list
→ Packet SENT
[AUDIO] Recording saved: ../recordings/clip_20251118_094524.wav
[AUDIO] ⚠️  Classification model not yet integrated - returning placeholder

============================================================
Timestamp: 2025-11-18 09:45:29
------------------------------------------------------------
🌡️  Temperature: 28.4°C (Normal)
💧 Humidity: 44.3% (Normal)
🔥 CO Level: 1646.3 ppm | Voltage: 0.584V | Rs: 75.6kΩ
   ⚠️  REMINDER: Calibrate R0 in clean air for accurate readings
📍 GPS: No data (check wiring or wait for warm-up)
🎤 Audio: LOW-RISK (not sent in reading packet)
============================================================

📡 LoRa JSON Packet Ready: {'type': 'reading', 'nodeID': 1, 'temp': 28.4, 'humidity': 44.3, 'co_ppm': 1646.3, 'latitude': None, 'longitude': None, 'altitude': None, 'gps_fix': False}
   JSON bytes len: 138 hex: 7b2274797065223a2272656164696e67222c226e6f64654944223a312c2274656d70223a32382e342c2268756d6964697479223a34342e332c22636f5f70706d223a313634362e332c226c61746974756465223a6e756c6c2c226c6f6e676974756465223a6e756c6c2c22616c746974756465223a6e756c6c2c226770735f666978223a66616c73657d
--- Sending ABP Packet (FCnt=22) ---
  Encrypted payload len: 138
  Encrypted payload (hex): 5e23c2f0593d5a856721ae9630f06fe7368c4c7a939d2723a180ae5001ad039d46c19e7a618bf6528dfe9db09b99f23a4955cd7709c0b3b34c580137687413b5d13ba62b6739c42982917ad365a26b11370ad2440cd41799e47f81ec56c1d5fbabe44ae7d73afd28e066cc08f10c9c4d0e9a7639804557ff9c7c1b058741ebe4ebae487e2deb8c275369
  Payload: 7b2274797065223a2272656164696e67222c226e6f64654944223a312c2274656d70223a32382e342c2268756d6964697479223a34342e332c22636f5f70706d223a313634362e332c226c61746974756465223a6e756c6c2c226c6f6e676974756465223a6e756c6c2c22616c746974756465223a6e756c6c2c226770735f666978223a66616c73657d
  PHY Pkt: 406b276000001600015e23c2f0593d5a856721ae9630f06fe7368c4c7a939d2723a180ae5001ad039d46c19e7a618bf6528dfe9db09b99f23a4955cd7709c0b3b34c580137687413b5d13ba62b6739c42982917ad365a26b11370ad2440cd41799e47f81ec56c1d5fbabe44ae7d73afd28e066cc08f10c9c4d0e9a7639804557ff9c7c1b058741ebe4ebae487e2deb8c2753698f707e7a
  PHY payload len: 151 type: <class 'bytes'>
  lora.write used: list
→ Packet SENT
[AUDIO] Recording saved: ../recordings/clip_20251118_094626.wav
[AUDIO] ⚠️  Classification model not yet integrated - returning placeholder

============================================================
Timestamp: 2025-11-18 09:46:31
------------------------------------------------------------
🌡️  Temperature: 28.4°C (Normal)
💧 Humidity: 44.3% (Normal)
🔥 CO Level: 1643.3 ppm | Voltage: 0.584V | Rs: 75.69kΩ
   ⚠️  REMINDER: Calibrate R0 in clean air for accurate readings
📍 GPS: No data (check wiring or wait for warm-up)
🎤 Audio: LOW-RISK (not sent in reading packet)
============================================================

📡 LoRa JSON Packet Ready: {'type': 'reading', 'nodeID': 1, 'temp': 28.4, 'humidity': 44.3, 'co_ppm': 1643.3, 'latitude': None, 'longitude': None, 'altitude': None, 'gps_fix': False}
   JSON bytes len: 138 hex: 7b2274797065223a2272656164696e67222c226e6f64654944223a312c2274656d70223a32382e342c2268756d6964697479223a34342e332c22636f5f70706d223a313634332e332c226c61746974756465223a6e756c6c2c226c6f6e676974756465223a6e756c6c2c22616c746974756465223a6e756c6c2c226770735f666978223a66616c73657d
--- Sending ABP Packet (FCnt=23) ---
  Encrypted payload len: 138
  Encrypted payload (hex): b781b6252e2df9e6a0e82be9d8097e9c4e91e992d0f5ac3054ae16b88c5953b54b812a43cfa3a526ca0af0cb1f3b10eca6f9b4e87ae764386cf451c745b12d878307d2975e8ae948d099c08897783458a1248dcefb50fd49369907761f0a18f4408923e521512d6b54b33f17c53673bb611cd7b53d700b92a9e04cac3bbe3e8db52a61e9f9625db33c37
  Payload: 7b2274797065223a2272656164696e67222c226e6f64654944223a312c2274656d70223a32382e342c2268756d6964697479223a34342e332c22636f5f70706d223a313634332e332c226c61746974756465223a6e756c6c2c226c6f6e676974756465223a6e756c6c2c22616c746974756465223a6e756c6c2c226770735f666978223a66616c73657d
  PHY Pkt: 406b27600000170001b781b6252e2df9e6a0e82be9d8097e9c4e91e992d0f5ac3054ae16b88c5953b54b812a43cfa3a526ca0af0cb1f3b10eca6f9b4e87ae764386cf451c745b12d878307d2975e8ae948d099c08897783458a1248dcefb50fd49369907761f0a18f4408923e521512d6b54b33f17c53673bb611cd7b53d700b92a9e04cac3bbe3e8db52a61e9f9625db33c37cb8a8472
  PHY payload len: 151 type: <class 'bytes'>
  lora.write used: list
→ Packet SENT
[AUDIO] Recording saved: ../recordings/clip_20251118_094728.wav
[AUDIO] ⚠️  Classification model not yet integrated - returning placeholder

============================================================
Timestamp: 2025-11-18 09:47:33
------------------------------------------------------------
🌡️  Temperature: 28.4°C (Normal)
💧 Humidity: 44.3% (Normal)
🔥 CO Level: 1643.3 ppm | Voltage: 0.584V | Rs: 75.69kΩ
   ⚠️  REMINDER: Calibrate R0 in clean air for accurate readings
📍 GPS: No data (check wiring or wait for warm-up)
🎤 Audio: LOW-RISK (not sent in reading packet)
============================================================

📡 LoRa JSON Packet Ready: {'type': 'reading', 'nodeID': 1, 'temp': 28.4, 'humidity': 44.3, 'co_ppm': 1643.3, 'latitude': None, 'longitude': None, 'altitude': None, 'gps_fix': False}
   JSON bytes len: 138 hex: 7b2274797065223a2272656164696e67222c226e6f64654944223a312c2274656d70223a32382e342c2268756d6964697479223a34342e332c22636f5f70706d223a313634332e332c226c61746974756465223a6e756c6c2c226c6f6e676974756465223a6e756c6c2c22616c746974756465223a6e756c6c2c226770735f666978223a66616c73657d
[LoRa][WARN] ⚠️  Payload appears identical to last packet!
--- Sending ABP Packet (FCnt=24) ---
  Encrypted payload len: 138
  Encrypted payload (hex): 15ddf6cbc3410ca78ca470276b7ad7bceca7b75fb57cd5dc8598eb9333e436fd353395e0fcc7173c0482db5c1cec6e682b7558d41943b3c8070aab7e2e0826ca0d83c8b07d5ad33367838df6d91377afe6ded86bd104e6de4507bde5c22e7b9c6d95df398b195e080774f9afe03c67e69e8a964bc5bf7f2df9b81907a18088decc847529fc09dd84f3e9
  Payload: 7b2274797065223a2272656164696e67222c226e6f64654944223a312c2274656d70223a32382e342c2268756d6964697479223a34342e332c22636f5f70706d223a313634332e332c226c61746974756465223a6e756c6c2c226c6f6e676974756465223a6e756c6c2c22616c746974756465223a6e756c6c2c226770735f666978223a66616c73657d
  PHY Pkt: 406b2760000018000115ddf6cbc3410ca78ca470276b7ad7bceca7b75fb57cd5dc8598eb9333e436fd353395e0fcc7173c0482db5c1cec6e682b7558d41943b3c8070aab7e2e0826ca0d83c8b07d5ad33367838df6d91377afe6ded86bd104e6de4507bde5c22e7b9c6d95df398b195e080774f9afe03c67e69e8a964bc5bf7f2df9b81907a18088decc847529fc09dd84f3e914db4503
  PHY payload len: 151 type: <class 'bytes'>
  lora.write used: list
→ Packet SENT
[AUDIO] Recording saved: ../recordings/clip_20251118_094831.wav
[AUDIO] ⚠️  Classification model not yet integrated - returning placeholder

============================================================
Timestamp: 2025-11-18 09:48:36
------------------------------------------------------------
🌡️  Temperature: 28.4°C (Normal)
💧 Humidity: 44.3% (Normal)
🔥 CO Level: 1639.7 ppm | Voltage: 0.583V | Rs: 75.8kΩ
   ⚠️  REMINDER: Calibrate R0 in clean air for accurate readings
📍 GPS: No data (check wiring or wait for warm-up)
🎤 Audio: LOW-RISK (not sent in reading packet)
============================================================

📡 LoRa JSON Packet Ready: {'type': 'reading', 'nodeID': 1, 'temp': 28.4, 'humidity': 44.3, 'co_ppm': 1639.7, 'latitude': None, 'longitude': None, 'altitude': None, 'gps_fix': False}
   JSON bytes len: 138 hex: 7b2274797065223a2272656164696e67222c226e6f64654944223a312c2274656d70223a32382e342c2268756d6964697479223a34342e332c22636f5f70706d223a313633392e372c226c61746974756465223a6e756c6c2c226c6f6e676974756465223a6e756c6c2c22616c746974756465223a6e756c6c2c226770735f666978223a66616c73657d
--- Sending ABP Packet (FCnt=25) ---
  Encrypted payload len: 138
  Encrypted payload (hex): b7f4cfb5657755c9da32c1100b64ab2b5006ce71a9312be96728625ca82d1d5b669baded3a422a2a14ee487b22d7dcf758593d74631d9c08943ecc42b0627698f91146eb149a9dd7ce9b40a02781095d8d5daa911fa820057ccbeca84864eabe00ab1da17a48254f01a4326bae9dc8cf5bfebb082e8f574b9f359c584f91de99085931fa370585bdab1f
  Payload: 7b2274797065223a2272656164696e67222c226e6f64654944223a312c2274656d70223a32382e342c2268756d6964697479223a34342e332c22636f5f70706d223a313633392e372c226c61746974756465223a6e756c6c2c226c6f6e676974756465223a6e756c6c2c22616c746974756465223a6e756c6c2c226770735f666978223a66616c73657d
  PHY Pkt: 406b27600000190001b7f4cfb5657755c9da32c1100b64ab2b5006ce71a9312be96728625ca82d1d5b669baded3a422a2a14ee487b22d7dcf758593d74631d9c08943ecc42b0627698f91146eb149a9dd7ce9b40a02781095d8d5daa911fa820057ccbeca84864eabe00ab1da17a48254f01a4326bae9dc8cf5bfebb082e8f574b9f359c584f91de99085931fa370585bdab1fecde6247
  PHY payload len: 151 type: <class 'bytes'>
  lora.write used: list
→ Packet SENT
[AUDIO] Recording saved: ../recordings/clip_20251118_094933.wav
[AUDIO] ⚠️  Classification model not yet integrated - returning placeholder

============================================================
Timestamp: 2025-11-18 09:49:38
------------------------------------------------------------
🌡️  Temperature: 28.6°C (Normal)
💧 Humidity: 43.9% (Normal)
🔥 CO Level: 1644.5 ppm | Voltage: 0.584V | Rs: 75.65kΩ
   ⚠️  REMINDER: Calibrate R0 in clean air for accurate readings
📍 GPS: No data (check wiring or wait for warm-up)
🎤 Audio: LOW-RISK (not sent in reading packet)
============================================================

📡 LoRa JSON Packet Ready: {'type': 'reading', 'nodeID': 1, 'temp': 28.6, 'humidity': 43.9, 'co_ppm': 1644.5, 'latitude': None, 'longitude': None, 'altitude': None, 'gps_fix': False}
   JSON bytes len: 138 hex: 7b2274797065223a2272656164696e67222c226e6f64654944223a312c2274656d70223a32382e362c2268756d6964697479223a34332e392c22636f5f70706d223a313634342e352c226c61746974756465223a6e756c6c2c226c6f6e676974756465223a6e756c6c2c22616c746974756465223a6e756c6c2c226770735f666978223a66616c73657d
--- Sending ABP Packet (FCnt=26) ---
  Encrypted payload len: 138
  Encrypted payload (hex): 02a0d156011e682f5ad6fb4b1a9d3de41bf9285966d069aea125904e282bf9c993b54c4268d736d03fdd21832eef1cea1f82bc35082aa36ad472c0a66c461873980d599217b944fc0251ccda03cada8307b6871083a6edb9c90bbe9e32f0026fa0932ba2ee156a0bae20dff78450d85ed33b02f16f8325cbf2876d0b63419097184ee52549ea688251c5
  Payload: 7b2274797065223a2272656164696e67222c226e6f64654944223a312c2274656d70223a32382e362c2268756d6964697479223a34332e392c22636f5f70706d223a313634342e352c226c61746974756465223a6e756c6c2c226c6f6e676974756465223a6e756c6c2c22616c746974756465223a6e756c6c2c226770735f666978223a66616c73657d
  PHY Pkt: 406b276000001a000102a0d156011e682f5ad6fb4b1a9d3de41bf9285966d069aea125904e282bf9c993b54c4268d736d03fdd21832eef1cea1f82bc35082aa36ad472c0a66c461873980d599217b944fc0251ccda03cada8307b6871083a6edb9c90bbe9e32f0026fa0932ba2ee156a0bae20dff78450d85ed33b02f16f8325cbf2876d0b63419097184ee52549ea688251c5a4c26678
  PHY payload len: 151 type: <class 'bytes'>
  lora.write used: list
→ Packet SENT
[AUDIO] Recording saved: ../recordings/clip_20251118_095035.wav
[AUDIO] ⚠️  Classification model not yet integrated - returning placeholder

============================================================
Timestamp: 2025-11-18 09:50:40
------------------------------------------------------------
🌡️  Temperature: 28.6°C (Normal)
💧 Humidity: 43.9% (Normal)
🔥 CO Level: 1640.9 ppm | Voltage: 0.583V | Rs: 75.76kΩ
   ⚠️  REMINDER: Calibrate R0 in clean air for accurate readings
📍 GPS: No data (check wiring or wait for warm-up)
🎤 Audio: LOW-RISK (not sent in reading packet)
============================================================

📡 LoRa JSON Packet Ready: {'type': 'reading', 'nodeID': 1, 'temp': 28.6, 'humidity': 43.9, 'co_ppm': 1640.9, 'latitude': None, 'longitude': None, 'altitude': None, 'gps_fix': False}
   JSON bytes len: 138 hex: 7b2274797065223a2272656164696e67222c226e6f64654944223a312c2274656d70223a32382e362c2268756d6964697479223a34332e392c22636f5f70706d223a313634302e392c226c61746974756465223a6e756c6c2c226c6f6e676974756465223a6e756c6c2c22616c746974756465223a6e756c6c2c226770735f666978223a66616c73657d
--- Sending ABP Packet (FCnt=27) ---
  Encrypted payload len: 138
  Encrypted payload (hex): 35712fe1a1ade20051d938fd8911d1b6b77ea20c71c07543029fa9216c765c7b70bee5736b44c5b9229f0da7c67f0b5af9d7293713bc916a65e00ac51382843890226cd2acf09491c0ef00c5deae1695247f1526b1f64117477713ed1018a59bfa5a17569cc2280fee8d34e639ebc0bc3bca89a2486745b80d8cab5c7ff3374de23c75a2603b0a1b3b88
  Payload: 7b2274797065223a2272656164696e67222c226e6f64654944223a312c2274656d70223a32382e362c2268756d6964697479223a34332e392c22636f5f70706d223a313634302e392c226c61746974756465223a6e756c6c2c226c6f6e676974756465223a6e756c6c2c22616c746974756465223a6e756c6c2c226770735f666978223a66616c73657d
  PHY Pkt: 406b276000001b000135712fe1a1ade20051d938fd8911d1b6b77ea20c71c07543029fa9216c765c7b70bee5736b44c5b9229f0da7c67f0b5af9d7293713bc916a65e00ac51382843890226cd2acf09491c0ef00c5deae1695247f1526b1f64117477713ed1018a59bfa5a17569cc2280fee8d34e639ebc0bc3bca89a2486745b80d8cab5c7ff3374de23c75a2603b0a1b3b884e97eccd
  PHY payload len: 151 type: <class 'bytes'>
  lora.write used: list
→ Packet SENT
[AUDIO] Recording saved: ../recordings/clip_20251118_095137.wav
[AUDIO] ⚠️  Classification model not yet integrated - returning placeholder

============================================================
Timestamp: 2025-11-18 09:51:42
------------------------------------------------------------
🌡️  Temperature: 28.6°C (Normal)
💧 Humidity: 43.9% (Normal)
🔥 CO Level: 1637.9 ppm | Voltage: 0.582V | Rs: 75.86kΩ
   ⚠️  REMINDER: Calibrate R0 in clean air for accurate readings
📍 GPS: No data (check wiring or wait for warm-up)
🎤 Audio: LOW-RISK (not sent in reading packet)
============================================================

📡 LoRa JSON Packet Ready: {'type': 'reading', 'nodeID': 1, 'temp': 28.6, 'humidity': 43.9, 'co_ppm': 1637.9, 'latitude': None, 'longitude': None, 'altitude': None, 'gps_fix': False}
   JSON bytes len: 138 hex: 7b2274797065223a2272656164696e67222c226e6f64654944223a312c2274656d70223a32382e362c2268756d6964697479223a34332e392c22636f5f70706d223a313633372e392c226c61746974756465223a6e756c6c2c226c6f6e676974756465223a6e756c6c2c22616c746974756465223a6e756c6c2c226770735f666978223a66616c73657d
--- Sending ABP Packet (FCnt=28) ---
  Encrypted payload len: 138
  Encrypted payload (hex): ef9376d14745f7e4b3ab592f2f6582a114c072f92edd78bc7bf15fd2cf1cda133d075f11a062a368c52b593e6eff6a126aa9801ee3a03e07478f578fe1737a528ba66c3f3e082793402bff70cb64ef3600e1380df74ff11d5f2f9859b3b817edbf5fc8fccac7504e49bad086c8d6ae7d3760e9f30e4c7ff1b4310512621da6c9cc37c56b6e261cfe9811
  Payload: 7b2274797065223a2272656164696e67222c226e6f64654944223a312c2274656d70223a32382e362c2268756d6964697479223a34332e392c22636f5f70706d223a313633372e392c226c61746974756465223a6e756c6c2c226c6f6e676974756465223a6e756c6c2c22616c746974756465223a6e756c6c2c226770735f666978223a66616c73657d
  PHY Pkt: 406b276000001c0001ef9376d14745f7e4b3ab592f2f6582a114c072f92edd78bc7bf15fd2cf1cda133d075f11a062a368c52b593e6eff6a126aa9801ee3a03e07478f578fe1737a528ba66c3f3e082793402bff70cb64ef3600e1380df74ff11d5f2f9859b3b817edbf5fc8fccac7504e49bad086c8d6ae7d3760e9f30e4c7ff1b4310512621da6c9cc37c56b6e261cfe98113b261699
  PHY payload len: 151 type: <class 'bytes'>
  lora.write used: list
→ Packet SENT
[AUDIO] Recording saved: ../recordings/clip_20251118_095239.wav
[AUDIO] ⚠️  Classification model not yet integrated - returning placeholder

============================================================
Timestamp: 2025-11-18 09:52:44
------------------------------------------------------------
🌡️  Temperature: 28.8°C (Normal)
💧 Humidity: 44.0% (Normal)
🔥 CO Level: 1640.9 ppm | Voltage: 0.583V | Rs: 75.76kΩ
   ⚠️  REMINDER: Calibrate R0 in clean air for accurate readings
📍 GPS: No data (check wiring or wait for warm-up)
🎤 Audio: LOW-RISK (not sent in reading packet)
============================================================

📡 LoRa JSON Packet Ready: {'type': 'reading', 'nodeID': 1, 'temp': 28.8, 'humidity': 44.0, 'co_ppm': 1640.9, 'latitude': None, 'longitude': None, 'altitude': None, 'gps_fix': False}
   JSON bytes len: 138 hex: 7b2274797065223a2272656164696e67222c226e6f64654944223a312c2274656d70223a32382e382c2268756d6964697479223a34342e302c22636f5f70706d223a313634302e392c226c61746974756465223a6e756c6c2c226c6f6e676974756465223a6e756c6c2c22616c746974756465223a6e756c6c2c226770735f666978223a66616c73657d
--- Sending ABP Packet (FCnt=29) ---
  Encrypted payload len: 138
  Encrypted payload (hex): fd562bd9caf2d3941ba13366e3cdc849c0510f9a8a853e29b7d423de1984436107f6232f7cca32f7d8b0c06b8df2434ed2f3e01fd6880fc73e90638800f13a06e6046c13c5c8166bf5ef6262fc95b1169411a01c6a710c2b270a731308a19f3e34759ad682eaf738983f5d6b20716c0be1236214e1c61f86495252d9b922344c41fa2e500d37b708cb79
  Payload: 7b2274797065223a2272656164696e67222c226e6f64654944223a312c2274656d70223a32382e382c2268756d6964697479223a34342e302c22636f5f70706d223a313634302e392c226c61746974756465223a6e756c6c2c226c6f6e676974756465223a6e756c6c2c22616c746974756465223a6e756c6c2c226770735f666978223a66616c73657d
  PHY Pkt: 406b276000001d0001fd562bd9caf2d3941ba13366e3cdc849c0510f9a8a853e29b7d423de1984436107f6232f7cca32f7d8b0c06b8df2434ed2f3e01fd6880fc73e90638800f13a06e6046c13c5c8166bf5ef6262fc95b1169411a01c6a710c2b270a731308a19f3e34759ad682eaf738983f5d6b20716c0be1236214e1c61f86495252d9b922344c41fa2e500d37b708cb7902f63334
  PHY payload len: 151 type: <class 'bytes'>
  lora.write used: list
→ Packet SENT
[AUDIO] Recording saved: ../recordings/clip_20251118_095342.wav
[AUDIO] ⚠️  Classification model not yet integrated - returning placeholder

============================================================
Timestamp: 2025-11-18 09:53:47
------------------------------------------------------------
🌡️  Temperature: 28.8°C (Normal)
💧 Humidity: 44.0% (Normal)
🔥 CO Level: 1639.7 ppm | Voltage: 0.583V | Rs: 75.8kΩ
   ⚠️  REMINDER: Calibrate R0 in clean air for accurate readings
📍 GPS: No data (check wiring or wait for warm-up)
🎤 Audio: LOW-RISK (not sent in reading packet)
============================================================

📡 LoRa JSON Packet Ready: {'type': 'reading', 'nodeID': 1, 'temp': 28.8, 'humidity': 44.0, 'co_ppm': 1639.7, 'latitude': None, 'longitude': None, 'altitude': None, 'gps_fix': False}
   JSON bytes len: 138 hex: 7b2274797065223a2272656164696e67222c226e6f64654944223a312c2274656d70223a32382e382c2268756d6964697479223a34342e302c22636f5f70706d223a313633392e372c226c61746974756465223a6e756c6c2c226c6f6e676974756465223a6e756c6c2c22616c746974756465223a6e756c6c2c226770735f666978223a66616c73657d
--- Sending ABP Packet (FCnt=30) ---
  Encrypted payload len: 138
  Encrypted payload (hex): 79c5d9e035faa5dbeb6b702291209af9229b5be2698735d173e879f2f2bd2e16cb44dd5cbd8722f82002d656e91f1208eafb2d361907aa9ce3713372d2fc12e9326147e299db0965c91a8fde6f9e4e496b85ca5d8f8c925507e0fc8dd68724ac634335c83cb38fa43859f8ff7dc5376050a00ca374c944f7c48b2bb54aaf2cf1817ab9d32d82ea826df4
  Payload: 7b2274797065223a2272656164696e67222c226e6f64654944223a312c2274656d70223a32382e382c2268756d6964697479223a34342e302c22636f5f70706d223a313633392e372c226c61746974756465223a6e756c6c2c226c6f6e676974756465223a6e756c6c2c22616c746974756465223a6e756c6c2c226770735f666978223a66616c73657d
  PHY Pkt: 406b276000001e000179c5d9e035faa5dbeb6b702291209af9229b5be2698735d173e879f2f2bd2e16cb44dd5cbd8722f82002d656e91f1208eafb2d361907aa9ce3713372d2fc12e9326147e299db0965c91a8fde6f9e4e496b85ca5d8f8c925507e0fc8dd68724ac634335c83cb38fa43859f8ff7dc5376050a00ca374c944f7c48b2bb54aaf2cf1817ab9d32d82ea826df47d57e60b
  PHY payload len: 151 type: <class 'bytes'>
  lora.write used: list
→ Packet SENT
[AUDIO] Recording saved: ../recordings/clip_20251118_095444.wav
[AUDIO] ⚠️  Classification model not yet integrated - returning placeholder

============================================================
Timestamp: 2025-11-18 09:54:49
------------------------------------------------------------
🌡️  Temperature: 28.8°C (Normal)
💧 Humidity: 44.0% (Normal)
🔥 CO Level: 1641.5 ppm | Voltage: 0.583V | Rs: 75.74kΩ
   ⚠️  REMINDER: Calibrate R0 in clean air for accurate readings
📍 GPS: No data (check wiring or wait for warm-up)
🎤 Audio: LOW-RISK (not sent in reading packet)
============================================================

📡 LoRa JSON Packet Ready: {'type': 'reading', 'nodeID': 1, 'temp': 28.8, 'humidity': 44.0, 'co_ppm': 1641.5, 'latitude': None, 'longitude': None, 'altitude': None, 'gps_fix': False}
   JSON bytes len: 138 hex: 7b2274797065223a2272656164696e67222c226e6f64654944223a312c2274656d70223a32382e382c2268756d6964697479223a34342e302c22636f5f70706d223a313634312e352c226c61746974756465223a6e756c6c2c226c6f6e676974756465223a6e756c6c2c22616c746974756465223a6e756c6c2c226770735f666978223a66616c73657d
--- Sending ABP Packet (FCnt=31) ---
  Encrypted payload len: 138
  Encrypted payload (hex): 4d33df9f1dcc27bd67337426f0336619d26d6fa112f87ab20809e54170c696b092715ec4451f1abaa08b696af618cb711b87c968bb66d241dd71f7d5cde116da03d736d755884fa4aba18faed196b491176767adb6eeae95a20343c716ac945a98b7054448a0e56e9af6e61fa5a279ae1214aef766f2a9bd04e439dfa039289306eedde2ba7cb96f1dda
  Payload: 7b2274797065223a2272656164696e67222c226e6f64654944223a312c2274656d70223a32382e382c2268756d6964697479223a34342e302c22636f5f70706d223a313634312e352c226c61746974756465223a6e756c6c2c226c6f6e676974756465223a6e756c6c2c22616c746974756465223a6e756c6c2c226770735f666978223a66616c73657d
  PHY Pkt: 406b276000001f00014d33df9f1dcc27bd67337426f0336619d26d6fa112f87ab20809e54170c696b092715ec4451f1abaa08b696af618cb711b87c968bb66d241dd71f7d5cde116da03d736d755884fa4aba18faed196b491176767adb6eeae95a20343c716ac945a98b7054448a0e56e9af6e61fa5a279ae1214aef766f2a9bd04e439dfa039289306eedde2ba7cb96f1dda6f2134d8
  PHY payload len: 151 type: <class 'bytes'>
  lora.write used: list
→ Packet SENT
[AUDIO] Recording saved: ../recordings/clip_20251118_095546.wav
[AUDIO] ⚠️  Classification model not yet integrated - returning placeholder

============================================================
Timestamp: 2025-11-18 09:55:51
------------------------------------------------------------
🌡️  Temperature: 28.9°C (Normal)
💧 Humidity: 43.3% (Normal)
🔥 CO Level: 1640.3 ppm | Voltage: 0.583V | Rs: 75.78kΩ
   ⚠️  REMINDER: Calibrate R0 in clean air for accurate readings
📍 GPS: No data (check wiring or wait for warm-up)
🎤 Audio: LOW-RISK (not sent in reading packet)
============================================================

📡 LoRa JSON Packet Ready: {'type': 'reading', 'nodeID': 1, 'temp': 28.9, 'humidity': 43.3, 'co_ppm': 1640.3, 'latitude': None, 'longitude': None, 'altitude': None, 'gps_fix': False}
   JSON bytes len: 138 hex: 7b2274797065223a2272656164696e67222c226e6f64654944223a312c2274656d70223a32382e392c2268756d6964697479223a34332e332c22636f5f70706d223a313634302e332c226c61746974756465223a6e756c6c2c226c6f6e676974756465223a6e756c6c2c22616c746974756465223a6e756c6c2c226770735f666978223a66616c73657d
--- Sending ABP Packet (FCnt=32) ---
  Encrypted payload len: 138
  Encrypted payload (hex): 8e3e40cdc67d6f7a3186fd747e848f3eb2804d51618562595b2b9c399f7b5e3b032ba64aa6e0570f1744ea8c884d5b8fcbb96516d4a37edf39a4054cb7aee8071fe4a7c0092d6ee195a0a235fc256b018a04f245279a878e9d4080560c1da01026a98241402b2c4045d872e6586874121f240289470886a793d37d36aab8b8d82bf46b3fa2ceccde4484
  Payload: 7b2274797065223a2272656164696e67222c226e6f64654944223a312c2274656d70223a32382e392c2268756d6964697479223a34332e332c22636f5f70706d223a313634302e332c226c61746974756465223a6e756c6c2c226c6f6e676974756465223a6e756c6c2c22616c746974756465223a6e756c6c2c226770735f666978223a66616c73657d
  PHY Pkt: 406b276000002000018e3e40cdc67d6f7a3186fd747e848f3eb2804d51618562595b2b9c399f7b5e3b032ba64aa6e0570f1744ea8c884d5b8fcbb96516d4a37edf39a4054cb7aee8071fe4a7c0092d6ee195a0a235fc256b018a04f245279a878e9d4080560c1da01026a98241402b2c4045d872e6586874121f240289470886a793d37d36aab8b8d82bf46b3fa2ceccde44846a6fb01e
  PHY payload len: 151 type: <class 'bytes'>
  lora.write used: list
→ Packet SENT
[AUDIO] Recording saved: ../recordings/clip_20251118_095648.wav
[AUDIO] ⚠️  Classification model not yet integrated - returning placeholder

============================================================
Timestamp: 2025-11-18 09:56:53
------------------------------------------------------------
🌡️  Temperature: 28.9°C (Normal)
💧 Humidity: 43.3% (Normal)
🔥 CO Level: 1640.9 ppm | Voltage: 0.583V | Rs: 75.76kΩ
   ⚠️  REMINDER: Calibrate R0 in clean air for accurate readings
📍 GPS: No data (check wiring or wait for warm-up)
🎤 Audio: LOW-RISK (not sent in reading packet)
============================================================

📡 LoRa JSON Packet Ready: {'type': 'reading', 'nodeID': 1, 'temp': 28.9, 'humidity': 43.3, 'co_ppm': 1640.9, 'latitude': None, 'longitude': None, 'altitude': None, 'gps_fix': False}
   JSON bytes len: 138 hex: 7b2274797065223a2272656164696e67222c226e6f64654944223a312c2274656d70223a32382e392c2268756d6964697479223a34332e332c22636f5f70706d223a313634302e392c226c61746974756465223a6e756c6c2c226c6f6e676974756465223a6e756c6c2c22616c746974756465223a6e756c6c2c226770735f666978223a66616c73657d
--- Sending ABP Packet (FCnt=33) ---
  Encrypted payload len: 138
  Encrypted payload (hex): 7b422ecf003cbb7be704a01ceecf793b9299c8ad7257810263f80bb37152b932e91b8100a4dc5e8357676bc1112c8fb56ec0af62603784bcc273e16184cb697f8b2ebd257c40dfe019744bb1f79ca409a65a38d2c239f8ac8fbfa3a5fda34474333c2e8cf7a98bf209b7b6dc3af28d88b4e5379345b85421edc0f81ee7d98276765a7a2d595bdfec824d
  Payload: 7b2274797065223a2272656164696e67222c226e6f64654944223a312c2274656d70223a32382e392c2268756d6964697479223a34332e332c22636f5f70706d223a313634302e392c226c61746974756465223a6e756c6c2c226c6f6e676974756465223a6e756c6c2c22616c746974756465223a6e756c6c2c226770735f666978223a66616c73657d
  PHY Pkt: 406b276000002100017b422ecf003cbb7be704a01ceecf793b9299c8ad7257810263f80bb37152b932e91b8100a4dc5e8357676bc1112c8fb56ec0af62603784bcc273e16184cb697f8b2ebd257c40dfe019744bb1f79ca409a65a38d2c239f8ac8fbfa3a5fda34474333c2e8cf7a98bf209b7b6dc3af28d88b4e5379345b85421edc0f81ee7d98276765a7a2d595bdfec824da1833234
  PHY payload len: 151 type: <class 'bytes'>
  lora.write used: list
→ Packet SENT
[DHT22] Reading error: A full buffer was not returned. Try again.
[AUDIO] Recording saved: ../recordings/clip_20251118_095750.wav
[AUDIO] ⚠️  Classification model not yet integrated - returning placeholder

============================================================
Timestamp: 2025-11-18 09:57:55
------------------------------------------------------------
🌡️  Temperature: ERROR
💧 Humidity: ERROR
🔥 CO Level: 1642.7 ppm | Voltage: 0.583V | Rs: 75.71kΩ
   ⚠️  REMINDER: Calibrate R0 in clean air for accurate readings
📍 GPS: No data (check wiring or wait for warm-up)
🎤 Audio: LOW-RISK (not sent in reading packet)
============================================================

📡 LoRa JSON Packet Ready: {'type': 'reading', 'nodeID': 1, 'temp': None, 'humidity': None, 'co_ppm': 1642.7, 'latitude': None, 'longitude': None, 'altitude': None, 'gps_fix': False}
   JSON bytes len: 138 hex: 7b2274797065223a2272656164696e67222c226e6f64654944223a312c2274656d70223a6e756c6c2c2268756d6964697479223a6e756c6c2c22636f5f70706d223a313634322e372c226c61746974756465223a6e756c6c2c226c6f6e676974756465223a6e756c6c2c22616c746974756465223a6e756c6c2c226770735f666978223a66616c73657d
--- Sending ABP Packet (FCnt=34) ---
  Encrypted payload len: 138
  Encrypted payload (hex): 947434d547433c50848e00f5f08ed7d55ef8a2b4be322ebc0fc10751043a7543f6b9629c167c5b611b589be3980205df83104c57da7bbbbc0c534d0948593b2b4adce9280c675f3cdeb8137560652b68e2779b4f6841354e0c24d93c089757e4b45f41773cc7b1fec5c8bd0ddd3c750eae8ec9bc16aa2410421d1ddfa26878e2edfae946364a35d38236
  Payload: 7b2274797065223a2272656164696e67222c226e6f64654944223a312c2274656d70223a6e756c6c2c2268756d6964697479223a6e756c6c2c22636f5f70706d223a313634322e372c226c61746974756465223a6e756c6c2c226c6f6e676974756465223a6e756c6c2c22616c746974756465223a6e756c6c2c226770735f666978223a66616c73657d
  PHY Pkt: 406b27600000220001947434d547433c50848e00f5f08ed7d55ef8a2b4be322ebc0fc10751043a7543f6b9629c167c5b611b589be3980205df83104c57da7bbbbc0c534d0948593b2b4adce9280c675f3cdeb8137560652b68e2779b4f6841354e0c24d93c089757e4b45f41773cc7b1fec5c8bd0ddd3c750eae8ec9bc16aa2410421d1ddfa26878e2edfae946364a35d3823664d5454f
  PHY payload len: 151 type: <class 'bytes'>
  lora.write used: list
→ Packet SENT
[AUDIO] Recording saved: ../recordings/clip_20251118_095852.wav
[AUDIO] ⚠️  Classification model not yet integrated - returning placeholder

============================================================
Timestamp: 2025-11-18 09:58:57
------------------------------------------------------------
🌡️  Temperature: 28.9°C (Normal)
💧 Humidity: 43.3% (Normal)
🔥 CO Level: 1640.9 ppm | Voltage: 0.583V | Rs: 75.76kΩ
   ⚠️  REMINDER: Calibrate R0 in clean air for accurate readings
📍 GPS: No data (check wiring or wait for warm-up)
🎤 Audio: LOW-RISK (not sent in reading packet)
============================================================

📡 LoRa JSON Packet Ready: {'type': 'reading', 'nodeID': 1, 'temp': 28.9, 'humidity': 43.3, 'co_ppm': 1640.9, 'latitude': None, 'longitude': None, 'altitude': None, 'gps_fix': False}
   JSON bytes len: 138 hex: 7b2274797065223a2272656164696e67222c226e6f64654944223a312c2274656d70223a32382e392c2268756d6964697479223a34332e332c22636f5f70706d223a313634302e392c226c61746974756465223a6e756c6c2c226c6f6e676974756465223a6e756c6c2c22616c746974756465223a6e756c6c2c226770735f666978223a66616c73657d
--- Sending ABP Packet (FCnt=35) ---
  Encrypted payload len: 138
  Encrypted payload (hex): 19d512d3f229db9fdcf1fe5e0862508f4e188151b535f0f5a71e64c2a8ab8d3d087de67b79d1040e80560891a43139fdbd769af178a73cc49b67b6c71e6001bfe2ad649146e7e815cde5c9eddd9b4c926979aebbc6651ccef246bc9d2ffb7283d86cefbda9117889cda36daad7276e5eddfdf98c532ce90212f7f5dcffe8c9af15de9bdef1ae8977b420
  Payload: 7b2274797065223a2272656164696e67222c226e6f64654944223a312c2274656d70223a32382e392c2268756d6964697479223a34332e332c22636f5f70706d223a313634302e392c226c61746974756465223a6e756c6c2c226c6f6e676974756465223a6e756c6c2c22616c746974756465223a6e756c6c2c226770735f666978223a66616c73657d
  PHY Pkt: 406b2760000023000119d512d3f229db9fdcf1fe5e0862508f4e188151b535f0f5a71e64c2a8ab8d3d087de67b79d1040e80560891a43139fdbd769af178a73cc49b67b6c71e6001bfe2ad649146e7e815cde5c9eddd9b4c926979aebbc6651ccef246bc9d2ffb7283d86cefbda9117889cda36daad7276e5eddfdf98c532ce90212f7f5dcffe8c9af15de9bdef1ae8977b420740d9add
  PHY payload len: 151 type: <class 'bytes'>
  lora.write used: list
→ Packet SENT
[AUDIO] Recording saved: ../recordings/clip_20251118_095955.wav
[AUDIO] ⚠️  Classification model not yet integrated - returning placeholder

============================================================
Timestamp: 2025-11-18 10:00:00
------------------------------------------------------------
🌡️  Temperature: 28.9°C (Normal)
💧 Humidity: 43.3% (Normal)
🔥 CO Level: 1639.7 ppm | Voltage: 0.583V | Rs: 75.8kΩ
   ⚠️  REMINDER: Calibrate R0 in clean air for accurate readings
📍 GPS: No data (check wiring or wait for warm-up)
🎤 Audio: LOW-RISK (not sent in reading packet)
============================================================

📡 LoRa JSON Packet Ready: {'type': 'reading', 'nodeID': 1, 'temp': 28.9, 'humidity': 43.3, 'co_ppm': 1639.7, 'latitude': None, 'longitude': None, 'altitude': None, 'gps_fix': False}
   JSON bytes len: 138 hex: 7b2274797065223a2272656164696e67222c226e6f64654944223a312c2274656d70223a32382e392c2268756d6964697479223a34332e332c22636f5f70706d223a313633392e372c226c61746974756465223a6e756c6c2c226c6f6e676974756465223a6e756c6c2c22616c746974756465223a6e756c6c2c226770735f666978223a66616c73657d
--- Sending ABP Packet (FCnt=36) ---
  Encrypted payload len: 138
  Encrypted payload (hex): cd0de34c1622869f8aa435a39836f9125315309b71a9a9696c916c69e110d37cb50a2087e984e8426f6de648e1bf11777b55ff73ecd882f820e55a7afa864df3f13a13982f539fa6a97f7c5044a2d8f31af5dc766f7f6cf5c5ea53a9957339edc124380a13047819dffa8ccf1b258e15706c3bfa04c450f226ddf64e460e5fb3bfe30b96b2926f59084f
  Payload: 7b2274797065223a2272656164696e67222c226e6f64654944223a312c2274656d70223a32382e392c2268756d6964697479223a34332e332c22636f5f70706d223a313633392e372c226c61746974756465223a6e756c6c2c226c6f6e676974756465223a6e756c6c2c22616c746974756465223a6e756c6c2c226770735f666978223a66616c73657d
  PHY Pkt: 406b27600000240001cd0de34c1622869f8aa435a39836f9125315309b71a9a9696c916c69e110d37cb50a2087e984e8426f6de648e1bf11777b55ff73ecd882f820e55a7afa864df3f13a13982f539fa6a97f7c5044a2d8f31af5dc766f7f6cf5c5ea53a9957339edc124380a13047819dffa8ccf1b258e15706c3bfa04c450f226ddf64e460e5fb3bfe30b96b2926f59084f9e0c44df
  PHY payload len: 151 type: <class 'bytes'>
  lora.write used: list
→ Packet SENT
[DHT22] Reading error: Received unplausible data. Try again.
[AUDIO] Recording saved: ../recordings/clip_20251118_100057.wav
[AUDIO] ⚠️  Classification model not yet integrated - returning placeholder

============================================================
Timestamp: 2025-11-18 10:01:02
------------------------------------------------------------
🌡️  Temperature: ERROR
💧 Humidity: ERROR
🔥 CO Level: 1639.1 ppm | Voltage: 0.583V | Rs: 75.82kΩ
   ⚠️  REMINDER: Calibrate R0 in clean air for accurate readings
📍 GPS: No data (check wiring or wait for warm-up)
🎤 Audio: LOW-RISK (not sent in reading packet)
============================================================

📡 LoRa JSON Packet Ready: {'type': 'reading', 'nodeID': 1, 'temp': None, 'humidity': None, 'co_ppm': 1639.1, 'latitude': None, 'longitude': None, 'altitude': None, 'gps_fix': False}
   JSON bytes len: 138 hex: 7b2274797065223a2272656164696e67222c226e6f64654944223a312c2274656d70223a6e756c6c2c2268756d6964697479223a6e756c6c2c22636f5f70706d223a313633392e312c226c61746974756465223a6e756c6c2c226c6f6e676974756465223a6e756c6c2c22616c746974756465223a6e756c6c2c226770735f666978223a66616c73657d
--- Sending ABP Packet (FCnt=37) ---
  Encrypted payload len: 138
  Encrypted payload (hex): 8e350cd30748f8ecbaa75bc910957580529c4b6c4995bdb696574f3707cb04bb980ad158779cbe74beb87be448991fee3d03c98b949c1996ae97726a5acebe440a0d10dde3c0da56295fca42a6cc99ac5e8f75e55272993baa0881dc2bbb6466056404aa1a7f4b8b56e474187d0f20a742869a3831ad812837c2b4210e03c69293a3b1532f00d0e959dd
  Payload: 7b2274797065223a2272656164696e67222c226e6f64654944223a312c2274656d70223a6e756c6c2c2268756d6964697479223a6e756c6c2c22636f5f70706d223a313633392e312c226c61746974756465223a6e756c6c2c226c6f6e676974756465223a6e756c6c2c22616c746974756465223a6e756c6c2c226770735f666978223a66616c73657d
  PHY Pkt: 406b276000002500018e350cd30748f8ecbaa75bc910957580529c4b6c4995bdb696574f3707cb04bb980ad158779cbe74beb87be448991fee3d03c98b949c1996ae97726a5acebe440a0d10dde3c0da56295fca42a6cc99ac5e8f75e55272993baa0881dc2bbb6466056404aa1a7f4b8b56e474187d0f20a742869a3831ad812837c2b4210e03c69293a3b1532f00d0e959dde3bf303c
  PHY payload len: 151 type: <class 'bytes'>
  lora.write used: list
→ Packet SENT
[AUDIO] Recording saved: ../recordings/clip_20251118_100159.wav
[AUDIO] ⚠️  Classification model not yet integrated - returning placeholder

============================================================
Timestamp: 2025-11-18 10:02:04
------------------------------------------------------------
🌡️  Temperature: 29.0°C (Normal)
💧 Humidity: 42.5% (Normal)
🔥 CO Level: 1641.5 ppm | Voltage: 0.583V | Rs: 75.74kΩ
   ⚠️  REMINDER: Calibrate R0 in clean air for accurate readings
📍 GPS: No data (check wiring or wait for warm-up)
🎤 Audio: LOW-RISK (not sent in reading packet)
============================================================

📡 LoRa JSON Packet Ready: {'type': 'reading', 'nodeID': 1, 'temp': 29.0, 'humidity': 42.5, 'co_ppm': 1641.5, 'latitude': None, 'longitude': None, 'altitude': None, 'gps_fix': False}
   JSON bytes len: 138 hex: 7b2274797065223a2272656164696e67222c226e6f64654944223a312c2274656d70223a32392e302c2268756d6964697479223a34322e352c22636f5f70706d223a313634312e352c226c61746974756465223a6e756c6c2c226c6f6e676974756465223a6e756c6c2c22616c746974756465223a6e756c6c2c226770735f666978223a66616c73657d
--- Sending ABP Packet (FCnt=38) ---
  Encrypted payload len: 138
  Encrypted payload (hex): 055c32cf0176d2a3dc6b3bf9b0385aa48516d0a3c54295e74cc7684f41bbfb11a99fa5de0b32a977be0e12e3b0bbeb6bf56f0f3c942ee68b7acb982d013f7e75582623c2c04cf98ea6344a4c436d5e55a35284fe15bff598181b91437176ee4cf280deb7cff354fa2243069d7adbbf7c478b8faf910dd0daa9ae10d8b5159402c0db4fb17352d05ef819
  Payload: 7b2274797065223a2272656164696e67222c226e6f64654944223a312c2274656d70223a32392e302c2268756d6964697479223a34322e352c22636f5f70706d223a313634312e352c226c61746974756465223a6e756c6c2c226c6f6e676974756465223a6e756c6c2c22616c746974756465223a6e756c6c2c226770735f666978223a66616c73657d
  PHY Pkt: 406b27600000260001055c32cf0176d2a3dc6b3bf9b0385aa48516d0a3c54295e74cc7684f41bbfb11a99fa5de0b32a977be0e12e3b0bbeb6bf56f0f3c942ee68b7acb982d013f7e75582623c2c04cf98ea6344a4c436d5e55a35284fe15bff598181b91437176ee4cf280deb7cff354fa2243069d7adbbf7c478b8faf910dd0daa9ae10d8b5159402c0db4fb17352d05ef819199d24ee
  PHY payload len: 151 type: <class 'bytes'>
  lora.write used: list
→ Packet SENT
[AUDIO] Recording saved: ../recordings/clip_20251118_100300.wav
[AUDIO] ⚠️  Classification model not yet integrated - returning placeholder

============================================================
Timestamp: 2025-11-18 10:03:05
------------------------------------------------------------
🌡️  Temperature: 28.9°C (Normal)
💧 Humidity: 42.5% (Normal)
🔥 CO Level: 1641.5 ppm | Voltage: 0.583V | Rs: 75.74kΩ
   ⚠️  REMINDER: Calibrate R0 in clean air for accurate readings
📍 GPS: No data (check wiring or wait for warm-up)
🎤 Audio: LOW-RISK (not sent in reading packet)
============================================================

📡 LoRa JSON Packet Ready: {'type': 'reading', 'nodeID': 1, 'temp': 28.9, 'humidity': 42.5, 'co_ppm': 1641.5, 'latitude': None, 'longitude': None, 'altitude': None, 'gps_fix': False}
   JSON bytes len: 138 hex: 7b2274797065223a2272656164696e67222c226e6f64654944223a312c2274656d70223a32382e392c2268756d6964697479223a34322e352c22636f5f70706d223a313634312e352c226c61746974756465223a6e756c6c2c226c6f6e676974756465223a6e756c6c2c22616c746974756465223a6e756c6c2c226770735f666978223a66616c73657d
--- Sending ABP Packet (FCnt=39) ---
  Encrypted payload len: 138
  Encrypted payload (hex): fe2e1d371f7d852338f60e089a18d9b65310741abd5e79a5f094ce2af72a73ff4d9063e1aa27eaf768c1af7e6f1af4da4abe82a7a853dcaebdb2c94af94fc790e035bfb673ab97171aba5484fcc5e0b969615cb1abae21979e07cc9399f7d66067b137112ad6a756ea54c06075c796ac6a09edaed9834aa2407c1abea4158f03cad864de4a54cf687e89
  Payload: 7b2274797065223a2272656164696e67222c226e6f64654944223a312c2274656d70223a32382e392c2268756d6964697479223a34322e352c22636f5f70706d223a313634312e352c226c61746974756465223a6e756c6c2c226c6f6e676974756465223a6e756c6c2c22616c746974756465223a6e756c6c2c226770735f666978223a66616c73657d
  PHY Pkt: 406b27600000270001fe2e1d371f7d852338f60e089a18d9b65310741abd5e79a5f094ce2af72a73ff4d9063e1aa27eaf768c1af7e6f1af4da4abe82a7a853dcaebdb2c94af94fc790e035bfb673ab97171aba5484fcc5e0b969615cb1abae21979e07cc9399f7d66067b137112ad6a756ea54c06075c796ac6a09edaed9834aa2407c1abea4158f03cad864de4a54cf687e8937ec0d4a
  PHY payload len: 151 type: <class 'bytes'>
  lora.write used: list
→ Packet SENT
[AUDIO] Recording saved: ../recordings/clip_20251118_100402.wav
[AUDIO] ⚠️  Classification model not yet integrated - returning placeholder

============================================================
Timestamp: 2025-11-18 10:04:07
------------------------------------------------------------
🌡️  Temperature: 28.9°C (Normal)
💧 Humidity: 42.4% (Normal)
🔥 CO Level: 1638.5 ppm | Voltage: 0.583V | Rs: 75.84kΩ
   ⚠️  REMINDER: Calibrate R0 in clean air for accurate readings
📍 GPS: No data (check wiring or wait for warm-up)
🎤 Audio: LOW-RISK (not sent in reading packet)
============================================================

📡 LoRa JSON Packet Ready: {'type': 'reading', 'nodeID': 1, 'temp': 28.9, 'humidity': 42.4, 'co_ppm': 1638.5, 'latitude': None, 'longitude': None, 'altitude': None, 'gps_fix': False}
   JSON bytes len: 138 hex: 7b2274797065223a2272656164696e67222c226e6f64654944223a312c2274656d70223a32382e392c2268756d6964697479223a34322e342c22636f5f70706d223a313633382e352c226c61746974756465223a6e756c6c2c226c6f6e676974756465223a6e756c6c2c22616c746974756465223a6e756c6c2c226770735f666978223a66616c73657d
--- Sending ABP Packet (FCnt=40) ---
  Encrypted payload len: 138
  Encrypted payload (hex): 4fe96ea9d74e2626f4674cf00dc504e2f30167a109ad74eaa82a3c163626424e867f346b7aea0e5a4c6b1e6d7311ae61a3c90b9f25a6a82356cb06a896c6da13a41e2dab602f84701c81c04bcdb7068c15e927c80b542abffd42059368b84637c7b1c6ec7919a94a9170aa7f40b19f69304d0f40659c79a3cc2bc11b8302a4a002d0a8f9f6c1c48704b0
  Payload: 7b2274797065223a2272656164696e67222c226e6f64654944223a312c2274656d70223a32382e392c2268756d6964697479223a34322e342c22636f5f70706d223a313633382e352c226c61746974756465223a6e756c6c2c226c6f6e676974756465223a6e756c6c2c22616c746974756465223a6e756c6c2c226770735f666978223a66616c73657d
  PHY Pkt: 406b276000002800014fe96ea9d74e2626f4674cf00dc504e2f30167a109ad74eaa82a3c163626424e867f346b7aea0e5a4c6b1e6d7311ae61a3c90b9f25a6a82356cb06a896c6da13a41e2dab602f84701c81c04bcdb7068c15e927c80b542abffd42059368b84637c7b1c6ec7919a94a9170aa7f40b19f69304d0f40659c79a3cc2bc11b8302a4a002d0a8f9f6c1c48704b01b959d3c
  PHY payload len: 151 type: <class 'bytes'>
  lora.write used: list
→ Packet SENT
[AUDIO] Recording saved: ../recordings/clip_20251118_100505.wav
[AUDIO] ⚠️  Classification model not yet integrated - returning placeholder

============================================================
Timestamp: 2025-11-18 10:05:10
------------------------------------------------------------
🌡️  Temperature: 28.9°C (Normal)
💧 Humidity: 42.4% (Normal)
🔥 CO Level: 1640.9 ppm | Voltage: 0.583V | Rs: 75.76kΩ
   ⚠️  REMINDER: Calibrate R0 in clean air for accurate readings
📍 GPS: No data (check wiring or wait for warm-up)
🎤 Audio: LOW-RISK (not sent in reading packet)
============================================================

📡 LoRa JSON Packet Ready: {'type': 'reading', 'nodeID': 1, 'temp': 28.9, 'humidity': 42.4, 'co_ppm': 1640.9, 'latitude': None, 'longitude': None, 'altitude': None, 'gps_fix': False}
   JSON bytes len: 138 hex: 7b2274797065223a2272656164696e67222c226e6f64654944223a312c2274656d70223a32382e392c2268756d6964697479223a34322e342c22636f5f70706d223a313634302e392c226c61746974756465223a6e756c6c2c226c6f6e676974756465223a6e756c6c2c22616c746974756465223a6e756c6c2c226770735f666978223a66616c73657d
--- Sending ABP Packet (FCnt=41) ---
  Encrypted payload len: 138
  Encrypted payload (hex): 7e25c0adce48090224a73ea373694de8133d06b9fdd6a8bfe6cd8298571a51280eb7745c5850c44185a9e19a3c1609069a330231dbbeb5ee7c88b989d1e9af6eebe78e184901078bcddf976a97769f2b1682adb6869e63fa57794648ee59ee4ee87a42ff1128f96c25111d58b26ede8d2048c3c562d2a5a013d9fae72c45ed967dfeee4c3da89e252eea
  Payload: 7b2274797065223a2272656164696e67222c226e6f64654944223a312c2274656d70223a32382e392c2268756d6964697479223a34322e342c22636f5f70706d223a313634302e392c226c61746974756465223a6e756c6c2c226c6f6e676974756465223a6e756c6c2c22616c746974756465223a6e756c6c2c226770735f666978223a66616c73657d
  PHY Pkt: 406b276000002900017e25c0adce48090224a73ea373694de8133d06b9fdd6a8bfe6cd8298571a51280eb7745c5850c44185a9e19a3c1609069a330231dbbeb5ee7c88b989d1e9af6eebe78e184901078bcddf976a97769f2b1682adb6869e63fa57794648ee59ee4ee87a42ff1128f96c25111d58b26ede8d2048c3c562d2a5a013d9fae72c45ed967dfeee4c3da89e252eea3bb29919
  PHY payload len: 151 type: <class 'bytes'>
  lora.write used: list
→ Packet SENT
[AUDIO] Recording saved: ../recordings/clip_20251118_100607.wav
[AUDIO] ⚠️  Classification model not yet integrated - returning placeholder

============================================================
Timestamp: 2025-11-18 10:06:12
------------------------------------------------------------
🌡️  Temperature: 28.9°C (Normal)
💧 Humidity: 42.4% (Normal)
🔥 CO Level: 1637.3 ppm | Voltage: 0.582V | Rs: 75.87kΩ
   ⚠️  REMINDER: Calibrate R0 in clean air for accurate readings
📍 GPS: No data (check wiring or wait for warm-up)
🎤 Audio: LOW-RISK (not sent in reading packet)
============================================================

📡 LoRa JSON Packet Ready: {'type': 'reading', 'nodeID': 1, 'temp': 28.9, 'humidity': 42.4, 'co_ppm': 1637.3, 'latitude': None, 'longitude': None, 'altitude': None, 'gps_fix': False}
   JSON bytes len: 138 hex: 7b2274797065223a2272656164696e67222c226e6f64654944223a312c2274656d70223a32382e392c2268756d6964697479223a34322e342c22636f5f70706d223a313633372e332c226c61746974756465223a6e756c6c2c226c6f6e676974756465223a6e756c6c2c22616c746974756465223a6e756c6c2c226770735f666978223a66616c73657d
--- Sending ABP Packet (FCnt=42) ---
  Encrypted payload len: 138
  Encrypted payload (hex): b7f8cf4ead454e1d2b1c7be67e4c06d67623d56f43dfbe19f3c95d972736774a769ccdbdb086ec629c7de9b11a82277f123c941a3df4465d9b1f4ee5064013acc902eac95f9addc499f947d3cd9b049511f66d34bba9c1f99c457743a660d726edf5e3b9b7b63ab306f88c6fc93dbdbd16ecbed7436369be1395301f253afadfd386742d991e49026899
  Payload: 7b2274797065223a2272656164696e67222c226e6f64654944223a312c2274656d70223a32382e392c2268756d6964697479223a34322e342c22636f5f70706d223a313633372e332c226c61746974756465223a6e756c6c2c226c6f6e676974756465223a6e756c6c2c22616c746974756465223a6e756c6c2c226770735f666978223a66616c73657d
  PHY Pkt: 406b276000002a0001b7f8cf4ead454e1d2b1c7be67e4c06d67623d56f43dfbe19f3c95d972736774a769ccdbdb086ec629c7de9b11a82277f123c941a3df4465d9b1f4ee5064013acc902eac95f9addc499f947d3cd9b049511f66d34bba9c1f99c457743a660d726edf5e3b9b7b63ab306f88c6fc93dbdbd16ecbed7436369be1395301f253afadfd386742d991e49026899db9a53e1
  PHY payload len: 151 type: <class 'bytes'>
  lora.write used: list
→ Packet SENT
[AUDIO] Recording saved: ../recordings/clip_20251118_100709.wav
[AUDIO] ⚠️  Classification model not yet integrated - returning placeholder

============================================================
Timestamp: 2025-11-18 10:07:14
------------------------------------------------------------
🌡️  Temperature: 28.9°C (Normal)
💧 Humidity: 42.2% (Normal)
🔥 CO Level: 1636.7 ppm | Voltage: 0.582V | Rs: 75.89kΩ
   ⚠️  REMINDER: Calibrate R0 in clean air for accurate readings
📍 GPS: No data (check wiring or wait for warm-up)
🎤 Audio: LOW-RISK (not sent in reading packet)
============================================================

📡 LoRa JSON Packet Ready: {'type': 'reading', 'nodeID': 1, 'temp': 28.9, 'humidity': 42.2, 'co_ppm': 1636.7, 'latitude': None, 'longitude': None, 'altitude': None, 'gps_fix': False}
   JSON bytes len: 138 hex: 7b2274797065223a2272656164696e67222c226e6f64654944223a312c2274656d70223a32382e392c2268756d6964697479223a34322e322c22636f5f70706d223a313633362e372c226c61746974756465223a6e756c6c2c226c6f6e676974756465223a6e756c6c2c22616c746974756465223a6e756c6c2c226770735f666978223a66616c73657d
--- Sending ABP Packet (FCnt=43) ---
  Encrypted payload len: 138
  Encrypted payload (hex): 4f558b0d9542349468261b5eb3478d299c18e55389bdcd8cb531483d6667456746821453d7e9a762c317d38e80df9f3306d2f9e2fa91a3727d332c01fb7ed5d6492c6713cdc0460a6dd5ee055091f97249d04753a977e672e84f53dd86883f7ee8dfb6aa58483d49797d5d02fa839f874db41d997eca48a65c95f20afcf88590cfa82f3b6f18d9c2efa8
  Payload: 7b2274797065223a2272656164696e67222c226e6f64654944223a312c2274656d70223a32382e392c2268756d6964697479223a34322e322c22636f5f70706d223a313633362e372c226c61746974756465223a6e756c6c2c226c6f6e676974756465223a6e756c6c2c22616c746974756465223a6e756c6c2c226770735f666978223a66616c73657d
  PHY Pkt: 406b276000002b00014f558b0d9542349468261b5eb3478d299c18e55389bdcd8cb531483d6667456746821453d7e9a762c317d38e80df9f3306d2f9e2fa91a3727d332c01fb7ed5d6492c6713cdc0460a6dd5ee055091f97249d04753a977e672e84f53dd86883f7ee8dfb6aa58483d49797d5d02fa839f874db41d997eca48a65c95f20afcf88590cfa82f3b6f18d9c2efa8b84f2da7
  PHY payload len: 151 type: <class 'bytes'>
  lora.write used: list
→ Packet SENT
[AUDIO] Recording saved: ../recordings/clip_20251118_100811.wav
[AUDIO] ⚠️  Classification model not yet integrated - returning placeholder

============================================================
Timestamp: 2025-11-18 10:08:16
------------------------------------------------------------
🌡️  Temperature: 28.9°C (Normal)
💧 Humidity: 42.2% (Normal)
🔥 CO Level: 1636.1 ppm | Voltage: 0.582V | Rs: 75.91kΩ
   ⚠️  REMINDER: Calibrate R0 in clean air for accurate readings
📍 GPS: No data (check wiring or wait for warm-up)
🎤 Audio: LOW-RISK (not sent in reading packet)
============================================================

📡 LoRa JSON Packet Ready: {'type': 'reading', 'nodeID': 1, 'temp': 28.9, 'humidity': 42.2, 'co_ppm': 1636.1, 'latitude': None, 'longitude': None, 'altitude': None, 'gps_fix': False}
   JSON bytes len: 138 hex: 7b2274797065223a2272656164696e67222c226e6f64654944223a312c2274656d70223a32382e392c2268756d6964697479223a34322e322c22636f5f70706d223a313633362e312c226c61746974756465223a6e756c6c2c226c6f6e676974756465223a6e756c6c2c22616c746974756465223a6e756c6c2c226770735f666978223a66616c73657d
--- Sending ABP Packet (FCnt=44) ---
  Encrypted payload len: 138
  Encrypted payload (hex): f1f3bb3002ff4ffc81ebf199e5b5ff5c65c3c2196206c2fac6be16c7345bfa4da060005cc0efcccd36e8f95a7e8f83abbaf1aae4224760034c1a25e7975037a3dedefa764c17e5ad8e5d0e5883d051a676ff6efe4bbe86e1cad8316c93f8cf19532176d45f12dc54bd998d3ba11e5841d848a2f600f85509750dda4379e91565de63534a3e9f79d740a5
  Payload: 7b2274797065223a2272656164696e67222c226e6f64654944223a312c2274656d70223a32382e392c2268756d6964697479223a34322e322c22636f5f70706d223a313633362e312c226c61746974756465223a6e756c6c2c226c6f6e676974756465223a6e756c6c2c22616c746974756465223a6e756c6c2c226770735f666978223a66616c73657d
  PHY Pkt: 406b276000002c0001f1f3bb3002ff4ffc81ebf199e5b5ff5c65c3c2196206c2fac6be16c7345bfa4da060005cc0efcccd36e8f95a7e8f83abbaf1aae4224760034c1a25e7975037a3dedefa764c17e5ad8e5d0e5883d051a676ff6efe4bbe86e1cad8316c93f8cf19532176d45f12dc54bd998d3ba11e5841d848a2f600f85509750dda4379e91565de63534a3e9f79d740a5b6beccea
  PHY payload len: 151 type: <class 'bytes'>
  lora.write used: list
→ Packet SENT
[AUDIO] Recording saved: ../recordings/clip_20251118_100914.wav
[AUDIO] ⚠️  Classification model not yet integrated - returning placeholder

============================================================
Timestamp: 2025-11-18 10:09:19
------------------------------------------------------------
🌡️  Temperature: 28.9°C (Normal)
💧 Humidity: 42.2% (Normal)
🔥 CO Level: 1636.7 ppm | Voltage: 0.582V | Rs: 75.89kΩ
   ⚠️  REMINDER: Calibrate R0 in clean air for accurate readings
📍 GPS: No data (check wiring or wait for warm-up)
🎤 Audio: LOW-RISK (not sent in reading packet)
============================================================

📡 LoRa JSON Packet Ready: {'type': 'reading', 'nodeID': 1, 'temp': 28.9, 'humidity': 42.2, 'co_ppm': 1636.7, 'latitude': None, 'longitude': None, 'altitude': None, 'gps_fix': False}
   JSON bytes len: 138 hex: 7b2274797065223a2272656164696e67222c226e6f64654944223a312c2274656d70223a32382e392c2268756d6964697479223a34322e322c22636f5f70706d223a313633362e372c226c61746974756465223a6e756c6c2c226c6f6e676974756465223a6e756c6c2c22616c746974756465223a6e756c6c2c226770735f666978223a66616c73657d
--- Sending ABP Packet (FCnt=45) ---
  Encrypted payload len: 138
  Encrypted payload (hex): c55f7755043f4ef2f41828521a91ae660685ac54e214dcee95832dd6ed028e430e58b50b76ee847c35a824610a99f404ad82e2dd783a61a490e63022ac33de699e8441dc1957e7aba36917e25c9012bc7048669e05d5e48bb6adcaf5e11591162e6e764bdeb00767bac17e0f130ae2237773900c8c5ec629f9cca254b933ec488cb325f3df4cc975780b
  Payload: 7b2274797065223a2272656164696e67222c226e6f64654944223a312c2274656d70223a32382e392c2268756d6964697479223a34322e322c22636f5f70706d223a313633362e372c226c61746974756465223a6e756c6c2c226c6f6e676974756465223a6e756c6c2c22616c746974756465223a6e756c6c2c226770735f666978223a66616c73657d
  PHY Pkt: 406b276000002d0001c55f7755043f4ef2f41828521a91ae660685ac54e214dcee95832dd6ed028e430e58b50b76ee847c35a824610a99f404ad82e2dd783a61a490e63022ac33de699e8441dc1957e7aba36917e25c9012bc7048669e05d5e48bb6adcaf5e11591162e6e764bdeb00767bac17e0f130ae2237773900c8c5ec629f9cca254b933ec488cb325f3df4cc975780b516f0675
  PHY payload len: 151 type: <class 'bytes'>
  lora.write used: list
→ Packet SENT
[AUDIO] Recording saved: ../recordings/clip_20251118_101016.wav
[AUDIO] ⚠️  Classification model not yet integrated - returning placeholder

============================================================
Timestamp: 2025-11-18 10:10:21
------------------------------------------------------------
🌡️  Temperature: 28.9°C (Normal)
💧 Humidity: 42.2% (Normal)
🔥 CO Level: 1635.5 ppm | Voltage: 0.582V | Rs: 75.93kΩ
   ⚠️  REMINDER: Calibrate R0 in clean air for accurate readings
📍 GPS: No data (check wiring or wait for warm-up)
🎤 Audio: LOW-RISK (not sent in reading packet)
============================================================

📡 LoRa JSON Packet Ready: {'type': 'reading', 'nodeID': 1, 'temp': 28.9, 'humidity': 42.2, 'co_ppm': 1635.5, 'latitude': None, 'longitude': None, 'altitude': None, 'gps_fix': False}
   JSON bytes len: 138 hex: 7b2274797065223a2272656164696e67222c226e6f64654944223a312c2274656d70223a32382e392c2268756d6964697479223a34322e322c22636f5f70706d223a313633352e352c226c61746974756465223a6e756c6c2c226c6f6e676974756465223a6e756c6c2c22616c746974756465223a6e756c6c2c226770735f666978223a66616c73657d
--- Sending ABP Packet (FCnt=46) ---
  Encrypted payload len: 138
  Encrypted payload (hex): 723d0d9f0dc76b0bbadb9361cf8394a314c6ddf7defc2ede5d019af3767beda2da84055ea0f93dfe9e95a519fc31944eead25053aa403726ac87ea31f35fa7f086016cab8bc595a3cf6643f62290957a6f9b0466f1d98798a11ceccfc47c875a7312519935a5a3b3e3400a1d171686dcb3f5dfd70ce6e4c10d5068c08ea48129b3580b84ce2ab8a134fd
  Payload: 7b2274797065223a2272656164696e67222c226e6f64654944223a312c2274656d70223a32382e392c2268756d6964697479223a34322e322c22636f5f70706d223a313633352e352c226c61746974756465223a6e756c6c2c226c6f6e676974756465223a6e756c6c2c22616c746974756465223a6e756c6c2c226770735f666978223a66616c73657d
  PHY Pkt: 406b276000002e0001723d0d9f0dc76b0bbadb9361cf8394a314c6ddf7defc2ede5d019af3767beda2da84055ea0f93dfe9e95a519fc31944eead25053aa403726ac87ea31f35fa7f086016cab8bc595a3cf6643f62290957a6f9b0466f1d98798a11ceccfc47c875a7312519935a5a3b3e3400a1d171686dcb3f5dfd70ce6e4c10d5068c08ea48129b3580b84ce2ab8a134fd64678448
  PHY payload len: 151 type: <class 'bytes'>
  lora.write used: list
→ Packet SENT
[AUDIO] Recording saved: ../recordings/clip_20251118_101118.wav
[AUDIO] ⚠️  Classification model not yet integrated - returning placeholder

============================================================
Timestamp: 2025-11-18 10:11:23
------------------------------------------------------------
🌡️  Temperature: 28.9°C (Normal)
💧 Humidity: 42.2% (Normal)
🔥 CO Level: 1636.7 ppm | Voltage: 0.582V | Rs: 75.89kΩ
   ⚠️  REMINDER: Calibrate R0 in clean air for accurate readings
📍 GPS: No data (check wiring or wait for warm-up)
🎤 Audio: LOW-RISK (not sent in reading packet)
============================================================

📡 LoRa JSON Packet Ready: {'type': 'reading', 'nodeID': 1, 'temp': 28.9, 'humidity': 42.2, 'co_ppm': 1636.7, 'latitude': None, 'longitude': None, 'altitude': None, 'gps_fix': False}
   JSON bytes len: 138 hex: 7b2274797065223a2272656164696e67222c226e6f64654944223a312c2274656d70223a32382e392c2268756d6964697479223a34322e322c22636f5f70706d223a313633362e372c226c61746974756465223a6e756c6c2c226c6f6e676974756465223a6e756c6c2c22616c746974756465223a6e756c6c2c226770735f666978223a66616c73657d
--- Sending ABP Packet (FCnt=47) ---
  Encrypted payload len: 138
  Encrypted payload (hex): 33227c09567ea924ae3e6477a5a6fbb6482b05f2f9a0998ca2ab1cad98dfee88430a004963d6ee986d23f502d5eb4d4eb812a8114860dd36a5321a77075a4daa2c15d27e84a056dda960de5e01d7b60e19138ce4db86a3716baff0ff2c18bb0723677ea4b91fcbdfaeaa9d6daadd911abb2c17208e4ce0aee501168172d25c243f143d9a89f7ffc8f986
  Payload: 7b2274797065223a2272656164696e67222c226e6f64654944223a312c2274656d70223a32382e392c2268756d6964697479223a34322e322c22636f5f70706d223a313633362e372c226c61746974756465223a6e756c6c2c226c6f6e676974756465223a6e756c6c2c22616c746974756465223a6e756c6c2c226770735f666978223a66616c73657d
  PHY Pkt: 406b276000002f000133227c09567ea924ae3e6477a5a6fbb6482b05f2f9a0998ca2ab1cad98dfee88430a004963d6ee986d23f502d5eb4d4eb812a8114860dd36a5321a77075a4daa2c15d27e84a056dda960de5e01d7b60e19138ce4db86a3716baff0ff2c18bb0723677ea4b91fcbdfaeaa9d6daadd911abb2c17208e4ce0aee501168172d25c243f143d9a89f7ffc8f98665371f09
  PHY payload len: 151 type: <class 'bytes'>
  lora.write used: list
→ Packet SENT
[AUDIO] Recording saved: ../recordings/clip_20251118_101221.wav
[AUDIO] ⚠️  Classification model not yet integrated - returning placeholder

============================================================
Timestamp: 2025-11-18 10:12:26
------------------------------------------------------------
🌡️  Temperature: 28.9°C (Normal)
💧 Humidity: 42.2% (Normal)
🔥 CO Level: 1636.1 ppm | Voltage: 0.582V | Rs: 75.91kΩ
   ⚠️  REMINDER: Calibrate R0 in clean air for accurate readings
📍 GPS: No data (check wiring or wait for warm-up)
🎤 Audio: LOW-RISK (not sent in reading packet)
============================================================

📡 LoRa JSON Packet Ready: {'type': 'reading', 'nodeID': 1, 'temp': 28.9, 'humidity': 42.2, 'co_ppm': 1636.1, 'latitude': None, 'longitude': None, 'altitude': None, 'gps_fix': False}
   JSON bytes len: 138 hex: 7b2274797065223a2272656164696e67222c226e6f64654944223a312c2274656d70223a32382e392c2268756d6964697479223a34322e322c22636f5f70706d223a313633362e312c226c61746974756465223a6e756c6c2c226c6f6e676974756465223a6e756c6c2c22616c746974756465223a6e756c6c2c226770735f666978223a66616c73657d
--- Sending ABP Packet (FCnt=48) ---
  Encrypted payload len: 138
  Encrypted payload (hex): 676656e01bb0f9544ea35fa2270358c678a761d1731c1a1c0626eed359e043316776855c377cb8f62872cad4d787a06393e9f54ace4a0c19d589055c02f58dd58b92d613131c9d82c76f912e44ed3b170215d3c8bb6034e33358c0b245fb0757f9a625fbfec888506e667da3722fdacc598196a45b81961c37394896b08a3da2b65a8fc8d6c421127c1a
  Payload: 7b2274797065223a2272656164696e67222c226e6f64654944223a312c2274656d70223a32382e392c2268756d6964697479223a34322e322c22636f5f70706d223a313633362e312c226c61746974756465223a6e756c6c2c226c6f6e676974756465223a6e756c6c2c22616c746974756465223a6e756c6c2c226770735f666978223a66616c73657d
  PHY Pkt: 406b27600000300001676656e01bb0f9544ea35fa2270358c678a761d1731c1a1c0626eed359e043316776855c377cb8f62872cad4d787a06393e9f54ace4a0c19d589055c02f58dd58b92d613131c9d82c76f912e44ed3b170215d3c8bb6034e33358c0b245fb0757f9a625fbfec888506e667da3722fdacc598196a45b81961c37394896b08a3da2b65a8fc8d6c421127c1a43e1a4b9
  PHY payload len: 151 type: <class 'bytes'>
  lora.write used: list
→ Packet SENT
[AUDIO] Recording saved: ../recordings/clip_20251118_101323.wav
[AUDIO] ⚠️  Classification model not yet integrated - returning placeholder

============================================================
Timestamp: 2025-11-18 10:13:28
------------------------------------------------------------
🌡️  Temperature: 28.9°C (Normal)
💧 Humidity: 42.2% (Normal)
🔥 CO Level: 1636.7 ppm | Voltage: 0.582V | Rs: 75.89kΩ
   ⚠️  REMINDER: Calibrate R0 in clean air for accurate readings
📍 GPS: No data (check wiring or wait for warm-up)
🎤 Audio: LOW-RISK (not sent in reading packet)
============================================================

📡 LoRa JSON Packet Ready: {'type': 'reading', 'nodeID': 1, 'temp': 28.9, 'humidity': 42.2, 'co_ppm': 1636.7, 'latitude': None, 'longitude': None, 'altitude': None, 'gps_fix': False}
   JSON bytes len: 138 hex: 7b2274797065223a2272656164696e67222c226e6f64654944223a312c2274656d70223a32382e392c2268756d6964697479223a34322e322c22636f5f70706d223a313633362e372c226c61746974756465223a6e756c6c2c226c6f6e676974756465223a6e756c6c2c22616c746974756465223a6e756c6c2c226770735f666978223a66616c73657d
--- Sending ABP Packet (FCnt=49) ---
  Encrypted payload len: 138
  Encrypted payload (hex): 724abd4bc5e586b3b0105631c5bb030a25fdf208b986df00c70baac3fd81dd233df4e577787e96625e4f22a76880ead0a1fd9cb67906ea152f798332fdb63b11369612b3c36e5e5503029ef7422b155d78a40fc62f16129b73db4f030115bb248d214d43a01ebaae900d95649b1c4dc94f8f9b90bb8511b6018dd5077802532395093e7d2d00b19a8fd6
  Payload: 7b2274797065223a2272656164696e67222c226e6f64654944223a312c2274656d70223a32382e392c2268756d6964697479223a34322e322c22636f5f70706d223a313633362e372c226c61746974756465223a6e756c6c2c226c6f6e676974756465223a6e756c6c2c22616c746974756465223a6e756c6c2c226770735f666978223a66616c73657d
  PHY Pkt: 406b27600000310001724abd4bc5e586b3b0105631c5bb030a25fdf208b986df00c70baac3fd81dd233df4e577787e96625e4f22a76880ead0a1fd9cb67906ea152f798332fdb63b11369612b3c36e5e5503029ef7422b155d78a40fc62f16129b73db4f030115bb248d214d43a01ebaae900d95649b1c4dc94f8f9b90bb8511b6018dd5077802532395093e7d2d00b19a8fd69ccd23bf
  PHY payload len: 151 type: <class 'bytes'>
  lora.write used: list
→ Packet SENT
[AUDIO] Recording saved: ../recordings/clip_20251118_101426.wav
[AUDIO] ⚠️  Classification model not yet integrated - returning placeholder

============================================================
Timestamp: 2025-11-18 10:14:31
------------------------------------------------------------
🌡️  Temperature: 28.9°C (Normal)
💧 Humidity: 42.2% (Normal)
🔥 CO Level: 1636.1 ppm | Voltage: 0.582V | Rs: 75.91kΩ
   ⚠️  REMINDER: Calibrate R0 in clean air for accurate readings
📍 GPS: No data (check wiring or wait for warm-up)
🎤 Audio: LOW-RISK (not sent in reading packet)
============================================================

📡 LoRa JSON Packet Ready: {'type': 'reading', 'nodeID': 1, 'temp': 28.9, 'humidity': 42.2, 'co_ppm': 1636.1, 'latitude': None, 'longitude': None, 'altitude': None, 'gps_fix': False}
   JSON bytes len: 138 hex: 7b2274797065223a2272656164696e67222c226e6f64654944223a312c2274656d70223a32382e392c2268756d6964697479223a34322e322c22636f5f70706d223a313633362e312c226c61746974756465223a6e756c6c2c226c6f6e676974756465223a6e756c6c2c22616c746974756465223a6e756c6c2c226770735f666978223a66616c73657d
--- Sending ABP Packet (FCnt=50) ---
  Encrypted payload len: 138
  Encrypted payload (hex): 89edcd5dd31f2efd61da34aa7395e297f261c7ddf982046e7de6a97f1b9bf53d77a69ec4561dad2b82a6eed342e6c3747e64c643fc8371ca4dc7761f571649391cd340f29acbccbbe7a049149ad87d2f6127e89e5f4583d3a11eb83b314f0b38560536a2fd8ffca1754471c3c6bd3f13f8177a9d4dc7f2939a237f8a7cf7813ea139a5a036fd373260a7
  Payload: 7b2274797065223a2272656164696e67222c226e6f64654944223a312c2274656d70223a32382e392c2268756d6964697479223a34322e322c22636f5f70706d223a313633362e312c226c61746974756465223a6e756c6c2c226c6f6e676974756465223a6e756c6c2c22616c746974756465223a6e756c6c2c226770735f666978223a66616c73657d
  PHY Pkt: 406b2760000032000189edcd5dd31f2efd61da34aa7395e297f261c7ddf982046e7de6a97f1b9bf53d77a69ec4561dad2b82a6eed342e6c3747e64c643fc8371ca4dc7761f571649391cd340f29acbccbbe7a049149ad87d2f6127e89e5f4583d3a11eb83b314f0b38560536a2fd8ffca1754471c3c6bd3f13f8177a9d4dc7f2939a237f8a7cf7813ea139a5a036fd373260a730421891
  PHY payload len: 151 type: <class 'bytes'>
  lora.write used: list
→ Packet SENT
[AUDIO] Recording saved: ../recordings/clip_20251118_101528.wav
[AUDIO] ⚠️  Classification model not yet integrated - returning placeholder

============================================================
Timestamp: 2025-11-18 10:15:33
------------------------------------------------------------
🌡️  Temperature: 28.9°C (Normal)
💧 Humidity: 42.2% (Normal)
🔥 CO Level: 1633.7 ppm | Voltage: 0.582V | Rs: 75.98kΩ
   ⚠️  REMINDER: Calibrate R0 in clean air for accurate readings
📍 GPS: No data (check wiring or wait for warm-up)
🎤 Audio: LOW-RISK (not sent in reading packet)
============================================================

📡 LoRa JSON Packet Ready: {'type': 'reading', 'nodeID': 1, 'temp': 28.9, 'humidity': 42.2, 'co_ppm': 1633.7, 'latitude': None, 'longitude': None, 'altitude': None, 'gps_fix': False}
   JSON bytes len: 138 hex: 7b2274797065223a2272656164696e67222c226e6f64654944223a312c2274656d70223a32382e392c2268756d6964697479223a34322e322c22636f5f70706d223a313633332e372c226c61746974756465223a6e756c6c2c226c6f6e676974756465223a6e756c6c2c22616c746974756465223a6e756c6c2c226770735f666978223a66616c73657d
--- Sending ABP Packet (FCnt=51) ---
  Encrypted payload len: 138
  Encrypted payload (hex): ab8804841f4e97a4d13f5ca303f4801f4eb87156ea336c5daa888b1914ed66bb45db609db25155a4f83888527978f79a17a42a286e214b3ed7590b68a17fa0f9273f39dba20a5c387e635e94d9e17fc3defef1d99c690c6307cc7c6588ad0dc2387af770ae5e3bd129db714f20ff168cd5936a5702ec74b5acaad90cf33db0ccfe942653ba5994a3979e
  Payload: 7b2274797065223a2272656164696e67222c226e6f64654944223a312c2274656d70223a32382e392c2268756d6964697479223a34322e322c22636f5f70706d223a313633332e372c226c61746974756465223a6e756c6c2c226c6f6e676974756465223a6e756c6c2c22616c746974756465223a6e756c6c2c226770735f666978223a66616c73657d
  PHY Pkt: 406b27600000330001ab8804841f4e97a4d13f5ca303f4801f4eb87156ea336c5daa888b1914ed66bb45db609db25155a4f83888527978f79a17a42a286e214b3ed7590b68a17fa0f9273f39dba20a5c387e635e94d9e17fc3defef1d99c690c6307cc7c6588ad0dc2387af770ae5e3bd129db714f20ff168cd5936a5702ec74b5acaad90cf33db0ccfe942653ba5994a3979ed397d6bf
  PHY payload len: 151 type: <class 'bytes'>
  lora.write used: list
→ Packet SENT
[AUDIO] Recording saved: ../recordings/clip_20251118_101630.wav
[AUDIO] ⚠️  Classification model not yet integrated - returning placeholder

============================================================
Timestamp: 2025-11-18 10:16:35
------------------------------------------------------------
🌡️  Temperature: 28.9°C (Normal)
💧 Humidity: 42.2% (Normal)
🔥 CO Level: 1633.7 ppm | Voltage: 0.582V | Rs: 75.98kΩ
   ⚠️  REMINDER: Calibrate R0 in clean air for accurate readings
📍 GPS: No data (check wiring or wait for warm-up)
🎤 Audio: LOW-RISK (not sent in reading packet)
============================================================

📡 LoRa JSON Packet Ready: {'type': 'reading', 'nodeID': 1, 'temp': 28.9, 'humidity': 42.2, 'co_ppm': 1633.7, 'latitude': None, 'longitude': None, 'altitude': None, 'gps_fix': False}
   JSON bytes len: 138 hex: 7b2274797065223a2272656164696e67222c226e6f64654944223a312c2274656d70223a32382e392c2268756d6964697479223a34322e322c22636f5f70706d223a313633332e372c226c61746974756465223a6e756c6c2c226c6f6e676974756465223a6e756c6c2c22616c746974756465223a6e756c6c2c226770735f666978223a66616c73657d
[LoRa][WARN] ⚠️  Payload appears identical to last packet!
--- Sending ABP Packet (FCnt=52) ---
  Encrypted payload len: 138
  Encrypted payload (hex): ff0d231aaf7a691a9b66140b9464b7184b69a6cb5e0bb72f416bf4412b196436ac3fe72d5e4c6fcd6f2c3ae8d786ee2653b224705cf821e515861fd8a341b7d0f1b06976949975ca3dbba95e0800529c7bc481e1300c0c192ac606a034946b0bda3705a93a1ba42523534fb43eefd94d1dc5d2a914a2853510e04eb4a27a5db729d285b0e9975e1decf2
  Payload: 7b2274797065223a2272656164696e67222c226e6f64654944223a312c2274656d70223a32382e392c2268756d6964697479223a34322e322c22636f5f70706d223a313633332e372c226c61746974756465223a6e756c6c2c226c6f6e676974756465223a6e756c6c2c22616c746974756465223a6e756c6c2c226770735f666978223a66616c73657d
  PHY Pkt: 406b27600000340001ff0d231aaf7a691a9b66140b9464b7184b69a6cb5e0bb72f416bf4412b196436ac3fe72d5e4c6fcd6f2c3ae8d786ee2653b224705cf821e515861fd8a341b7d0f1b06976949975ca3dbba95e0800529c7bc481e1300c0c192ac606a034946b0bda3705a93a1ba42523534fb43eefd94d1dc5d2a914a2853510e04eb4a27a5db729d285b0e9975e1decf2f4280033
  PHY payload len: 151 type: <class 'bytes'>
  lora.write used: list
→ Packet SENT
[AUDIO] Recording saved: ../recordings/clip_20251118_101732.wav
[AUDIO] ⚠️  Classification model not yet integrated - returning placeholder

============================================================
Timestamp: 2025-11-18 10:17:37
------------------------------------------------------------
🌡️  Temperature: 29.1°C (Normal)
💧 Humidity: 41.6% (Normal)
🔥 CO Level: 1631.9 ppm | Voltage: 0.581V | Rs: 76.04kΩ
   ⚠️  REMINDER: Calibrate R0 in clean air for accurate readings
📍 GPS: No data (check wiring or wait for warm-up)
🎤 Audio: LOW-RISK (not sent in reading packet)
============================================================

📡 LoRa JSON Packet Ready: {'type': 'reading', 'nodeID': 1, 'temp': 29.1, 'humidity': 41.6, 'co_ppm': 1631.9, 'latitude': None, 'longitude': None, 'altitude': None, 'gps_fix': False}
   JSON bytes len: 138 hex: 7b2274797065223a2272656164696e67222c226e6f64654944223a312c2274656d70223a32392e312c2268756d6964697479223a34312e362c22636f5f70706d223a313633312e392c226c61746974756465223a6e756c6c2c226c6f6e676974756465223a6e756c6c2c22616c746974756465223a6e756c6c2c226770735f666978223a66616c73657d
--- Sending ABP Packet (FCnt=53) ---
  Encrypted payload len: 138
  Encrypted payload (hex): ee75722dad8cae6ebf05528126c402e98b61ba7416698eb23095eafb0ac952eb4cf21293e48acad24172dca6242403f3e0ce75cde781b1dbe156261c833c30cd4201357bb6822b90c873009fbcdde1f62ed2d6dfe5708021e923c79a79d6f95e0c41772e2a0869996b586c85f27ba7e3895e6e063ec4164cac9a894fa5b5758efefe443eb0255c3ab04b
  Payload: 7b2274797065223a2272656164696e67222c226e6f64654944223a312c2274656d70223a32392e312c2268756d6964697479223a34312e362c22636f5f70706d223a313633312e392c226c61746974756465223a6e756c6c2c226c6f6e676974756465223a6e756c6c2c22616c746974756465223a6e756c6c2c226770735f666978223a66616c73657d
  PHY Pkt: 406b27600000350001ee75722dad8cae6ebf05528126c402e98b61ba7416698eb23095eafb0ac952eb4cf21293e48acad24172dca6242403f3e0ce75cde781b1dbe156261c833c30cd4201357bb6822b90c873009fbcdde1f62ed2d6dfe5708021e923c79a79d6f95e0c41772e2a0869996b586c85f27ba7e3895e6e063ec4164cac9a894fa5b5758efefe443eb0255c3ab04b5b21cbbf
  PHY payload len: 151 type: <class 'bytes'>
  lora.write used: list
→ Packet SENT
[AUDIO] Recording saved: ../recordings/clip_20251118_101834.wav
[AUDIO] ⚠️  Classification model not yet integrated - returning placeholder

============================================================
Timestamp: 2025-11-18 10:18:39
------------------------------------------------------------
🌡️  Temperature: 29.1°C (Normal)
💧 Humidity: 41.6% (Normal)
🔥 CO Level: 1632.5 ppm | Voltage: 0.581V | Rs: 76.02kΩ
   ⚠️  REMINDER: Calibrate R0 in clean air for accurate readings
📍 GPS: No data (check wiring or wait for warm-up)
🎤 Audio: LOW-RISK (not sent in reading packet)
============================================================

📡 LoRa JSON Packet Ready: {'type': 'reading', 'nodeID': 1, 'temp': 29.1, 'humidity': 41.6, 'co_ppm': 1632.5, 'latitude': None, 'longitude': None, 'altitude': None, 'gps_fix': False}
   JSON bytes len: 138 hex: 7b2274797065223a2272656164696e67222c226e6f64654944223a312c2274656d70223a32392e312c2268756d6964697479223a34312e362c22636f5f70706d223a313633322e352c226c61746974756465223a6e756c6c2c226c6f6e676974756465223a6e756c6c2c22616c746974756465223a6e756c6c2c226770735f666978223a66616c73657d
--- Sending ABP Packet (FCnt=54) ---
  Encrypted payload len: 138
  Encrypted payload (hex): 87bb1dbddeb247779b6e7803b402607ee6443d253a1ec7fcc88465a3702b67fb6a0b18ce8a3094f59038cb1e6e0c7dc5909c562fa8eef5f77c4f6492d0ee4e65fe2da820c3fe2686a771b9de5744123ce6bf18bb5627eb0fab3ada080d0d749297baff8897886341ad41895fac4905b062bc6ced2026339b0e4dab59a9c6fed3de764dbeb88f588df8f4
  Payload: 7b2274797065223a2272656164696e67222c226e6f64654944223a312c2274656d70223a32392e312c2268756d6964697479223a34312e362c22636f5f70706d223a313633322e352c226c61746974756465223a6e756c6c2c226c6f6e676974756465223a6e756c6c2c22616c746974756465223a6e756c6c2c226770735f666978223a66616c73657d
  PHY Pkt: 406b2760000036000187bb1dbddeb247779b6e7803b402607ee6443d253a1ec7fcc88465a3702b67fb6a0b18ce8a3094f59038cb1e6e0c7dc5909c562fa8eef5f77c4f6492d0ee4e65fe2da820c3fe2686a771b9de5744123ce6bf18bb5627eb0fab3ada080d0d749297baff8897886341ad41895fac4905b062bc6ced2026339b0e4dab59a9c6fed3de764dbeb88f588df8f4d433a1c0
  PHY payload len: 151 type: <class 'bytes'>
  lora.write used: list
→ Packet SENT
[AUDIO] Recording saved: ../recordings/clip_20251118_101936.wav
[AUDIO] ⚠️  Classification model not yet integrated - returning placeholder

============================================================
Timestamp: 2025-11-18 10:19:41
------------------------------------------------------------
🌡️  Temperature: 29.1°C (Normal)
💧 Humidity: 41.6% (Normal)
🔥 CO Level: 1633.7 ppm | Voltage: 0.582V | Rs: 75.98kΩ
   ⚠️  REMINDER: Calibrate R0 in clean air for accurate readings
📍 GPS: No data (check wiring or wait for warm-up)
🎤 Audio: LOW-RISK (not sent in reading packet)
============================================================

📡 LoRa JSON Packet Ready: {'type': 'reading', 'nodeID': 1, 'temp': 29.1, 'humidity': 41.6, 'co_ppm': 1633.7, 'latitude': None, 'longitude': None, 'altitude': None, 'gps_fix': False}
   JSON bytes len: 138 hex: 7b2274797065223a2272656164696e67222c226e6f64654944223a312c2274656d70223a32392e312c2268756d6964697479223a34312e362c22636f5f70706d223a313633332e372c226c61746974756465223a6e756c6c2c226c6f6e676974756465223a6e756c6c2c22616c746974756465223a6e756c6c2c226770735f666978223a66616c73657d
--- Sending ABP Packet (FCnt=55) ---
  Encrypted payload len: 138
  Encrypted payload (hex): 0f384239e2b5175fbc6f42584f2d0c15b18900440518f65041dd97a8ce237512436ea77d0b500dd9007e11f8f2b23dec1ead0628b80d46e44f3fc3a1a9aa964c375f0f488e2632cd4bbe27ddaba9761a69663d368b275b8f1bdbd5c58475d52bb1162e340636d35444d31fe583c9d0702cfc098c275e061623ad1f61969cb1958fce42785e0de8d8a488
  Payload: 7b2274797065223a2272656164696e67222c226e6f64654944223a312c2274656d70223a32392e312c2268756d6964697479223a34312e362c22636f5f70706d223a313633332e372c226c61746974756465223a6e756c6c2c226c6f6e676974756465223a6e756c6c2c22616c746974756465223a6e756c6c2c226770735f666978223a66616c73657d
  PHY Pkt: 406b276000003700010f384239e2b5175fbc6f42584f2d0c15b18900440518f65041dd97a8ce237512436ea77d0b500dd9007e11f8f2b23dec1ead0628b80d46e44f3fc3a1a9aa964c375f0f488e2632cd4bbe27ddaba9761a69663d368b275b8f1bdbd5c58475d52bb1162e340636d35444d31fe583c9d0702cfc098c275e061623ad1f61969cb1958fce42785e0de8d8a488b0875fd0
  PHY payload len: 151 type: <class 'bytes'>
  lora.write used: list
→ Packet SENT
[AUDIO] Recording saved: ../recordings/clip_20251118_102038.wav
[AUDIO] ⚠️  Classification model not yet integrated - returning placeholder

============================================================
Timestamp: 2025-11-18 10:20:43
------------------------------------------------------------
🌡️  Temperature: 29.3°C (Normal)
💧 Humidity: 41.4% (Normal)
🔥 CO Level: 1630.7 ppm | Voltage: 0.581V | Rs: 76.08kΩ
   ⚠️  REMINDER: Calibrate R0 in clean air for accurate readings
📍 GPS: No data (check wiring or wait for warm-up)
🎤 Audio: LOW-RISK (not sent in reading packet)
============================================================

📡 LoRa JSON Packet Ready: {'type': 'reading', 'nodeID': 1, 'temp': 29.3, 'humidity': 41.4, 'co_ppm': 1630.7, 'latitude': None, 'longitude': None, 'altitude': None, 'gps_fix': False}
   JSON bytes len: 138 hex: 7b2274797065223a2272656164696e67222c226e6f64654944223a312c2274656d70223a32392e332c2268756d6964697479223a34312e342c22636f5f70706d223a313633302e372c226c61746974756465223a6e756c6c2c226c6f6e676974756465223a6e756c6c2c22616c746974756465223a6e756c6c2c226770735f666978223a66616c73657d
--- Sending ABP Packet (FCnt=56) ---
  Encrypted payload len: 138
  Encrypted payload (hex): f63fce32b1c22ae9cd171232c5ebce8110e2eb0afc55fc62d685bd4e87ac6e911e31248373a00b96fdf72ee355047262a8dfb36d9410b29e9f7af25f1e822bf2af9eb0658aa2a8be59e219d205b581b7b2e52c2660a6c396619a3008fbeef68ace1327141317d901e1dfb4f63568cf907043f2704d0f91e1adccfb870ebd23cc345542d3eed0b3d37caa
  Payload: 7b2274797065223a2272656164696e67222c226e6f64654944223a312c2274656d70223a32392e332c2268756d6964697479223a34312e342c22636f5f70706d223a313633302e372c226c61746974756465223a6e756c6c2c226c6f6e676974756465223a6e756c6c2c22616c746974756465223a6e756c6c2c226770735f666978223a66616c73657d
  PHY Pkt: 406b27600000380001f63fce32b1c22ae9cd171232c5ebce8110e2eb0afc55fc62d685bd4e87ac6e911e31248373a00b96fdf72ee355047262a8dfb36d9410b29e9f7af25f1e822bf2af9eb0658aa2a8be59e219d205b581b7b2e52c2660a6c396619a3008fbeef68ace1327141317d901e1dfb4f63568cf907043f2704d0f91e1adccfb870ebd23cc345542d3eed0b3d37caa53f936de
  PHY payload len: 151 type: <class 'bytes'>
  lora.write used: list
→ Packet SENT
[AUDIO] Recording saved: ../recordings/clip_20251118_102141.wav
[AUDIO] ⚠️  Classification model not yet integrated - returning placeholder

============================================================
Timestamp: 2025-11-18 10:21:46
------------------------------------------------------------
🌡️  Temperature: 29.3°C (Normal)
💧 Humidity: 41.4% (Normal)
🔥 CO Level: 1631.9 ppm | Voltage: 0.581V | Rs: 76.04kΩ
   ⚠️  REMINDER: Calibrate R0 in clean air for accurate readings
📍 GPS: No data (check wiring or wait for warm-up)
🎤 Audio: LOW-RISK (not sent in reading packet)
============================================================

📡 LoRa JSON Packet Ready: {'type': 'reading', 'nodeID': 1, 'temp': 29.3, 'humidity': 41.4, 'co_ppm': 1631.9, 'latitude': None, 'longitude': None, 'altitude': None, 'gps_fix': False}
   JSON bytes len: 138 hex: 7b2274797065223a2272656164696e67222c226e6f64654944223a312c2274656d70223a32392e332c2268756d6964697479223a34312e342c22636f5f70706d223a313633312e392c226c61746974756465223a6e756c6c2c226c6f6e676974756465223a6e756c6c2c22616c746974756465223a6e756c6c2c226770735f666978223a66616c73657d
--- Sending ABP Packet (FCnt=57) ---
  Encrypted payload len: 138
  Encrypted payload (hex): f7bdd95f25a3c0d623e14e4f709c8b28ec883a12583aac4f8a654418ce2927b483efd37383e6ae1bc34f4906966ee2fbd514f65c5bbda2572ec633b5fb920b9ad8e371375ca2dd33e714d910dd484c709e74547fa408f7f5bff15ecfd809e475913d9d7f8d36e934823246354f5e6d683ee526f41c4ce7294a565a3198d454ff4d300e544fdfe81c75b0
  Payload: 7b2274797065223a2272656164696e67222c226e6f64654944223a312c2274656d70223a32392e332c2268756d6964697479223a34312e342c22636f5f70706d223a313633312e392c226c61746974756465223a6e756c6c2c226c6f6e676974756465223a6e756c6c2c22616c746974756465223a6e756c6c2c226770735f666978223a66616c73657d
  PHY Pkt: 406b27600000390001f7bdd95f25a3c0d623e14e4f709c8b28ec883a12583aac4f8a654418ce2927b483efd37383e6ae1bc34f4906966ee2fbd514f65c5bbda2572ec633b5fb920b9ad8e371375ca2dd33e714d910dd484c709e74547fa408f7f5bff15ecfd809e475913d9d7f8d36e934823246354f5e6d683ee526f41c4ce7294a565a3198d454ff4d300e544fdfe81c75b09f2a1c50
  PHY payload len: 151 type: <class 'bytes'>
  lora.write used: list
→ Packet SENT
[AUDIO] Recording saved: ../recordings/clip_20251118_102243.wav
[AUDIO] ⚠️  Classification model not yet integrated - returning placeholder

============================================================
Timestamp: 2025-11-18 10:22:48
------------------------------------------------------------
🌡️  Temperature: 29.3°C (Normal)
💧 Humidity: 41.3% (Normal)
🔥 CO Level: 1635.5 ppm | Voltage: 0.582V | Rs: 75.93kΩ
   ⚠️  REMINDER: Calibrate R0 in clean air for accurate readings
📍 GPS: No data (check wiring or wait for warm-up)
🎤 Audio: LOW-RISK (not sent in reading packet)
============================================================

📡 LoRa JSON Packet Ready: {'type': 'reading', 'nodeID': 1, 'temp': 29.3, 'humidity': 41.3, 'co_ppm': 1635.5, 'latitude': None, 'longitude': None, 'altitude': None, 'gps_fix': False}
   JSON bytes len: 138 hex: 7b2274797065223a2272656164696e67222c226e6f64654944223a312c2274656d70223a32392e332c2268756d6964697479223a34312e332c22636f5f70706d223a313633352e352c226c61746974756465223a6e756c6c2c226c6f6e676974756465223a6e756c6c2c22616c746974756465223a6e756c6c2c226770735f666978223a66616c73657d
--- Sending ABP Packet (FCnt=58) ---
  Encrypted payload len: 138
  Encrypted payload (hex): 536d23876a6297d7d93d94b5af5b133f90ecf6fb03cd38526b7bce2b8e6c99dda68ce21ffbfdea427eb3c9ce962c908549106144671c75017798b638ef7fe83cbd7763d5207cb2dfbf281a103707008a619dbb127b5e1a6775ecf3167f44ceaf9b5d0a5507f83532291745205051fa095e7ea519c13299f2b44fbc4178b89ccf9839f19071f265640710
  Payload: 7b2274797065223a2272656164696e67222c226e6f64654944223a312c2274656d70223a32392e332c2268756d6964697479223a34312e332c22636f5f70706d223a313633352e352c226c61746974756465223a6e756c6c2c226c6f6e676974756465223a6e756c6c2c22616c746974756465223a6e756c6c2c226770735f666978223a66616c73657d
  PHY Pkt: 406b276000003a0001536d23876a6297d7d93d94b5af5b133f90ecf6fb03cd38526b7bce2b8e6c99dda68ce21ffbfdea427eb3c9ce962c908549106144671c75017798b638ef7fe83cbd7763d5207cb2dfbf281a103707008a619dbb127b5e1a6775ecf3167f44ceaf9b5d0a5507f83532291745205051fa095e7ea519c13299f2b44fbc4178b89ccf9839f19071f265640710a25d333f
  PHY payload len: 151 type: <class 'bytes'>
  lora.write used: list
→ Packet SENT
[AUDIO] Recording saved: ../recordings/clip_20251118_102344.wav
[AUDIO] ⚠️  Classification model not yet integrated - returning placeholder

============================================================
Timestamp: 2025-11-18 10:23:49
------------------------------------------------------------
🌡️  Temperature: 29.3°C (Normal)
💧 Humidity: 41.1% (Normal)
🔥 CO Level: 1634.9 ppm | Voltage: 0.582V | Rs: 75.95kΩ
   ⚠️  REMINDER: Calibrate R0 in clean air for accurate readings
📍 GPS: No data (check wiring or wait for warm-up)
🎤 Audio: LOW-RISK (not sent in reading packet)
============================================================

📡 LoRa JSON Packet Ready: {'type': 'reading', 'nodeID': 1, 'temp': 29.3, 'humidity': 41.1, 'co_ppm': 1634.9, 'latitude': None, 'longitude': None, 'altitude': None, 'gps_fix': False}
   JSON bytes len: 138 hex: 7b2274797065223a2272656164696e67222c226e6f64654944223a312c2274656d70223a32392e332c2268756d6964697479223a34312e312c22636f5f70706d223a313633342e392c226c61746974756465223a6e756c6c2c226c6f6e676974756465223a6e756c6c2c22616c746974756465223a6e756c6c2c226770735f666978223a66616c73657d
--- Sending ABP Packet (FCnt=59) ---
  Encrypted payload len: 138
  Encrypted payload (hex): c839421d21aa17dff98c8341b196ff1ae4ff63be3be04cd4496ca10edb79240d7f6901b17fac18a7b3034aece25e242bc20c3853e28741221e15096fafb6897e890c5caabffcdec7e49036f3098f8ebb1af25c1297f141ea02da97d4328e9d9820c6e4be7c1a6579c94b6d3b78fa2a944c56e8e6c40c57b4aa19c29c85c81871ccb826acf8c0a850289c
  Payload: 7b2274797065223a2272656164696e67222c226e6f64654944223a312c2274656d70223a32392e332c2268756d6964697479223a34312e312c22636f5f70706d223a313633342e392c226c61746974756465223a6e756c6c2c226c6f6e676974756465223a6e756c6c2c22616c746974756465223a6e756c6c2c226770735f666978223a66616c73657d
  PHY Pkt: 406b276000003b0001c839421d21aa17dff98c8341b196ff1ae4ff63be3be04cd4496ca10edb79240d7f6901b17fac18a7b3034aece25e242bc20c3853e28741221e15096fafb6897e890c5caabffcdec7e49036f3098f8ebb1af25c1297f141ea02da97d4328e9d9820c6e4be7c1a6579c94b6d3b78fa2a944c56e8e6c40c57b4aa19c29c85c81871ccb826acf8c0a850289c10e574fb
  PHY payload len: 151 type: <class 'bytes'>
  lora.write used: list
→ Packet SENT
[AUDIO] Recording saved: ../recordings/clip_20251118_102446.wav
[AUDIO] ⚠️  Classification model not yet integrated - returning placeholder

============================================================
Timestamp: 2025-11-18 10:24:51
------------------------------------------------------------
🌡️  Temperature: 29.3°C (Normal)
💧 Humidity: 41.1% (Normal)
🔥 CO Level: 1635.5 ppm | Voltage: 0.582V | Rs: 75.93kΩ
   ⚠️  REMINDER: Calibrate R0 in clean air for accurate readings
📍 GPS: No data (check wiring or wait for warm-up)
🎤 Audio: LOW-RISK (not sent in reading packet)
============================================================

📡 LoRa JSON Packet Ready: {'type': 'reading', 'nodeID': 1, 'temp': 29.3, 'humidity': 41.1, 'co_ppm': 1635.5, 'latitude': None, 'longitude': None, 'altitude': None, 'gps_fix': False}
   JSON bytes len: 138 hex: 7b2274797065223a2272656164696e67222c226e6f64654944223a312c2274656d70223a32392e332c2268756d6964697479223a34312e312c22636f5f70706d223a313633352e352c226c61746974756465223a6e756c6c2c226c6f6e676974756465223a6e756c6c2c22616c746974756465223a6e756c6c2c226770735f666978223a66616c73657d
--- Sending ABP Packet (FCnt=60) ---
  Encrypted payload len: 138
  Encrypted payload (hex): 97d267e86f532286acec5116aa0b6e5cb4764f232d8c2703eb874db203960e0353d32885b54ed9cb442f22e2af5dfec612c3897e74f1402378b8f332f0cad03d6fd961ffcec4ee535faeffce800cf692d429a3dcf7628cd36869ab76e8a678a8f9d83d074c614f643482f892cb634b2f459a0e49ed3755c37411b3dd62766915a709f17b49015a96f6a8
  Payload: 7b2274797065223a2272656164696e67222c226e6f64654944223a312c2274656d70223a32392e332c2268756d6964697479223a34312e312c22636f5f70706d223a313633352e352c226c61746974756465223a6e756c6c2c226c6f6e676974756465223a6e756c6c2c22616c746974756465223a6e756c6c2c226770735f666978223a66616c73657d
  PHY Pkt: 406b276000003c000197d267e86f532286acec5116aa0b6e5cb4764f232d8c2703eb874db203960e0353d32885b54ed9cb442f22e2af5dfec612c3897e74f1402378b8f332f0cad03d6fd961ffcec4ee535faeffce800cf692d429a3dcf7628cd36869ab76e8a678a8f9d83d074c614f643482f892cb634b2f459a0e49ed3755c37411b3dd62766915a709f17b49015a96f6a8a1653c89
  PHY payload len: 151 type: <class 'bytes'>
  lora.write used: list
→ Packet SENT
[DHT22] Reading error: A full buffer was not returned. Try again.
[AUDIO] Recording saved: ../recordings/clip_20251118_102548.wav
[AUDIO] ⚠️  Classification model not yet integrated - returning placeholder

============================================================
Timestamp: 2025-11-18 10:25:53
------------------------------------------------------------
🌡️  Temperature: ERROR
💧 Humidity: ERROR
🔥 CO Level: 1637.9 ppm | Voltage: 0.582V | Rs: 75.86kΩ
   ⚠️  REMINDER: Calibrate R0 in clean air for accurate readings
📍 GPS: No data (check wiring or wait for warm-up)
🎤 Audio: LOW-RISK (not sent in reading packet)
============================================================

📡 LoRa JSON Packet Ready: {'type': 'reading', 'nodeID': 1, 'temp': None, 'humidity': None, 'co_ppm': 1637.9, 'latitude': None, 'longitude': None, 'altitude': None, 'gps_fix': False}
   JSON bytes len: 138 hex: 7b2274797065223a2272656164696e67222c226e6f64654944223a312c2274656d70223a6e756c6c2c2268756d6964697479223a6e756c6c2c22636f5f70706d223a313633372e392c226c61746974756465223a6e756c6c2c226c6f6e676974756465223a6e756c6c2c22616c746974756465223a6e756c6c2c226770735f666978223a66616c73657d
--- Sending ABP Packet (FCnt=61) ---
  Encrypted payload len: 138
  Encrypted payload (hex): 02dc9da993ac69961cd6cb5a9ddc93053e998612b61d39dd2dd0164727b6323c4ef9a15a3f116f1817d951854507b14c500f054c3f7401dcab04f281a547686268d513a5398b4a6b669fbe5da8007a6b4816da8f23f778b7630ade88724dd309043fe5b97f7a46105867303472ec7371b4dd5ce75907176e1dd430044183e548b2e43b9de09cff7fd260
  Payload: 7b2274797065223a2272656164696e67222c226e6f64654944223a312c2274656d70223a6e756c6c2c2268756d6964697479223a6e756c6c2c22636f5f70706d223a313633372e392c226c61746974756465223a6e756c6c2c226c6f6e676974756465223a6e756c6c2c22616c746974756465223a6e756c6c2c226770735f666978223a66616c73657d
  PHY Pkt: 406b276000003d000102dc9da993ac69961cd6cb5a9ddc93053e998612b61d39dd2dd0164727b6323c4ef9a15a3f116f1817d951854507b14c500f054c3f7401dcab04f281a547686268d513a5398b4a6b669fbe5da8007a6b4816da8f23f778b7630ade88724dd309043fe5b97f7a46105867303472ec7371b4dd5ce75907176e1dd430044183e548b2e43b9de09cff7fd260050c1da6
  PHY payload len: 151 type: <class 'bytes'>
  lora.write used: list
→ Packet SENT
[AUDIO] Recording saved: ../recordings/clip_20251118_102651.wav
[AUDIO] ⚠️  Classification model not yet integrated - returning placeholder

============================================================
Timestamp: 2025-11-18 10:26:56
------------------------------------------------------------
🌡️  Temperature: 29.3°C (Normal)
💧 Humidity: 41.1% (Normal)
🔥 CO Level: 1634.9 ppm | Voltage: 0.582V | Rs: 75.95kΩ
   ⚠️  REMINDER: Calibrate R0 in clean air for accurate readings
📍 GPS: No data (check wiring or wait for warm-up)
🎤 Audio: LOW-RISK (not sent in reading packet)
============================================================

📡 LoRa JSON Packet Ready: {'type': 'reading', 'nodeID': 1, 'temp': 29.3, 'humidity': 41.1, 'co_ppm': 1634.9, 'latitude': None, 'longitude': None, 'altitude': None, 'gps_fix': False}
   JSON bytes len: 138 hex: 7b2274797065223a2272656164696e67222c226e6f64654944223a312c2274656d70223a32392e332c2268756d6964697479223a34312e312c22636f5f70706d223a313633342e392c226c61746974756465223a6e756c6c2c226c6f6e676974756465223a6e756c6c2c22616c746974756465223a6e756c6c2c226770735f666978223a66616c73657d
--- Sending ABP Packet (FCnt=62) ---
  Encrypted payload len: 138
  Encrypted payload (hex): a5c060d5a00ef7078080653d737b5517d32d4d4eb82ff1635ed99eadd350dd82bf036f286e2ba539dfffabcac04081dface7ff0fbab1e64612036f3e54c080ef914739764b70db615511cb2aebd7f41f46f330b1bf9b41801e3b6b5d8337cb158a099ec53f2f5acf695fdbebf4d5e800cbfd4d114dcbffd273e35a1b15905441da204c02b4b8a68d6e5c
  Payload: 7b2274797065223a2272656164696e67222c226e6f64654944223a312c2274656d70223a32392e332c2268756d6964697479223a34312e312c22636f5f70706d223a313633342e392c226c61746974756465223a6e756c6c2c226c6f6e676974756465223a6e756c6c2c22616c746974756465223a6e756c6c2c226770735f666978223a66616c73657d
  PHY Pkt: 406b276000003e0001a5c060d5a00ef7078080653d737b5517d32d4d4eb82ff1635ed99eadd350dd82bf036f286e2ba539dfffabcac04081dface7ff0fbab1e64612036f3e54c080ef914739764b70db615511cb2aebd7f41f46f330b1bf9b41801e3b6b5d8337cb158a099ec53f2f5acf695fdbebf4d5e800cbfd4d114dcbffd273e35a1b15905441da204c02b4b8a68d6e5c4141f153
  PHY payload len: 151 type: <class 'bytes'>
  lora.write used: list
→ Packet SENT
[DHT22] Reading error: A full buffer was not returned. Try again.
[AUDIO] Recording saved: ../recordings/clip_20251118_102752.wav
[AUDIO] ⚠️  Classification model not yet integrated - returning placeholder

============================================================
Timestamp: 2025-11-18 10:27:57
------------------------------------------------------------
🌡️  Temperature: ERROR
💧 Humidity: ERROR
🔥 CO Level: 1631.3 ppm | Voltage: 0.581V | Rs: 76.06kΩ
   ⚠️  REMINDER: Calibrate R0 in clean air for accurate readings
📍 GPS: No data (check wiring or wait for warm-up)
🎤 Audio: LOW-RISK (not sent in reading packet)
============================================================

📡 LoRa JSON Packet Ready: {'type': 'reading', 'nodeID': 1, 'temp': None, 'humidity': None, 'co_ppm': 1631.3, 'latitude': None, 'longitude': None, 'altitude': None, 'gps_fix': False}
   JSON bytes len: 138 hex: 7b2274797065223a2272656164696e67222c226e6f64654944223a312c2274656d70223a6e756c6c2c2268756d6964697479223a6e756c6c2c22636f5f70706d223a313633312e332c226c61746974756465223a6e756c6c2c226c6f6e676974756465223a6e756c6c2c22616c746974756465223a6e756c6c2c226770735f666978223a66616c73657d
--- Sending ABP Packet (FCnt=63) ---
  Encrypted payload len: 138
  Encrypted payload (hex): e1705c3c802b37e8ed6e2f487a73aba69dab164dea6b9665916d1f182d442ff6119cdd96855cc07cba22d9efab14c2ee54cb0534d2a45458fb0d4f017a97d9ca8c57f23c3c56117a83a52dc1e7bb663a54a1264b85c955c054699b5956a03083fb4a602c39a7a687675e9d68fbc5b3409f4c6ea19043eeefa305fc2a0910a707e46c4920b1aa74b77806
  Payload: 7b2274797065223a2272656164696e67222c226e6f64654944223a312c2274656d70223a6e756c6c2c2268756d6964697479223a6e756c6c2c22636f5f70706d223a313633312e332c226c61746974756465223a6e756c6c2c226c6f6e676974756465223a6e756c6c2c22616c746974756465223a6e756c6c2c226770735f666978223a66616c73657d
  PHY Pkt: 406b276000003f0001e1705c3c802b37e8ed6e2f487a73aba69dab164dea6b9665916d1f182d442ff6119cdd96855cc07cba22d9efab14c2ee54cb0534d2a45458fb0d4f017a97d9ca8c57f23c3c56117a83a52dc1e7bb663a54a1264b85c955c054699b5956a03083fb4a602c39a7a687675e9d68fbc5b3409f4c6ea19043eeefa305fc2a0910a707e46c4920b1aa74b7780684aa9f33
  PHY payload len: 151 type: <class 'bytes'>
  lora.write used: list
→ Packet SENT
[AUDIO] Recording saved: ../recordings/clip_20251118_102855.wav
[AUDIO] ⚠️  Classification model not yet integrated - returning placeholder

============================================================
Timestamp: 2025-11-18 10:29:00
------------------------------------------------------------
🌡️  Temperature: 29.3°C (Normal)
💧 Humidity: 41.1% (Normal)
🔥 CO Level: 1630.7 ppm | Voltage: 0.581V | Rs: 76.08kΩ
   ⚠️  REMINDER: Calibrate R0 in clean air for accurate readings
📍 GPS: No data (check wiring or wait for warm-up)
🎤 Audio: LOW-RISK (not sent in reading packet)
============================================================

📡 LoRa JSON Packet Ready: {'type': 'reading', 'nodeID': 1, 'temp': 29.3, 'humidity': 41.1, 'co_ppm': 1630.7, 'latitude': None, 'longitude': None, 'altitude': None, 'gps_fix': False}
   JSON bytes len: 138 hex: 7b2274797065223a2272656164696e67222c226e6f64654944223a312c2274656d70223a32392e332c2268756d6964697479223a34312e312c22636f5f70706d223a313633302e372c226c61746974756465223a6e756c6c2c226c6f6e676974756465223a6e756c6c2c22616c746974756465223a6e756c6c2c226770735f666978223a66616c73657d
--- Sending ABP Packet (FCnt=64) ---
  Encrypted payload len: 138
  Encrypted payload (hex): d497514790e61e88b796f1a8107a74c94e3c17c4c5cdba72b9a4baa7a1cf7f71e18366ced0b6e99a85ff0f9563f90bea85dc1b09a8ac019d98094aee458c065fec1774043d3e6163ddecce0f0d7b2b91e375afe36cbb5eefeb3244d987ed7efb0022a9dc8af091b56154e59ac604287ee3f73d2e752d8814c83e4863e432e5fe19c442df1cc24c83ed89
  Payload: 7b2274797065223a2272656164696e67222c226e6f64654944223a312c2274656d70223a32392e332c2268756d6964697479223a34312e312c22636f5f70706d223a313633302e372c226c61746974756465223a6e756c6c2c226c6f6e676974756465223a6e756c6c2c22616c746974756465223a6e756c6c2c226770735f666978223a66616c73657d
  PHY Pkt: 406b27600000400001d497514790e61e88b796f1a8107a74c94e3c17c4c5cdba72b9a4baa7a1cf7f71e18366ced0b6e99a85ff0f9563f90bea85dc1b09a8ac019d98094aee458c065fec1774043d3e6163ddecce0f0d7b2b91e375afe36cbb5eefeb3244d987ed7efb0022a9dc8af091b56154e59ac604287ee3f73d2e752d8814c83e4863e432e5fe19c442df1cc24c83ed8951cee515
  PHY payload len: 151 type: <class 'bytes'>
  lora.write used: list
→ Packet SENT
[AUDIO] Recording saved: ../recordings/clip_20251118_102957.wav
[AUDIO] ⚠️  Classification model not yet integrated - returning placeholder

============================================================
Timestamp: 2025-11-18 10:30:02
------------------------------------------------------------
🌡️  Temperature: 29.4°C (Normal)
💧 Humidity: 42.2% (Normal)
🔥 CO Level: 1633.7 ppm | Voltage: 0.582V | Rs: 75.98kΩ
   ⚠️  REMINDER: Calibrate R0 in clean air for accurate readings
📍 GPS: No data (check wiring or wait for warm-up)
🎤 Audio: LOW-RISK (not sent in reading packet)
============================================================

📡 LoRa JSON Packet Ready: {'type': 'reading', 'nodeID': 1, 'temp': 29.4, 'humidity': 42.2, 'co_ppm': 1633.7, 'latitude': None, 'longitude': None, 'altitude': None, 'gps_fix': False}
   JSON bytes len: 138 hex: 7b2274797065223a2272656164696e67222c226e6f64654944223a312c2274656d70223a32392e342c2268756d6964697479223a34322e322c22636f5f70706d223a313633332e372c226c61746974756465223a6e756c6c2c226c6f6e676974756465223a6e756c6c2c22616c746974756465223a6e756c6c2c226770735f666978223a66616c73657d
--- Sending ABP Packet (FCnt=65) ---
  Encrypted payload len: 138
  Encrypted payload (hex): 8f2db82d6eacae361f4ddba7a458612a8132b2f74a784726b01d562026c0594113383a68a66c60c991c82e5d2aa9c9cdc25732723777d7a168bf4456168e182c90c14f6c4f5050bb8d190a0ae91d0a86b0d91d155dce27a1077ef4708d007bb4cbb8aaa1dde5f13b99a347d96ef91f3f14935de99c52bf049e7e1b3af50a5ffc4dd27ffbff2ca0dff9d1
  Payload: 7b2274797065223a2272656164696e67222c226e6f64654944223a312c2274656d70223a32392e342c2268756d6964697479223a34322e322c22636f5f70706d223a313633332e372c226c61746974756465223a6e756c6c2c226c6f6e676974756465223a6e756c6c2c22616c746974756465223a6e756c6c2c226770735f666978223a66616c73657d
  PHY Pkt: 406b276000004100018f2db82d6eacae361f4ddba7a458612a8132b2f74a784726b01d562026c0594113383a68a66c60c991c82e5d2aa9c9cdc25732723777d7a168bf4456168e182c90c14f6c4f5050bb8d190a0ae91d0a86b0d91d155dce27a1077ef4708d007bb4cbb8aaa1dde5f13b99a347d96ef91f3f14935de99c52bf049e7e1b3af50a5ffc4dd27ffbff2ca0dff9d1c5677e08
  PHY payload len: 151 type: <class 'bytes'>
  lora.write used: list
→ Packet SENT
[DHT22] Reading error: DHT sensor not found, check wiring
[AUDIO] Recording saved: ../recordings/clip_20251118_103059.wav
[AUDIO] ⚠️  Classification model not yet integrated - returning placeholder

============================================================
Timestamp: 2025-11-18 10:31:04
------------------------------------------------------------
🌡️  Temperature: ERROR
💧 Humidity: ERROR
🔥 CO Level: 1631.9 ppm | Voltage: 0.581V | Rs: 76.04kΩ
   ⚠️  REMINDER: Calibrate R0 in clean air for accurate readings
📍 GPS: No data (check wiring or wait for warm-up)
🎤 Audio: LOW-RISK (not sent in reading packet)
============================================================

📡 LoRa JSON Packet Ready: {'type': 'reading', 'nodeID': 1, 'temp': None, 'humidity': None, 'co_ppm': 1631.9, 'latitude': None, 'longitude': None, 'altitude': None, 'gps_fix': False}
   JSON bytes len: 138 hex: 7b2274797065223a2272656164696e67222c226e6f64654944223a312c2274656d70223a6e756c6c2c2268756d6964697479223a6e756c6c2c22636f5f70706d223a313633312e392c226c61746974756465223a6e756c6c2c226c6f6e676974756465223a6e756c6c2c22616c746974756465223a6e756c6c2c226770735f666978223a66616c73657d
--- Sending ABP Packet (FCnt=66) ---
  Encrypted payload len: 138
  Encrypted payload (hex): 367e11e5f2bcf1aea35463c2733b94ba025956278a02ba22b289430e17719d01247089e49f6958021f32b6bae75b57a3e42e9123b5bcd84688d35d263cc97c3a2037eb8647bd768a215c005068de98b5884d9980859eaefe7e7d7a71e866a654c3ebe1eb71be6a3b0fbf59a9d901099497f82b1d6828b09796deee39771a4ef1a556dc7e821492d89930
  Payload: 7b2274797065223a2272656164696e67222c226e6f64654944223a312c2274656d70223a6e756c6c2c2268756d6964697479223a6e756c6c2c22636f5f70706d223a313633312e392c226c61746974756465223a6e756c6c2c226c6f6e676974756465223a6e756c6c2c22616c746974756465223a6e756c6c2c226770735f666978223a66616c73657d
  PHY Pkt: 406b27600000420001367e11e5f2bcf1aea35463c2733b94ba025956278a02ba22b289430e17719d01247089e49f6958021f32b6bae75b57a3e42e9123b5bcd84688d35d263cc97c3a2037eb8647bd768a215c005068de98b5884d9980859eaefe7e7d7a71e866a654c3ebe1eb71be6a3b0fbf59a9d901099497f82b1d6828b09796deee39771a4ef1a556dc7e821492d8993007ea8c65
  PHY payload len: 151 type: <class 'bytes'>
  lora.write used: list
→ Packet SENT
[AUDIO] Recording saved: ../recordings/clip_20251118_103200.wav
[AUDIO] ⚠️  Classification model not yet integrated - returning placeholder

============================================================
Timestamp: 2025-11-18 10:32:05
------------------------------------------------------------
🌡️  Temperature: 29.5°C (Normal)
💧 Humidity: 42.2% (Normal)
🔥 CO Level: 1627.8 ppm | Voltage: 0.58V | Rs: 76.17kΩ
   ⚠️  REMINDER: Calibrate R0 in clean air for accurate readings
📍 GPS: No data (check wiring or wait for warm-up)
🎤 Audio: LOW-RISK (not sent in reading packet)
============================================================

📡 LoRa JSON Packet Ready: {'type': 'reading', 'nodeID': 1, 'temp': 29.5, 'humidity': 42.2, 'co_ppm': 1627.8, 'latitude': None, 'longitude': None, 'altitude': None, 'gps_fix': False}
   JSON bytes len: 138 hex: 7b2274797065223a2272656164696e67222c226e6f64654944223a312c2274656d70223a32392e352c2268756d6964697479223a34322e322c22636f5f70706d223a313632372e382c226c61746974756465223a6e756c6c2c226c6f6e676974756465223a6e756c6c2c22616c746974756465223a6e756c6c2c226770735f666978223a66616c73657d
--- Sending ABP Packet (FCnt=67) ---
  Encrypted payload len: 138
  Encrypted payload (hex): 444735c97b75c9b073e5abbf2c67c605aa025f3c005746aceb618d41445f67c4c456c1e070940238c383f7c391ca7fdce86a11577e62efcc3a9659781f8f5a3338de715c253e7583ed214709d864aff4649878216fd79cf3075bdcecd6c702df11d461363596928e3846dcb41d3fab6eb1a6ffae0f4d4f9de7cc8aa5bb9c4e286d8278494ea6faa48bf7
  Payload: 7b2274797065223a2272656164696e67222c226e6f64654944223a312c2274656d70223a32392e352c2268756d6964697479223a34322e322c22636f5f70706d223a313632372e382c226c61746974756465223a6e756c6c2c226c6f6e676974756465223a6e756c6c2c22616c746974756465223a6e756c6c2c226770735f666978223a66616c73657d
  PHY Pkt: 406b27600000430001444735c97b75c9b073e5abbf2c67c605aa025f3c005746aceb618d41445f67c4c456c1e070940238c383f7c391ca7fdce86a11577e62efcc3a9659781f8f5a3338de715c253e7583ed214709d864aff4649878216fd79cf3075bdcecd6c702df11d461363596928e3846dcb41d3fab6eb1a6ffae0f4d4f9de7cc8aa5bb9c4e286d8278494ea6faa48bf7be02026b
  PHY payload len: 151 type: <class 'bytes'>
  lora.write used: list
→ Packet SENT
[DHT22] Reading error: DHT sensor not found, check wiring
[AUDIO] Recording saved: ../recordings/clip_20251118_103302.wav
[AUDIO] ⚠️  Classification model not yet integrated - returning placeholder

============================================================
Timestamp: 2025-11-18 10:33:07
------------------------------------------------------------
🌡️  Temperature: ERROR
💧 Humidity: ERROR
🔥 CO Level: 1631.3 ppm | Voltage: 0.581V | Rs: 76.06kΩ
   ⚠️  REMINDER: Calibrate R0 in clean air for accurate readings
📍 GPS: No data (check wiring or wait for warm-up)
🎤 Audio: LOW-RISK (not sent in reading packet)
============================================================

📡 LoRa JSON Packet Ready: {'type': 'reading', 'nodeID': 1, 'temp': None, 'humidity': None, 'co_ppm': 1631.3, 'latitude': None, 'longitude': None, 'altitude': None, 'gps_fix': False}
   JSON bytes len: 138 hex: 7b2274797065223a2272656164696e67222c226e6f64654944223a312c2274656d70223a6e756c6c2c2268756d6964697479223a6e756c6c2c22636f5f70706d223a313633312e332c226c61746974756465223a6e756c6c2c226c6f6e676974756465223a6e756c6c2c22616c746974756465223a6e756c6c2c226770735f666978223a66616c73657d
--- Sending ABP Packet (FCnt=68) ---
  Encrypted payload len: 138
  Encrypted payload (hex): 1025e78fa2da6a20d2e95ab9d111f3c4ba2ef908a0f98fcc30451601c3dd685c3cb51c0e912d6c39d9635f6f8ab2e210a8e30ada725010344ccccef86877a445a5a4d78dcf4e3d9e2ba198ef16f9f3d6089a84c433d6d9eda9cbb4e3ad6e917cb8da973058fb246bfea791fa222f13399bb65bf638661fd6164ecd13613f4daa2039e3d44e7770a8c37e
  Payload: 7b2274797065223a2272656164696e67222c226e6f64654944223a312c2274656d70223a6e756c6c2c2268756d6964697479223a6e756c6c2c22636f5f70706d223a313633312e332c226c61746974756465223a6e756c6c2c226c6f6e676974756465223a6e756c6c2c22616c746974756465223a6e756c6c2c226770735f666978223a66616c73657d
  PHY Pkt: 406b276000004400011025e78fa2da6a20d2e95ab9d111f3c4ba2ef908a0f98fcc30451601c3dd685c3cb51c0e912d6c39d9635f6f8ab2e210a8e30ada725010344ccccef86877a445a5a4d78dcf4e3d9e2ba198ef16f9f3d6089a84c433d6d9eda9cbb4e3ad6e917cb8da973058fb246bfea791fa222f13399bb65bf638661fd6164ecd13613f4daa2039e3d44e7770a8c37e567f3fd1
  PHY payload len: 151 type: <class 'bytes'>
  lora.write used: list
→ Packet SENT
[AUDIO] Recording saved: ../recordings/clip_20251118_103404.wav
[AUDIO] ⚠️  Classification model not yet integrated - returning placeholder

============================================================
Timestamp: 2025-11-18 10:34:09
------------------------------------------------------------
🌡️  Temperature: 29.6°C (Normal)
💧 Humidity: 41.9% (Normal)
🔥 CO Level: 1631.3 ppm | Voltage: 0.581V | Rs: 76.06kΩ
   ⚠️  REMINDER: Calibrate R0 in clean air for accurate readings
📍 GPS: No data (check wiring or wait for warm-up)
🎤 Audio: LOW-RISK (not sent in reading packet)
============================================================

📡 LoRa JSON Packet Ready: {'type': 'reading', 'nodeID': 1, 'temp': 29.6, 'humidity': 41.9, 'co_ppm': 1631.3, 'latitude': None, 'longitude': None, 'altitude': None, 'gps_fix': False}
   JSON bytes len: 138 hex: 7b2274797065223a2272656164696e67222c226e6f64654944223a312c2274656d70223a32392e362c2268756d6964697479223a34312e392c22636f5f70706d223a313633312e332c226c61746974756465223a6e756c6c2c226c6f6e676974756465223a6e756c6c2c22616c746974756465223a6e756c6c2c226770735f666978223a66616c73657d
--- Sending ABP Packet (FCnt=69) ---
  Encrypted payload len: 138
  Encrypted payload (hex): 67f1f4d61cb3ab0c7c65846eb6d3864f16ce44cdb4c65d04170e1be68c83143511939fe76bdefa71e77ad7e65e66b62dee4d7312246048873ee5673679033a676c1243a61ad495b72927a84b0df587cae25c56c616d298a486e92630aadf337ced402f30fb00682d6b59372d04492fb619727d984bbe7ab1b81e05bc5e18df58cee9ada4105d92181bfa
  Payload: 7b2274797065223a2272656164696e67222c226e6f64654944223a312c2274656d70223a32392e362c2268756d6964697479223a34312e392c22636f5f70706d223a313633312e332c226c61746974756465223a6e756c6c2c226c6f6e676974756465223a6e756c6c2c22616c746974756465223a6e756c6c2c226770735f666978223a66616c73657d
  PHY Pkt: 406b2760000045000167f1f4d61cb3ab0c7c65846eb6d3864f16ce44cdb4c65d04170e1be68c83143511939fe76bdefa71e77ad7e65e66b62dee4d7312246048873ee5673679033a676c1243a61ad495b72927a84b0df587cae25c56c616d298a486e92630aadf337ced402f30fb00682d6b59372d04492fb619727d984bbe7ab1b81e05bc5e18df58cee9ada4105d92181bfa1089d953
  PHY payload len: 151 type: <class 'bytes'>
  lora.write used: list
→ Packet SENT
[AUDIO] Recording saved: ../recordings/clip_20251118_103506.wav
[AUDIO] ⚠️  Classification model not yet integrated - returning placeholder

============================================================
Timestamp: 2025-11-18 10:35:11
------------------------------------------------------------
🌡️  Temperature: 29.6°C (Normal)
💧 Humidity: 41.8% (Normal)
🔥 CO Level: 1630.2 ppm | Voltage: 0.581V | Rs: 76.1kΩ
   ⚠️  REMINDER: Calibrate R0 in clean air for accurate readings
📍 GPS: No data (check wiring or wait for warm-up)
🎤 Audio: LOW-RISK (not sent in reading packet)
============================================================

📡 LoRa JSON Packet Ready: {'type': 'reading', 'nodeID': 1, 'temp': 29.6, 'humidity': 41.8, 'co_ppm': 1630.2, 'latitude': None, 'longitude': None, 'altitude': None, 'gps_fix': False}
   JSON bytes len: 138 hex: 7b2274797065223a2272656164696e67222c226e6f64654944223a312c2274656d70223a32392e362c2268756d6964697479223a34312e382c22636f5f70706d223a313633302e322c226c61746974756465223a6e756c6c2c226c6f6e676974756465223a6e756c6c2c22616c746974756465223a6e756c6c2c226770735f666978223a66616c73657d
--- Sending ABP Packet (FCnt=70) ---
  Encrypted payload len: 138
  Encrypted payload (hex): 352fa76073ceb5659aed460b33ef90c9e9c41e00877a8af354c16e3df07fbcc6ac44f2e8eb7a8a26dd03fc7c969d9348995952d146bdc29f7d7e9579c742278d3ba62f629cb35da6d08202509c80cd1bf55426a9ef314bfedc9faa43b2c34f0abe6326eed27fd862365d2455765be719b6f6c3e7c8f26661169c19d8f2a7446aa57538bf91b946f1ac3a
  Payload: 7b2274797065223a2272656164696e67222c226e6f64654944223a312c2274656d70223a32392e362c2268756d6964697479223a34312e382c22636f5f70706d223a313633302e322c226c61746974756465223a6e756c6c2c226c6f6e676974756465223a6e756c6c2c22616c746974756465223a6e756c6c2c226770735f666978223a66616c73657d
  PHY Pkt: 406b27600000460001352fa76073ceb5659aed460b33ef90c9e9c41e00877a8af354c16e3df07fbcc6ac44f2e8eb7a8a26dd03fc7c969d9348995952d146bdc29f7d7e9579c742278d3ba62f629cb35da6d08202509c80cd1bf55426a9ef314bfedc9faa43b2c34f0abe6326eed27fd862365d2455765be719b6f6c3e7c8f26661169c19d8f2a7446aa57538bf91b946f1ac3a475d925e
  PHY payload len: 151 type: <class 'bytes'>
  lora.write used: list
→ Packet SENT
[DHT22] Reading error: DHT sensor not found, check wiring
[AUDIO] Recording saved: ../recordings/clip_20251118_103608.wav
[AUDIO] ⚠️  Classification model not yet integrated - returning placeholder

============================================================
Timestamp: 2025-11-18 10:36:13
------------------------------------------------------------
🌡️  Temperature: ERROR
💧 Humidity: ERROR
🔥 CO Level: 1631.9 ppm | Voltage: 0.581V | Rs: 76.04kΩ
   ⚠️  REMINDER: Calibrate R0 in clean air for accurate readings
📍 GPS: No data (check wiring or wait for warm-up)
🎤 Audio: LOW-RISK (not sent in reading packet)
============================================================

📡 LoRa JSON Packet Ready: {'type': 'reading', 'nodeID': 1, 'temp': None, 'humidity': None, 'co_ppm': 1631.9, 'latitude': None, 'longitude': None, 'altitude': None, 'gps_fix': False}
   JSON bytes len: 138 hex: 7b2274797065223a2272656164696e67222c226e6f64654944223a312c2274656d70223a6e756c6c2c2268756d6964697479223a6e756c6c2c22636f5f70706d223a313633312e392c226c61746974756465223a6e756c6c2c226c6f6e676974756465223a6e756c6c2c22616c746974756465223a6e756c6c2c226770735f666978223a66616c73657d
--- Sending ABP Packet (FCnt=71) ---
  Encrypted payload len: 138
  Encrypted payload (hex): aaa3e061bfdd9c5396f2a759945a553dc25be6a60bd243a12fb80093a8b565a4145e45551feda14d0900cd4269813f156e67d8b7f2f01b98db1782a68092209bebb3720dee5dee50da0f0020f5b01a618793f54334a19ad47d56c8cbd43393871295353e148c09e818529fe720d3efa8ae6dc64054270046ce3d49ae163aced6e69017283927cde96181
  Payload: 7b2274797065223a2272656164696e67222c226e6f64654944223a312c2274656d70223a6e756c6c2c2268756d6964697479223a6e756c6c2c22636f5f70706d223a313633312e392c226c61746974756465223a6e756c6c2c226c6f6e676974756465223a6e756c6c2c22616c746974756465223a6e756c6c2c226770735f666978223a66616c73657d
  PHY Pkt: 406b27600000470001aaa3e061bfdd9c5396f2a759945a553dc25be6a60bd243a12fb80093a8b565a4145e45551feda14d0900cd4269813f156e67d8b7f2f01b98db1782a68092209bebb3720dee5dee50da0f0020f5b01a618793f54334a19ad47d56c8cbd43393871295353e148c09e818529fe720d3efa8ae6dc64054270046ce3d49ae163aced6e69017283927cde96181a3d508b1
  PHY payload len: 151 type: <class 'bytes'>
  lora.write used: list
→ Packet SENT
[AUDIO] Recording saved: ../recordings/clip_20251118_103710.wav
[AUDIO] ⚠️  Classification model not yet integrated - returning placeholder

============================================================
Timestamp: 2025-11-18 10:37:15
------------------------------------------------------------
🌡️  Temperature: 29.6°C (Normal)
💧 Humidity: 41.8% (Normal)
🔥 CO Level: 1632.5 ppm | Voltage: 0.581V | Rs: 76.02kΩ
   ⚠️  REMINDER: Calibrate R0 in clean air for accurate readings
📍 GPS: No data (check wiring or wait for warm-up)
🎤 Audio: LOW-RISK (not sent in reading packet)
============================================================

📡 LoRa JSON Packet Ready: {'type': 'reading', 'nodeID': 1, 'temp': 29.6, 'humidity': 41.8, 'co_ppm': 1632.5, 'latitude': None, 'longitude': None, 'altitude': None, 'gps_fix': False}
   JSON bytes len: 138 hex: 7b2274797065223a2272656164696e67222c226e6f64654944223a312c2274656d70223a32392e362c2268756d6964697479223a34312e382c22636f5f70706d223a313633322e352c226c61746974756465223a6e756c6c2c226c6f6e676974756465223a6e756c6c2c22616c746974756465223a6e756c6c2c226770735f666978223a66616c73657d
--- Sending ABP Packet (FCnt=72) ---
  Encrypted payload len: 138
  Encrypted payload (hex): 234824ff3dfe0c1cfede2e7bc8d74c15a2a64e587a5543275b0f4f826d8f29c1354c710d889baaf408ea4ae5da3731298915938bae98984c0748366d12ed081371d859346941587915f94ef370b66db8aab192c1c02ce720c91d033885fffed03f7a58cad9e37ade812932bfba34073758cd2c35cf13904698a1c23659fd49fa139a7edeb56f5709fe88
  Payload: 7b2274797065223a2272656164696e67222c226e6f64654944223a312c2274656d70223a32392e362c2268756d6964697479223a34312e382c22636f5f70706d223a313633322e352c226c61746974756465223a6e756c6c2c226c6f6e676974756465223a6e756c6c2c22616c746974756465223a6e756c6c2c226770735f666978223a66616c73657d
  PHY Pkt: 406b27600000480001234824ff3dfe0c1cfede2e7bc8d74c15a2a64e587a5543275b0f4f826d8f29c1354c710d889baaf408ea4ae5da3731298915938bae98984c0748366d12ed081371d859346941587915f94ef370b66db8aab192c1c02ce720c91d033885fffed03f7a58cad9e37ade812932bfba34073758cd2c35cf13904698a1c23659fd49fa139a7edeb56f5709fe88d5dc84c7
  PHY payload len: 151 type: <class 'bytes'>
  lora.write used: list
→ Packet SENT
[AUDIO] Recording saved: ../recordings/clip_20251118_103813.wav
[AUDIO] ⚠️  Classification model not yet integrated - returning placeholder

============================================================
Timestamp: 2025-11-18 10:38:18
------------------------------------------------------------
🌡️  Temperature: 29.6°C (Normal)
💧 Humidity: 41.8% (Normal)
🔥 CO Level: 1632.5 ppm | Voltage: 0.581V | Rs: 76.02kΩ
   ⚠️  REMINDER: Calibrate R0 in clean air for accurate readings
📍 GPS: No data (check wiring or wait for warm-up)
🎤 Audio: LOW-RISK (not sent in reading packet)
============================================================

📡 LoRa JSON Packet Ready: {'type': 'reading', 'nodeID': 1, 'temp': 29.6, 'humidity': 41.8, 'co_ppm': 1632.5, 'latitude': None, 'longitude': None, 'altitude': None, 'gps_fix': False}
   JSON bytes len: 138 hex: 7b2274797065223a2272656164696e67222c226e6f64654944223a312c2274656d70223a32392e362c2268756d6964697479223a34312e382c22636f5f70706d223a313633322e352c226c61746974756465223a6e756c6c2c226c6f6e676974756465223a6e756c6c2c22616c746974756465223a6e756c6c2c226770735f666978223a66616c73657d
[LoRa][WARN] ⚠️  Payload appears identical to last packet!
--- Sending ABP Packet (FCnt=73) ---
  Encrypted payload len: 138
  Encrypted payload (hex): 428ef95a939a6651e8655f67281d8b273b19c4032b1d26eab83980d1b711be0d4adb7faf868c48fdd34c9a496e6cf10ddddb64bb241dbf24fd3cb5966805f9aa5aa0e7697a14ac5d4053800b62eade56e1f3b2ea7885a598e5db6d942ea29ac77c1898b1ea5f518d2870c18a540a8efcb57c0e357bbd8b18e746ed53a044e179cdf4403cc125bb899a1a
  Payload: 7b2274797065223a2272656164696e67222c226e6f64654944223a312c2274656d70223a32392e362c2268756d6964697479223a34312e382c22636f5f70706d223a313633322e352c226c61746974756465223a6e756c6c2c226c6f6e676974756465223a6e756c6c2c22616c746974756465223a6e756c6c2c226770735f666978223a66616c73657d
  PHY Pkt: 406b27600000490001428ef95a939a6651e8655f67281d8b273b19c4032b1d26eab83980d1b711be0d4adb7faf868c48fdd34c9a496e6cf10ddddb64bb241dbf24fd3cb5966805f9aa5aa0e7697a14ac5d4053800b62eade56e1f3b2ea7885a598e5db6d942ea29ac77c1898b1ea5f518d2870c18a540a8efcb57c0e357bbd8b18e746ed53a044e179cdf4403cc125bb899a1a24864770
  PHY payload len: 151 type: <class 'bytes'>
  lora.write used: list
→ Packet SENT
[AUDIO] Recording saved: ../recordings/clip_20251118_103915.wav
[AUDIO] ⚠️  Classification model not yet integrated - returning placeholder

============================================================
Timestamp: 2025-11-18 10:39:20
------------------------------------------------------------
🌡️  Temperature: 29.4°C (Normal)
💧 Humidity: 42.1% (Normal)
🔥 CO Level: 1636.1 ppm | Voltage: 0.582V | Rs: 75.91kΩ
   ⚠️  REMINDER: Calibrate R0 in clean air for accurate readings
📍 GPS: No data (check wiring or wait for warm-up)
🎤 Audio: LOW-RISK (not sent in reading packet)
============================================================

📡 LoRa JSON Packet Ready: {'type': 'reading', 'nodeID': 1, 'temp': 29.4, 'humidity': 42.1, 'co_ppm': 1636.1, 'latitude': None, 'longitude': None, 'altitude': None, 'gps_fix': False}
   JSON bytes len: 138 hex: 7b2274797065223a2272656164696e67222c226e6f64654944223a312c2274656d70223a32392e342c2268756d6964697479223a34322e312c22636f5f70706d223a313633362e312c226c61746974756465223a6e756c6c2c226c6f6e676974756465223a6e756c6c2c22616c746974756465223a6e756c6c2c226770735f666978223a66616c73657d
--- Sending ABP Packet (FCnt=74) ---
  Encrypted payload len: 138
  Encrypted payload (hex): b2d6e461477ce79f1ba3404c571840f4c9795c6859bb7cd82e9b2d383183953ca11c1af7dfbd0b8a971823de38599b278c7e7d87fa2cf3b61185c194e3b5ad395c1bf103ce83431ff34d981efc8209f04a0d021a690339485700a28750925da791fc1fecf05022b0e0c4a4ffbd74d3d329d8bc918103b56b1d8c22c595fba717f7b6021914b977d0aac0
  Payload: 7b2274797065223a2272656164696e67222c226e6f64654944223a312c2274656d70223a32392e342c2268756d6964697479223a34322e312c22636f5f70706d223a313633362e312c226c61746974756465223a6e756c6c2c226c6f6e676974756465223a6e756c6c2c22616c746974756465223a6e756c6c2c226770735f666978223a66616c73657d
  PHY Pkt: 406b276000004a0001b2d6e461477ce79f1ba3404c571840f4c9795c6859bb7cd82e9b2d383183953ca11c1af7dfbd0b8a971823de38599b278c7e7d87fa2cf3b61185c194e3b5ad395c1bf103ce83431ff34d981efc8209f04a0d021a690339485700a28750925da791fc1fecf05022b0e0c4a4ffbd74d3d329d8bc918103b56b1d8c22c595fba717f7b6021914b977d0aac021c6401f
  PHY payload len: 151 type: <class 'bytes'>
  lora.write used: list
→ Packet SENT
[AUDIO] Recording saved: ../recordings/clip_20251118_104017.wav
[AUDIO] ⚠️  Classification model not yet integrated - returning placeholder

============================================================
Timestamp: 2025-11-18 10:40:22
------------------------------------------------------------
🌡️  Temperature: 29.4°C (Normal)
💧 Humidity: 42.1% (Normal)
🔥 CO Level: 1634.9 ppm | Voltage: 0.582V | Rs: 75.95kΩ
   ⚠️  REMINDER: Calibrate R0 in clean air for accurate readings
📍 GPS: No data (check wiring or wait for warm-up)
🎤 Audio: LOW-RISK (not sent in reading packet)
============================================================

📡 LoRa JSON Packet Ready: {'type': 'reading', 'nodeID': 1, 'temp': 29.4, 'humidity': 42.1, 'co_ppm': 1634.9, 'latitude': None, 'longitude': None, 'altitude': None, 'gps_fix': False}
   JSON bytes len: 138 hex: 7b2274797065223a2272656164696e67222c226e6f64654944223a312c2274656d70223a32392e342c2268756d6964697479223a34322e312c22636f5f70706d223a313633342e392c226c61746974756465223a6e756c6c2c226c6f6e676974756465223a6e756c6c2c22616c746974756465223a6e756c6c2c226770735f666978223a66616c73657d
--- Sending ABP Packet (FCnt=75) ---
  Encrypted payload len: 138
  Encrypted payload (hex): b868f59bc49d8844182171d45a2425ffd8b699f41bfb1170d85b9bc98c8a14bae815e0a0cd9004b7b0f7feec00757e317d271fec9366b779ba83ba94b8d22857dc387ef5e1bfe1acf37fdb351c06ef0f1c0e7af0ebbbc7262379848e98edb9733214d0a55197df2556844ab716c004010234de8b4322ed661eb830095f778784ba63d5e17b08eadb84f0
  Payload: 7b2274797065223a2272656164696e67222c226e6f64654944223a312c2274656d70223a32392e342c2268756d6964697479223a34322e312c22636f5f70706d223a313633342e392c226c61746974756465223a6e756c6c2c226c6f6e676974756465223a6e756c6c2c22616c746974756465223a6e756c6c2c226770735f666978223a66616c73657d
  PHY Pkt: 406b276000004b0001b868f59bc49d8844182171d45a2425ffd8b699f41bfb1170d85b9bc98c8a14bae815e0a0cd9004b7b0f7feec00757e317d271fec9366b779ba83ba94b8d22857dc387ef5e1bfe1acf37fdb351c06ef0f1c0e7af0ebbbc7262379848e98edb9733214d0a55197df2556844ab716c004010234de8b4322ed661eb830095f778784ba63d5e17b08eadb84f070aad94c
  PHY payload len: 151 type: <class 'bytes'>
  lora.write used: list
→ Packet SENT
[AUDIO] Recording saved: ../recordings/clip_20251118_104119.wav
[AUDIO] ⚠️  Classification model not yet integrated - returning placeholder

============================================================
Timestamp: 2025-11-18 10:41:24
------------------------------------------------------------
🌡️  Temperature: 29.4°C (Normal)
💧 Humidity: 42.1% (Normal)
🔥 CO Level: 1633.7 ppm | Voltage: 0.582V | Rs: 75.98kΩ
   ⚠️  REMINDER: Calibrate R0 in clean air for accurate readings
📍 GPS: No data (check wiring or wait for warm-up)
🎤 Audio: LOW-RISK (not sent in reading packet)
============================================================

📡 LoRa JSON Packet Ready: {'type': 'reading', 'nodeID': 1, 'temp': 29.4, 'humidity': 42.1, 'co_ppm': 1633.7, 'latitude': None, 'longitude': None, 'altitude': None, 'gps_fix': False}
   JSON bytes len: 138 hex: 7b2274797065223a2272656164696e67222c226e6f64654944223a312c2274656d70223a32392e342c2268756d6964697479223a34322e312c22636f5f70706d223a313633332e372c226c61746974756465223a6e756c6c2c226c6f6e676974756465223a6e756c6c2c22616c746974756465223a6e756c6c2c226770735f666978223a66616c73657d
--- Sending ABP Packet (FCnt=76) ---
  Encrypted payload len: 138
  Encrypted payload (hex): 8c1c4d13fd0d2e3e00a1d42063137d2539105786c8998921dcdf72d7e1bc8d30ae704962da1bddb42833f509b11974aa999490efc53f82ba01606c2c19f90db6528571346652d64492db14728343e7e5dc9f19e382f63bdc1b702a5419f299304a0993f8a7bfd332d9b0ced4780dbd1f6cf7507c0a14bfc021e09feb624a679bb09c116644b17fb453aa
  Payload: 7b2274797065223a2272656164696e67222c226e6f64654944223a312c2274656d70223a32392e342c2268756d6964697479223a34322e312c22636f5f70706d223a313633332e372c226c61746974756465223a6e756c6c2c226c6f6e676974756465223a6e756c6c2c22616c746974756465223a6e756c6c2c226770735f666978223a66616c73657d
  PHY Pkt: 406b276000004c00018c1c4d13fd0d2e3e00a1d42063137d2539105786c8998921dcdf72d7e1bc8d30ae704962da1bddb42833f509b11974aa999490efc53f82ba01606c2c19f90db6528571346652d64492db14728343e7e5dc9f19e382f63bdc1b702a5419f299304a0993f8a7bfd332d9b0ced4780dbd1f6cf7507c0a14bfc021e09feb624a679bb09c116644b17fb453aa20727cb5
  PHY payload len: 151 type: <class 'bytes'>
  lora.write used: list
→ Packet SENT
[AUDIO] Recording saved: ../recordings/clip_20251118_104221.wav
[AUDIO] ⚠️  Classification model not yet integrated - returning placeholder

============================================================
Timestamp: 2025-11-18 10:42:26
------------------------------------------------------------
🌡️  Temperature: 29.3°C (Normal)
💧 Humidity: 41.9% (Normal)
🔥 CO Level: 1637.3 ppm | Voltage: 0.582V | Rs: 75.87kΩ
   ⚠️  REMINDER: Calibrate R0 in clean air for accurate readings
📍 GPS: No data (check wiring or wait for warm-up)
🎤 Audio: LOW-RISK (not sent in reading packet)
============================================================

📡 LoRa JSON Packet Ready: {'type': 'reading', 'nodeID': 1, 'temp': 29.3, 'humidity': 41.9, 'co_ppm': 1637.3, 'latitude': None, 'longitude': None, 'altitude': None, 'gps_fix': False}
   JSON bytes len: 138 hex: 7b2274797065223a2272656164696e67222c226e6f64654944223a312c2274656d70223a32392e332c2268756d6964697479223a34312e392c22636f5f70706d223a313633372e332c226c61746974756465223a6e756c6c2c226c6f6e676974756465223a6e756c6c2c22616c746974756465223a6e756c6c2c226770735f666978223a66616c73657d
--- Sending ABP Packet (FCnt=77) ---
  Encrypted payload len: 138
  Encrypted payload (hex): 4955954c4d66ea054d9defe7747f64aa3df8b990a5ea62f2e60ea4976ad5a750ff6ee2c971db7f7068226cf5309e4864f6d2a054dac66626aa1cfe5be4e6b7381f1c50164e228bd51285b48d2c43f7009e455d5db57476de6f1e8fab15c1755a33f03e063b7f5a4698bb959c713b21345a203dd8047dec34046bd9e6e4c05b648277c3e5e3d2fe444a95
  Payload: 7b2274797065223a2272656164696e67222c226e6f64654944223a312c2274656d70223a32392e332c2268756d6964697479223a34312e392c22636f5f70706d223a313633372e332c226c61746974756465223a6e756c6c2c226c6f6e676974756465223a6e756c6c2c22616c746974756465223a6e756c6c2c226770735f666978223a66616c73657d
  PHY Pkt: 406b276000004d00014955954c4d66ea054d9defe7747f64aa3df8b990a5ea62f2e60ea4976ad5a750ff6ee2c971db7f7068226cf5309e4864f6d2a054dac66626aa1cfe5be4e6b7381f1c50164e228bd51285b48d2c43f7009e455d5db57476de6f1e8fab15c1755a33f03e063b7f5a4698bb959c713b21345a203dd8047dec34046bd9e6e4c05b648277c3e5e3d2fe444a95ab4577c9
  PHY payload len: 151 type: <class 'bytes'>
  lora.write used: list
→ Packet SENT
[AUDIO] Recording saved: ../recordings/clip_20251118_104324.wav
[AUDIO] ⚠️  Classification model not yet integrated - returning placeholder

============================================================
Timestamp: 2025-11-18 10:43:29
------------------------------------------------------------
🌡️  Temperature: 29.3°C (Normal)
💧 Humidity: 41.9% (Normal)
🔥 CO Level: 1636.1 ppm | Voltage: 0.582V | Rs: 75.91kΩ
   ⚠️  REMINDER: Calibrate R0 in clean air for accurate readings
📍 GPS: No data (check wiring or wait for warm-up)
🎤 Audio: LOW-RISK (not sent in reading packet)
============================================================

📡 LoRa JSON Packet Ready: {'type': 'reading', 'nodeID': 1, 'temp': 29.3, 'humidity': 41.9, 'co_ppm': 1636.1, 'latitude': None, 'longitude': None, 'altitude': None, 'gps_fix': False}
   JSON bytes len: 138 hex: 7b2274797065223a2272656164696e67222c226e6f64654944223a312c2274656d70223a32392e332c2268756d6964697479223a34312e392c22636f5f70706d223a313633362e312c226c61746974756465223a6e756c6c2c226c6f6e676974756465223a6e756c6c2c22616c746974756465223a6e756c6c2c226770735f666978223a66616c73657d
--- Sending ABP Packet (FCnt=78) ---
  Encrypted payload len: 138
  Encrypted payload (hex): c7978e04d89c316e74d90185baaaa3a6d887f42d22772a7e894609c7778d33a69c90e13c1eaa5b91cfacd02bbd3f221c493e824a2ef1529958efaa9f9559c94e2c09d4923af46702c7d07ea0d78cd6106e9d77f3113fa498ca522885b2450c8f5318703f015865c44a3fb09e64989500e1562210bff06ae3b9350323410dec679ee617a36fc97d427095
  Payload: 7b2274797065223a2272656164696e67222c226e6f64654944223a312c2274656d70223a32392e332c2268756d6964697479223a34312e392c22636f5f70706d223a313633362e312c226c61746974756465223a6e756c6c2c226c6f6e676974756465223a6e756c6c2c22616c746974756465223a6e756c6c2c226770735f666978223a66616c73657d
  PHY Pkt: 406b276000004e0001c7978e04d89c316e74d90185baaaa3a6d887f42d22772a7e894609c7778d33a69c90e13c1eaa5b91cfacd02bbd3f221c493e824a2ef1529958efaa9f9559c94e2c09d4923af46702c7d07ea0d78cd6106e9d77f3113fa498ca522885b2450c8f5318703f015865c44a3fb09e64989500e1562210bff06ae3b9350323410dec679ee617a36fc97d427095b53d7fd8
  PHY payload len: 151 type: <class 'bytes'>
  lora.write used: list
→ Packet SENT
[AUDIO] Recording saved: ../recordings/clip_20251118_104426.wav
[AUDIO] ⚠️  Classification model not yet integrated - returning placeholder

============================================================
Timestamp: 2025-11-18 10:44:31
------------------------------------------------------------
🌡️  Temperature: 29.3°C (Normal)
💧 Humidity: 41.9% (Normal)
🔥 CO Level: 1636.7 ppm | Voltage: 0.582V | Rs: 75.89kΩ
   ⚠️  REMINDER: Calibrate R0 in clean air for accurate readings
📍 GPS: No data (check wiring or wait for warm-up)
🎤 Audio: LOW-RISK (not sent in reading packet)
============================================================

📡 LoRa JSON Packet Ready: {'type': 'reading', 'nodeID': 1, 'temp': 29.3, 'humidity': 41.9, 'co_ppm': 1636.7, 'latitude': None, 'longitude': None, 'altitude': None, 'gps_fix': False}
   JSON bytes len: 138 hex: 7b2274797065223a2272656164696e67222c226e6f64654944223a312c2274656d70223a32392e332c2268756d6964697479223a34312e392c22636f5f70706d223a313633362e372c226c61746974756465223a6e756c6c2c226c6f6e676974756465223a6e756c6c2c22616c746974756465223a6e756c6c2c226770735f666978223a66616c73657d
--- Sending ABP Packet (FCnt=79) ---
  Encrypted payload len: 138
  Encrypted payload (hex): afd0686fb68c154836a06fe44a0930983f4d0764bd5ebf1ee6ecbbdcae8b0bbdabd1eac86d3c35a0100a51a53e1cbab18bbe3d9b683195ebed9127d850f569ff050e20e6bb6013bcb1ecd98ef4a276a0d82ae28115e6edb9f5fcb09db8787e398bb42c50106aa4df477b51d5d8cd532166541dfb52693b2e83cb0a5e7a029834713308ec57a0fcbd75b2
  Payload: 7b2274797065223a2272656164696e67222c226e6f64654944223a312c2274656d70223a32392e332c2268756d6964697479223a34312e392c22636f5f70706d223a313633362e372c226c61746974756465223a6e756c6c2c226c6f6e676974756465223a6e756c6c2c22616c746974756465223a6e756c6c2c226770735f666978223a66616c73657d
  PHY Pkt: 406b276000004f0001afd0686fb68c154836a06fe44a0930983f4d0764bd5ebf1ee6ecbbdcae8b0bbdabd1eac86d3c35a0100a51a53e1cbab18bbe3d9b683195ebed9127d850f569ff050e20e6bb6013bcb1ecd98ef4a276a0d82ae28115e6edb9f5fcb09db8787e398bb42c50106aa4df477b51d5d8cd532166541dfb52693b2e83cb0a5e7a029834713308ec57a0fcbd75b213f9484f
  PHY payload len: 151 type: <class 'bytes'>
  lora.write used: list
→ Packet SENT
[AUDIO] Recording saved: ../recordings/clip_20251118_104528.wav
[AUDIO] ⚠️  Classification model not yet integrated - returning placeholder

============================================================
Timestamp: 2025-11-18 10:45:33
------------------------------------------------------------
🌡️  Temperature: 29.3°C (Normal)
💧 Humidity: 42.0% (Normal)
🔥 CO Level: 1637.3 ppm | Voltage: 0.582V | Rs: 75.87kΩ
   ⚠️  REMINDER: Calibrate R0 in clean air for accurate readings
📍 GPS: No data (check wiring or wait for warm-up)
🎤 Audio: LOW-RISK (not sent in reading packet)
============================================================

📡 LoRa JSON Packet Ready: {'type': 'reading', 'nodeID': 1, 'temp': 29.3, 'humidity': 42.0, 'co_ppm': 1637.3, 'latitude': None, 'longitude': None, 'altitude': None, 'gps_fix': False}
   JSON bytes len: 138 hex: 7b2274797065223a2272656164696e67222c226e6f64654944223a312c2274656d70223a32392e332c2268756d6964697479223a34322e302c22636f5f70706d223a313633372e332c226c61746974756465223a6e756c6c2c226c6f6e676974756465223a6e756c6c2c22616c746974756465223a6e756c6c2c226770735f666978223a66616c73657d
--- Sending ABP Packet (FCnt=80) ---
  Encrypted payload len: 138
  Encrypted payload (hex): a4f2256eed17b4674334b47a1cfbc8113270fd9ab222204fce2519fe1119de5d56a8ffab3ff03c6be753f2a63615245f71eeb581f0368e71147bd5aa238f1ee9f1a8f1fa3a831401bc2bc26efc8aca264113f640b8568de347b0cad77c02aac760a0ab7b98bb0f6926ccd4c4ec4dead63ae17e4b4bcf9bf8c2cf722c3c9af3b7b774e3d43446017fb23c
  Payload: 7b2274797065223a2272656164696e67222c226e6f64654944223a312c2274656d70223a32392e332c2268756d6964697479223a34322e302c22636f5f70706d223a313633372e332c226c61746974756465223a6e756c6c2c226c6f6e676974756465223a6e756c6c2c22616c746974756465223a6e756c6c2c226770735f666978223a66616c73657d
  PHY Pkt: 406b27600000500001a4f2256eed17b4674334b47a1cfbc8113270fd9ab222204fce2519fe1119de5d56a8ffab3ff03c6be753f2a63615245f71eeb581f0368e71147bd5aa238f1ee9f1a8f1fa3a831401bc2bc26efc8aca264113f640b8568de347b0cad77c02aac760a0ab7b98bb0f6926ccd4c4ec4dead63ae17e4b4bcf9bf8c2cf722c3c9af3b7b774e3d43446017fb23c26a2556b
  PHY payload len: 151 type: <class 'bytes'>
  lora.write used: list
→ Packet SENT
[AUDIO] Recording saved: ../recordings/clip_20251118_104630.wav
[AUDIO] ⚠️  Classification model not yet integrated - returning placeholder

============================================================
Timestamp: 2025-11-18 10:46:35
------------------------------------------------------------
🌡️  Temperature: 29.3°C (Normal)
💧 Humidity: 42.0% (Normal)
🔥 CO Level: 1633.1 ppm | Voltage: 0.581V | Rs: 76.0kΩ
   ⚠️  REMINDER: Calibrate R0 in clean air for accurate readings
📍 GPS: No data (check wiring or wait for warm-up)
🎤 Audio: LOW-RISK (not sent in reading packet)
============================================================

📡 LoRa JSON Packet Ready: {'type': 'reading', 'nodeID': 1, 'temp': 29.3, 'humidity': 42.0, 'co_ppm': 1633.1, 'latitude': None, 'longitude': None, 'altitude': None, 'gps_fix': False}
   JSON bytes len: 138 hex: 7b2274797065223a2272656164696e67222c226e6f64654944223a312c2274656d70223a32392e332c2268756d6964697479223a34322e302c22636f5f70706d223a313633332e312c226c61746974756465223a6e756c6c2c226c6f6e676974756465223a6e756c6c2c22616c746974756465223a6e756c6c2c226770735f666978223a66616c73657d
--- Sending ABP Packet (FCnt=81) ---
  Encrypted payload len: 138
  Encrypted payload (hex): c3a6cfec2b4f05180fda15f666233f3c101c3a8af778e3a596c41126d9e81f7ec1a6fc630ac8fc6f7527d315056aeb2ab0c7d4a466d5dd3040699578ad25ccd6a6635a11985cb05b03aa1dd49f64f405acc74e4b5d4ea7c0947be4b1b3943932b4a023386db47b7bb46d1d4956f16876b64538a4d165c8cca7e8fcf4f6b48962d873c7dfa7113a0ead5f
  Payload: 7b2274797065223a2272656164696e67222c226e6f64654944223a312c2274656d70223a32392e332c2268756d6964697479223a34322e302c22636f5f70706d223a313633332e312c226c61746974756465223a6e756c6c2c226c6f6e676974756465223a6e756c6c2c22616c746974756465223a6e756c6c2c226770735f666978223a66616c73657d
  PHY Pkt: 406b27600000510001c3a6cfec2b4f05180fda15f666233f3c101c3a8af778e3a596c41126d9e81f7ec1a6fc630ac8fc6f7527d315056aeb2ab0c7d4a466d5dd3040699578ad25ccd6a6635a11985cb05b03aa1dd49f64f405acc74e4b5d4ea7c0947be4b1b3943932b4a023386db47b7bb46d1d4956f16876b64538a4d165c8cca7e8fcf4f6b48962d873c7dfa7113a0ead5f70531b7f
  PHY payload len: 151 type: <class 'bytes'>
  lora.write used: list
→ Packet SENT
[AUDIO] Recording saved: ../recordings/clip_20251118_104733.wav
[AUDIO] ⚠️  Classification model not yet integrated - returning placeholder

============================================================
Timestamp: 2025-11-18 10:47:38
------------------------------------------------------------
🌡️  Temperature: 29.3°C (Normal)
💧 Humidity: 42.0% (Normal)
🔥 CO Level: 1636.1 ppm | Voltage: 0.582V | Rs: 75.91kΩ
   ⚠️  REMINDER: Calibrate R0 in clean air for accurate readings
📍 GPS: No data (check wiring or wait for warm-up)
🎤 Audio: LOW-RISK (not sent in reading packet)
============================================================

📡 LoRa JSON Packet Ready: {'type': 'reading', 'nodeID': 1, 'temp': 29.3, 'humidity': 42.0, 'co_ppm': 1636.1, 'latitude': None, 'longitude': None, 'altitude': None, 'gps_fix': False}
   JSON bytes len: 138 hex: 7b2274797065223a2272656164696e67222c226e6f64654944223a312c2274656d70223a32392e332c2268756d6964697479223a34322e302c22636f5f70706d223a313633362e312c226c61746974756465223a6e756c6c2c226c6f6e676974756465223a6e756c6c2c22616c746974756465223a6e756c6c2c226770735f666978223a66616c73657d
--- Sending ABP Packet (FCnt=82) ---
  Encrypted payload len: 138
  Encrypted payload (hex): f4ff77c491d2bed505b72d6d02a48d091564869bc92c90cf5ce948bf579a9259a942e5d42dec0ada6feab5dc6308d45930e7ddeeb2b20602928317363f750b3e5cfbd6ba0a27b43c4367c8fddda0c5a5f6b2d1908232c0f30eae7d8417f65c035edb481f0e2e3fec37fc5e94873f5ac280a0e0a202d3941e4c2dbeb8235376d2c1d7ccb31713df6141e5
  Payload: 7b2274797065223a2272656164696e67222c226e6f64654944223a312c2274656d70223a32392e332c2268756d6964697479223a34322e302c22636f5f70706d223a313633362e312c226c61746974756465223a6e756c6c2c226c6f6e676974756465223a6e756c6c2c22616c746974756465223a6e756c6c2c226770735f666978223a66616c73657d
  PHY Pkt: 406b27600000520001f4ff77c491d2bed505b72d6d02a48d091564869bc92c90cf5ce948bf579a9259a942e5d42dec0ada6feab5dc6308d45930e7ddeeb2b20602928317363f750b3e5cfbd6ba0a27b43c4367c8fddda0c5a5f6b2d1908232c0f30eae7d8417f65c035edb481f0e2e3fec37fc5e94873f5ac280a0e0a202d3941e4c2dbeb8235376d2c1d7ccb31713df6141e5057c95a3
  PHY payload len: 151 type: <class 'bytes'>
  lora.write used: list
→ Packet SENT
[AUDIO] Recording saved: ../recordings/clip_20251118_104834.wav
[AUDIO] ⚠️  Classification model not yet integrated - returning placeholder

============================================================
Timestamp: 2025-11-18 10:48:39
------------------------------------------------------------
🌡️  Temperature: 29.3°C (Normal)
💧 Humidity: 42.0% (Normal)
🔥 CO Level: 1636.7 ppm | Voltage: 0.582V | Rs: 75.89kΩ
   ⚠️  REMINDER: Calibrate R0 in clean air for accurate readings
📍 GPS: No data (check wiring or wait for warm-up)
🎤 Audio: LOW-RISK (not sent in reading packet)
============================================================

📡 LoRa JSON Packet Ready: {'type': 'reading', 'nodeID': 1, 'temp': 29.3, 'humidity': 42.0, 'co_ppm': 1636.7, 'latitude': None, 'longitude': None, 'altitude': None, 'gps_fix': False}
   JSON bytes len: 138 hex: 7b2274797065223a2272656164696e67222c226e6f64654944223a312c2274656d70223a32392e332c2268756d6964697479223a34322e302c22636f5f70706d223a313633362e372c226c61746974756465223a6e756c6c2c226c6f6e676974756465223a6e756c6c2c22616c746974756465223a6e756c6c2c226770735f666978223a66616c73657d
--- Sending ABP Packet (FCnt=83) ---
  Encrypted payload len: 138
  Encrypted payload (hex): 68a5c51adb12040ed859dc742d54b5c9482134570f0c26871ad3e0c77b607a8bdb405baf3aab61ff88da1813d7622190a933afe0e2cd7684d54d4c2dd4c3cefeee922b8de196967d8811fcd8339bc0a88a07977f391d0a7eaa783e22af948bfcc1866b026c029836c9c173b4c2c2fdfd955763b5575d78d5a37a41844d4b2c984f37db271a05c18fd025
  Payload: 7b2274797065223a2272656164696e67222c226e6f64654944223a312c2274656d70223a32392e332c2268756d6964697479223a34322e302c22636f5f70706d223a313633362e372c226c61746974756465223a6e756c6c2c226c6f6e676974756465223a6e756c6c2c22616c746974756465223a6e756c6c2c226770735f666978223a66616c73657d
  PHY Pkt: 406b2760000053000168a5c51adb12040ed859dc742d54b5c9482134570f0c26871ad3e0c77b607a8bdb405baf3aab61ff88da1813d7622190a933afe0e2cd7684d54d4c2dd4c3cefeee922b8de196967d8811fcd8339bc0a88a07977f391d0a7eaa783e22af948bfcc1866b026c029836c9c173b4c2c2fdfd955763b5575d78d5a37a41844d4b2c984f37db271a05c18fd0250f53c783
  PHY payload len: 151 type: <class 'bytes'>
  lora.write used: list
→ Packet SENT
[AUDIO] Recording saved: ../recordings/clip_20251118_104936.wav
[AUDIO] ⚠️  Classification model not yet integrated - returning placeholder

============================================================
Timestamp: 2025-11-18 10:49:41
------------------------------------------------------------
🌡️  Temperature: 29.3°C (Normal)
💧 Humidity: 42.1% (Normal)
🔥 CO Level: 1636.1 ppm | Voltage: 0.582V | Rs: 75.91kΩ
   ⚠️  REMINDER: Calibrate R0 in clean air for accurate readings
📍 GPS: No data (check wiring or wait for warm-up)
🎤 Audio: LOW-RISK (not sent in reading packet)
============================================================

📡 LoRa JSON Packet Ready: {'type': 'reading', 'nodeID': 1, 'temp': 29.3, 'humidity': 42.1, 'co_ppm': 1636.1, 'latitude': None, 'longitude': None, 'altitude': None, 'gps_fix': False}
   JSON bytes len: 138 hex: 7b2274797065223a2272656164696e67222c226e6f64654944223a312c2274656d70223a32392e332c2268756d6964697479223a34322e312c22636f5f70706d223a313633362e312c226c61746974756465223a6e756c6c2c226c6f6e676974756465223a6e756c6c2c22616c746974756465223a6e756c6c2c226770735f666978223a66616c73657d
--- Sending ABP Packet (FCnt=84) ---
  Encrypted payload len: 138
  Encrypted payload (hex): 6bfaf2364b5564a67a751f50f75181abfc2026f7ffb51db8b8d7d1745941cd22700a3e11c2acf79772911a7e5ce2741d1d28385e67d87a0e24ab43b72abc81eb6386f74029b4b97865ab3c7d9d1739044ac60db5a03eb3e86f298863640970cdbb5cbc0ccdf30d8c96b23bda2b43636574448e03062d52832eeb965196080e96cf7a49cba23e87713c6d
  Payload: 7b2274797065223a2272656164696e67222c226e6f64654944223a312c2274656d70223a32392e332c2268756d6964697479223a34322e312c22636f5f70706d223a313633362e312c226c61746974756465223a6e756c6c2c226c6f6e676974756465223a6e756c6c2c22616c746974756465223a6e756c6c2c226770735f666978223a66616c73657d
  PHY Pkt: 406b276000005400016bfaf2364b5564a67a751f50f75181abfc2026f7ffb51db8b8d7d1745941cd22700a3e11c2acf79772911a7e5ce2741d1d28385e67d87a0e24ab43b72abc81eb6386f74029b4b97865ab3c7d9d1739044ac60db5a03eb3e86f298863640970cdbb5cbc0ccdf30d8c96b23bda2b43636574448e03062d52832eeb965196080e96cf7a49cba23e87713c6db60deec5
  PHY payload len: 151 type: <class 'bytes'>
  lora.write used: list
→ Packet SENT
[AUDIO] Recording saved: ../recordings/clip_20251118_105039.wav
[AUDIO] ⚠️  Classification model not yet integrated - returning placeholder

============================================================
Timestamp: 2025-11-18 10:50:44
------------------------------------------------------------
🌡️  Temperature: 29.3°C (Normal)
💧 Humidity: 42.1% (Normal)
🔥 CO Level: 1633.1 ppm | Voltage: 0.581V | Rs: 76.0kΩ
   ⚠️  REMINDER: Calibrate R0 in clean air for accurate readings
📍 GPS: No data (check wiring or wait for warm-up)
🎤 Audio: LOW-RISK (not sent in reading packet)
============================================================

📡 LoRa JSON Packet Ready: {'type': 'reading', 'nodeID': 1, 'temp': 29.3, 'humidity': 42.1, 'co_ppm': 1633.1, 'latitude': None, 'longitude': None, 'altitude': None, 'gps_fix': False}
   JSON bytes len: 138 hex: 7b2274797065223a2272656164696e67222c226e6f64654944223a312c2274656d70223a32392e332c2268756d6964697479223a34322e312c22636f5f70706d223a313633332e312c226c61746974756465223a6e756c6c2c226c6f6e676974756465223a6e756c6c2c22616c746974756465223a6e756c6c2c226770735f666978223a66616c73657d
--- Sending ABP Packet (FCnt=85) ---
  Encrypted payload len: 138
  Encrypted payload (hex): 68a03b58c016d8ffb8a2c02f98bbe9bc95f310b9d7b4792bb2af235804c6c7a26ebde9f71add122c7a17a8958ed9888e5215601c311d24a64da213978666ffdd7117c7fe6870270f6554ef5c70ddafff33f0c56265f7ee5b033f4d5ff28bf077d4843fa87070fb23c89d238f4a32d59f1e1cd437d1dacce3ad6b50016a47b707fbbcfdf42630f020f60d
  Payload: 7b2274797065223a2272656164696e67222c226e6f64654944223a312c2274656d70223a32392e332c2268756d6964697479223a34322e312c22636f5f70706d223a313633332e312c226c61746974756465223a6e756c6c2c226c6f6e676974756465223a6e756c6c2c22616c746974756465223a6e756c6c2c226770735f666978223a66616c73657d
  PHY Pkt: 406b2760000055000168a03b58c016d8ffb8a2c02f98bbe9bc95f310b9d7b4792bb2af235804c6c7a26ebde9f71add122c7a17a8958ed9888e5215601c311d24a64da213978666ffdd7117c7fe6870270f6554ef5c70ddafff33f0c56265f7ee5b033f4d5ff28bf077d4843fa87070fb23c89d238f4a32d59f1e1cd437d1dacce3ad6b50016a47b707fbbcfdf42630f020f60d0ec5cf5d
  PHY payload len: 151 type: <class 'bytes'>
  lora.write used: list
→ Packet SENT
[AUDIO] Recording saved: ../recordings/clip_20251118_105141.wav
[AUDIO] ⚠️  Classification model not yet integrated - returning placeholder

============================================================
Timestamp: 2025-11-18 10:51:46
------------------------------------------------------------
🌡️  Temperature: 29.3°C (Normal)
💧 Humidity: 42.0% (Normal)
🔥 CO Level: 1634.9 ppm | Voltage: 0.582V | Rs: 75.95kΩ
   ⚠️  REMINDER: Calibrate R0 in clean air for accurate readings
📍 GPS: No data (check wiring or wait for warm-up)
🎤 Audio: LOW-RISK (not sent in reading packet)
============================================================

📡 LoRa JSON Packet Ready: {'type': 'reading', 'nodeID': 1, 'temp': 29.3, 'humidity': 42.0, 'co_ppm': 1634.9, 'latitude': None, 'longitude': None, 'altitude': None, 'gps_fix': False}
   JSON bytes len: 138 hex: 7b2274797065223a2272656164696e67222c226e6f64654944223a312c2274656d70223a32392e332c2268756d6964697479223a34322e302c22636f5f70706d223a313633342e392c226c61746974756465223a6e756c6c2c226c6f6e676974756465223a6e756c6c2c22616c746974756465223a6e756c6c2c226770735f666978223a66616c73657d
--- Sending ABP Packet (FCnt=86) ---
  Encrypted payload len: 138
  Encrypted payload (hex): dbf833f45083b0bb1f375855f7914c5caf95f358c01482992e0cbea226661ad621248d28048ac09485235c4f71199efc6300c3ac48a30cc30bba8065a5007ef4e836c8540b95cefee9764ccd3a4f07c4c29e26eedcb52b11edff77e7bb6bc9283783bd37ba8c1a2459a1e3a988d6438d11d73def29938a7657630f251d0484606f559865fb23c5a4218a
  Payload: 7b2274797065223a2272656164696e67222c226e6f64654944223a312c2274656d70223a32392e332c2268756d6964697479223a34322e302c22636f5f70706d223a313633342e392c226c61746974756465223a6e756c6c2c226c6f6e676974756465223a6e756c6c2c22616c746974756465223a6e756c6c2c226770735f666978223a66616c73657d
  PHY Pkt: 406b27600000560001dbf833f45083b0bb1f375855f7914c5caf95f358c01482992e0cbea226661ad621248d28048ac09485235c4f71199efc6300c3ac48a30cc30bba8065a5007ef4e836c8540b95cefee9764ccd3a4f07c4c29e26eedcb52b11edff77e7bb6bc9283783bd37ba8c1a2459a1e3a988d6438d11d73def29938a7657630f251d0484606f559865fb23c5a4218a6c94e328
  PHY payload len: 151 type: <class 'bytes'>
  lora.write used: list
→ Packet SENT
[AUDIO] Recording saved: ../recordings/clip_20251118_105243.wav
[AUDIO] ⚠️  Classification model not yet integrated - returning placeholder

============================================================
Timestamp: 2025-11-18 10:52:48
------------------------------------------------------------
🌡️  Temperature: 29.3°C (Normal)
💧 Humidity: 42.0% (Normal)
🔥 CO Level: 1634.3 ppm | Voltage: 0.582V | Rs: 75.97kΩ
   ⚠️  REMINDER: Calibrate R0 in clean air for accurate readings
📍 GPS: No data (check wiring or wait for warm-up)
🎤 Audio: LOW-RISK (not sent in reading packet)
============================================================

📡 LoRa JSON Packet Ready: {'type': 'reading', 'nodeID': 1, 'temp': 29.3, 'humidity': 42.0, 'co_ppm': 1634.3, 'latitude': None, 'longitude': None, 'altitude': None, 'gps_fix': False}
   JSON bytes len: 138 hex: 7b2274797065223a2272656164696e67222c226e6f64654944223a312c2274656d70223a32392e332c2268756d6964697479223a34322e302c22636f5f70706d223a313633342e332c226c61746974756465223a6e756c6c2c226c6f6e676974756465223a6e756c6c2c22616c746974756465223a6e756c6c2c226770735f666978223a66616c73657d
--- Sending ABP Packet (FCnt=87) ---
  Encrypted payload len: 138
  Encrypted payload (hex): 24aa2f831f8f90f238f62e9de2d60337855110730407595745c1eba4464e23ea0f6a13478aa206add4f7d9621ff906a6693a6778a4082ae9d104f1db73fd496e02d3690409e803424d8ed0cf1c24b301e0f21a08d9bc7776eb03c0d04a235f0f5a03b5c7846a973c82065f811bbfc2598c50a4bd22ec44ef73f8aea595a54e246cc0501bc9583ccda215
  Payload: 7b2274797065223a2272656164696e67222c226e6f64654944223a312c2274656d70223a32392e332c2268756d6964697479223a34322e302c22636f5f70706d223a313633342e332c226c61746974756465223a6e756c6c2c226c6f6e676974756465223a6e756c6c2c22616c746974756465223a6e756c6c2c226770735f666978223a66616c73657d
  PHY Pkt: 406b2760000057000124aa2f831f8f90f238f62e9de2d60337855110730407595745c1eba4464e23ea0f6a13478aa206add4f7d9621ff906a6693a6778a4082ae9d104f1db73fd496e02d3690409e803424d8ed0cf1c24b301e0f21a08d9bc7776eb03c0d04a235f0f5a03b5c7846a973c82065f811bbfc2598c50a4bd22ec44ef73f8aea595a54e246cc0501bc9583ccda21553f6d962
  PHY payload len: 151 type: <class 'bytes'>
  lora.write used: list
→ Packet SENT
[AUDIO] Recording saved: ../recordings/clip_20251118_105345.wav
[AUDIO] ⚠️  Classification model not yet integrated - returning placeholder

============================================================
Timestamp: 2025-11-18 10:53:50
------------------------------------------------------------
🌡️  Temperature: 29.4°C (Normal)
💧 Humidity: 41.9% (Normal)
🔥 CO Level: 1634.9 ppm | Voltage: 0.582V | Rs: 75.95kΩ
   ⚠️  REMINDER: Calibrate R0 in clean air for accurate readings
📍 GPS: No data (check wiring or wait for warm-up)
🎤 Audio: LOW-RISK (not sent in reading packet)
============================================================

📡 LoRa JSON Packet Ready: {'type': 'reading', 'nodeID': 1, 'temp': 29.4, 'humidity': 41.9, 'co_ppm': 1634.9, 'latitude': None, 'longitude': None, 'altitude': None, 'gps_fix': False}
   JSON bytes len: 138 hex: 7b2274797065223a2272656164696e67222c226e6f64654944223a312c2274656d70223a32392e342c2268756d6964697479223a34312e392c22636f5f70706d223a313633342e392c226c61746974756465223a6e756c6c2c226c6f6e676974756465223a6e756c6c2c22616c746974756465223a6e756c6c2c226770735f666978223a66616c73657d
--- Sending ABP Packet (FCnt=88) ---
  Encrypted payload len: 138
  Encrypted payload (hex): 7bad25aa1c347f2a2398e83033342493c192075e729880480e764f8343006eb68cefc68d954c4dfd1d59ac212804fa260f6ce1e7285af703aefbcb691e448ea867de1ae598ec50b649045d7b92632dba68a99ab9889c9ab4462353b83620258c1972757e797403a285411c130f2efdd835ba31665dc4740d66ecc0d05e160029f64b9934831d8973d3e7
  Payload: 7b2274797065223a2272656164696e67222c226e6f64654944223a312c2274656d70223a32392e342c2268756d6964697479223a34312e392c22636f5f70706d223a313633342e392c226c61746974756465223a6e756c6c2c226c6f6e676974756465223a6e756c6c2c22616c746974756465223a6e756c6c2c226770735f666978223a66616c73657d
  PHY Pkt: 406b276000005800017bad25aa1c347f2a2398e83033342493c192075e729880480e764f8343006eb68cefc68d954c4dfd1d59ac212804fa260f6ce1e7285af703aefbcb691e448ea867de1ae598ec50b649045d7b92632dba68a99ab9889c9ab4462353b83620258c1972757e797403a285411c130f2efdd835ba31665dc4740d66ecc0d05e160029f64b9934831d8973d3e7d3d13141
  PHY payload len: 151 type: <class 'bytes'>
  lora.write used: list
→ Packet SENT
[AUDIO] Recording saved: ../recordings/clip_20251118_105447.wav
[AUDIO] ⚠️  Classification model not yet integrated - returning placeholder

============================================================
Timestamp: 2025-11-18 10:54:52
------------------------------------------------------------
🌡️  Temperature: 29.4°C (Normal)
💧 Humidity: 41.9% (Normal)
🔥 CO Level: 1633.1 ppm | Voltage: 0.581V | Rs: 76.0kΩ
   ⚠️  REMINDER: Calibrate R0 in clean air for accurate readings
📍 GPS: No data (check wiring or wait for warm-up)
🎤 Audio: LOW-RISK (not sent in reading packet)
============================================================

📡 LoRa JSON Packet Ready: {'type': 'reading', 'nodeID': 1, 'temp': 29.4, 'humidity': 41.9, 'co_ppm': 1633.1, 'latitude': None, 'longitude': None, 'altitude': None, 'gps_fix': False}
   JSON bytes len: 138 hex: 7b2274797065223a2272656164696e67222c226e6f64654944223a312c2274656d70223a32392e342c2268756d6964697479223a34312e392c22636f5f70706d223a313633332e312c226c61746974756465223a6e756c6c2c226c6f6e676974756465223a6e756c6c2c22616c746974756465223a6e756c6c2c226770735f666978223a66616c73657d
--- Sending ABP Packet (FCnt=89) ---
  Encrypted payload len: 138
  Encrypted payload (hex): 4e5ba6efa7a7b029c2c8a4fc43b75ced88c9300213e171b3d8080382668c214d62a055d2ffce618c15a18ecbfe714a7d02c9c15ec91457d1b580e1629b5c3d4d52639613680fb826c952fb874ac9fd5082d65964531925f47ca3eb1c2565f94614ed6e7f7778861a5c84ac63581d872b0feea595fc44a8730b8ec6b95e3680e54104cf598931c7b6397d
  Payload: 7b2274797065223a2272656164696e67222c226e6f64654944223a312c2274656d70223a32392e342c2268756d6964697479223a34312e392c22636f5f70706d223a313633332e312c226c61746974756465223a6e756c6c2c226c6f6e676974756465223a6e756c6c2c22616c746974756465223a6e756c6c2c226770735f666978223a66616c73657d
  PHY Pkt: 406b276000005900014e5ba6efa7a7b029c2c8a4fc43b75ced88c9300213e171b3d8080382668c214d62a055d2ffce618c15a18ecbfe714a7d02c9c15ec91457d1b580e1629b5c3d4d52639613680fb826c952fb874ac9fd5082d65964531925f47ca3eb1c2565f94614ed6e7f7778861a5c84ac63581d872b0feea595fc44a8730b8ec6b95e3680e54104cf598931c7b6397da372ba76
  PHY payload len: 151 type: <class 'bytes'>
  lora.write used: list
→ Packet SENT
[AUDIO] Recording saved: ../recordings/clip_20251118_105549.wav
[AUDIO] ⚠️  Classification model not yet integrated - returning placeholder

============================================================
Timestamp: 2025-11-18 10:55:54
------------------------------------------------------------
🌡️  Temperature: 29.6°C (Normal)
💧 Humidity: 41.6% (Normal)
🔥 CO Level: 1633.1 ppm | Voltage: 0.581V | Rs: 76.0kΩ
   ⚠️  REMINDER: Calibrate R0 in clean air for accurate readings
📍 GPS: No data (check wiring or wait for warm-up)
🎤 Audio: LOW-RISK (not sent in reading packet)
============================================================

📡 LoRa JSON Packet Ready: {'type': 'reading', 'nodeID': 1, 'temp': 29.6, 'humidity': 41.6, 'co_ppm': 1633.1, 'latitude': None, 'longitude': None, 'altitude': None, 'gps_fix': False}
   JSON bytes len: 138 hex: 7b2274797065223a2272656164696e67222c226e6f64654944223a312c2274656d70223a32392e362c2268756d6964697479223a34312e362c22636f5f70706d223a313633332e312c226c61746974756465223a6e756c6c2c226c6f6e676974756465223a6e756c6c2c22616c746974756465223a6e756c6c2c226770735f666978223a66616c73657d
--- Sending ABP Packet (FCnt=90) ---
  Encrypted payload len: 138
  Encrypted payload (hex): bb9a76f27c9266912484977f7ae0d063400456c8d8fd5aed03e72ed35022c6cebfad005523e1b690f9bfc8645ef3b2ab90ec994c03cd28f4f75ee76c39c3eff74f6e69b6e6fd9ff6579eabea67993107f9da5ea7dc20005912bb0582057cc7810b3d57503332d3bddd346c78c6f47927a02b400c02c1225d56d1bbfa9baaabf80cfc3d79f74cc28418ab
  Payload: 7b2274797065223a2272656164696e67222c226e6f64654944223a312c2274656d70223a32392e362c2268756d6964697479223a34312e362c22636f5f70706d223a313633332e312c226c61746974756465223a6e756c6c2c226c6f6e676974756465223a6e756c6c2c22616c746974756465223a6e756c6c2c226770735f666978223a66616c73657d
  PHY Pkt: 406b276000005a0001bb9a76f27c9266912484977f7ae0d063400456c8d8fd5aed03e72ed35022c6cebfad005523e1b690f9bfc8645ef3b2ab90ec994c03cd28f4f75ee76c39c3eff74f6e69b6e6fd9ff6579eabea67993107f9da5ea7dc20005912bb0582057cc7810b3d57503332d3bddd346c78c6f47927a02b400c02c1225d56d1bbfa9baaabf80cfc3d79f74cc28418ab080da266
  PHY payload len: 151 type: <class 'bytes'>
  lora.write used: list
→ Packet SENT
[AUDIO] Recording saved: ../recordings/clip_20251118_105651.wav
[AUDIO] ⚠️  Classification model not yet integrated - returning placeholder

============================================================
Timestamp: 2025-11-18 10:56:56
------------------------------------------------------------
🌡️  Temperature: 29.7°C (Normal)
💧 Humidity: 41.4% (Normal)
🔥 CO Level: 1633.7 ppm | Voltage: 0.582V | Rs: 75.98kΩ
   ⚠️  REMINDER: Calibrate R0 in clean air for accurate readings
📍 GPS: No data (check wiring or wait for warm-up)
🎤 Audio: LOW-RISK (not sent in reading packet)
============================================================

📡 LoRa JSON Packet Ready: {'type': 'reading', 'nodeID': 1, 'temp': 29.7, 'humidity': 41.4, 'co_ppm': 1633.7, 'latitude': None, 'longitude': None, 'altitude': None, 'gps_fix': False}
   JSON bytes len: 138 hex: 7b2274797065223a2272656164696e67222c226e6f64654944223a312c2274656d70223a32392e372c2268756d6964697479223a34312e342c22636f5f70706d223a313633332e372c226c61746974756465223a6e756c6c2c226c6f6e676974756465223a6e756c6c2c22616c746974756465223a6e756c6c2c226770735f666978223a66616c73657d
--- Sending ABP Packet (FCnt=91) ---
  Encrypted payload len: 138
  Encrypted payload (hex): 92e884425fdaa68bd95acdba9485826a7e2588e41dac302ea06372adc92ef9234bde391e38b5ee682d76427c12a0c67fad5f9df1db9fbf647596bd2b9592e1a0055c97380883bae461515a3dc3b6dba10184b827be2c93e17c1a2792db870cff3e74f8d482ccbdaa96deb28b50951e9b2c6e441ac2c7556cb704b10d85c6bd2956d7309474e028014902
  Payload: 7b2274797065223a2272656164696e67222c226e6f64654944223a312c2274656d70223a32392e372c2268756d6964697479223a34312e342c22636f5f70706d223a313633332e372c226c61746974756465223a6e756c6c2c226c6f6e676974756465223a6e756c6c2c22616c746974756465223a6e756c6c2c226770735f666978223a66616c73657d
  PHY Pkt: 406b276000005b000192e884425fdaa68bd95acdba9485826a7e2588e41dac302ea06372adc92ef9234bde391e38b5ee682d76427c12a0c67fad5f9df1db9fbf647596bd2b9592e1a0055c97380883bae461515a3dc3b6dba10184b827be2c93e17c1a2792db870cff3e74f8d482ccbdaa96deb28b50951e9b2c6e441ac2c7556cb704b10d85c6bd2956d7309474e028014902bb0326e4
  PHY payload len: 151 type: <class 'bytes'>
  lora.write used: list
→ Packet SENT
[AUDIO] Recording saved: ../recordings/clip_20251118_105753.wav
[AUDIO] ⚠️  Classification model not yet integrated - returning placeholder

============================================================
Timestamp: 2025-11-18 10:57:58
------------------------------------------------------------
🌡️  Temperature: 29.7°C (Normal)
💧 Humidity: 41.4% (Normal)
🔥 CO Level: 1630.2 ppm | Voltage: 0.581V | Rs: 76.1kΩ
   ⚠️  REMINDER: Calibrate R0 in clean air for accurate readings
📍 GPS: No data (check wiring or wait for warm-up)
🎤 Audio: LOW-RISK (not sent in reading packet)
============================================================

📡 LoRa JSON Packet Ready: {'type': 'reading', 'nodeID': 1, 'temp': 29.7, 'humidity': 41.4, 'co_ppm': 1630.2, 'latitude': None, 'longitude': None, 'altitude': None, 'gps_fix': False}
   JSON bytes len: 138 hex: 7b2274797065223a2272656164696e67222c226e6f64654944223a312c2274656d70223a32392e372c2268756d6964697479223a34312e342c22636f5f70706d223a313633302e322c226c61746974756465223a6e756c6c2c226c6f6e676974756465223a6e756c6c2c22616c746974756465223a6e756c6c2c226770735f666978223a66616c73657d
--- Sending ABP Packet (FCnt=92) ---
  Encrypted payload len: 138
  Encrypted payload (hex): c205d3806dd33e187c285ecf72f0a8b2597d36b1390bfa07d4703d31d49473361e6810199951f45543122d3b04a08e5b08b3562ca8828c2e0435ad1727bcc14d697d5abced27d4fc1fd96fb4b3b63e16c69ea971db686f26e4652dc880b880aa18cf78637e4afdeb63c8f1086afde2e8dd47339f1cbf9061ccff825645759eacb2933bfeda467e2bd75e
  Payload: 7b2274797065223a2272656164696e67222c226e6f64654944223a312c2274656d70223a32392e372c2268756d6964697479223a34312e342c22636f5f70706d223a313633302e322c226c61746974756465223a6e756c6c2c226c6f6e676974756465223a6e756c6c2c22616c746974756465223a6e756c6c2c226770735f666978223a66616c73657d
  PHY Pkt: 406b276000005c0001c205d3806dd33e187c285ecf72f0a8b2597d36b1390bfa07d4703d31d49473361e6810199951f45543122d3b04a08e5b08b3562ca8828c2e0435ad1727bcc14d697d5abced27d4fc1fd96fb4b3b63e16c69ea971db686f26e4652dc880b880aa18cf78637e4afdeb63c8f1086afde2e8dd47339f1cbf9061ccff825645759eacb2933bfeda467e2bd75e65457022
  PHY payload len: 151 type: <class 'bytes'>
  lora.write used: list
→ Packet SENT
[AUDIO] Recording saved: ../recordings/clip_20251118_105855.wav
[AUDIO] ⚠️  Classification model not yet integrated - returning placeholder

============================================================
Timestamp: 2025-11-18 10:59:00
------------------------------------------------------------
🌡️  Temperature: 30.1°C (Normal)
💧 Humidity: 41.1% (Normal)
🔥 CO Level: 1630.7 ppm | Voltage: 0.581V | Rs: 76.08kΩ
   ⚠️  REMINDER: Calibrate R0 in clean air for accurate readings
📍 GPS: No data (check wiring or wait for warm-up)
🎤 Audio: LOW-RISK (not sent in reading packet)
============================================================

📡 LoRa JSON Packet Ready: {'type': 'reading', 'nodeID': 1, 'temp': 30.1, 'humidity': 41.1, 'co_ppm': 1630.7, 'latitude': None, 'longitude': None, 'altitude': None, 'gps_fix': False}
   JSON bytes len: 138 hex: 7b2274797065223a2272656164696e67222c226e6f64654944223a312c2274656d70223a33302e312c2268756d6964697479223a34312e312c22636f5f70706d223a313633302e372c226c61746974756465223a6e756c6c2c226c6f6e676974756465223a6e756c6c2c22616c746974756465223a6e756c6c2c226770735f666978223a66616c73657d
--- Sending ABP Packet (FCnt=93) ---
  Encrypted payload len: 138
  Encrypted payload (hex): 34c3b4186525db64fc4cc1f88fda4b8a9f4583dcc1c635a6e1de121a75654d3d9ff5367eb3becce744c2322e87653014e0bd8f441e2dfaa884c062145520f9293bc85d9ae41bbbe9e85593be3da36471a8ffedf99c17262b028357450e6cf58c952bc5ccb14869b9604631cffd8d071429d1be99406bf57d893b1a1a8ee95ea3b36979dad068dbbb8ef5
  Payload: 7b2274797065223a2272656164696e67222c226e6f64654944223a312c2274656d70223a33302e312c2268756d6964697479223a34312e312c22636f5f70706d223a313633302e372c226c61746974756465223a6e756c6c2c226c6f6e676974756465223a6e756c6c2c22616c746974756465223a6e756c6c2c226770735f666978223a66616c73657d
  PHY Pkt: 406b276000005d000134c3b4186525db64fc4cc1f88fda4b8a9f4583dcc1c635a6e1de121a75654d3d9ff5367eb3becce744c2322e87653014e0bd8f441e2dfaa884c062145520f9293bc85d9ae41bbbe9e85593be3da36471a8ffedf99c17262b028357450e6cf58c952bc5ccb14869b9604631cffd8d071429d1be99406bf57d893b1a1a8ee95ea3b36979dad068dbbb8ef5afcf26dd
  PHY payload len: 151 type: <class 'bytes'>
  lora.write used: list
→ Packet SENT
[AUDIO] Recording saved: ../recordings/clip_20251118_105957.wav
[AUDIO] ⚠️  Classification model not yet integrated - returning placeholder

============================================================
Timestamp: 2025-11-18 11:00:02
------------------------------------------------------------
🌡️  Temperature: 30.2°C (Normal)
💧 Humidity: 40.9% (Normal)
🔥 CO Level: 1628.4 ppm | Voltage: 0.58V | Rs: 76.15kΩ
   ⚠️  REMINDER: Calibrate R0 in clean air for accurate readings
📍 GPS: No data (check wiring or wait for warm-up)
🎤 Audio: LOW-RISK (not sent in reading packet)
============================================================

📡 LoRa JSON Packet Ready: {'type': 'reading', 'nodeID': 1, 'temp': 30.2, 'humidity': 40.9, 'co_ppm': 1628.4, 'latitude': None, 'longitude': None, 'altitude': None, 'gps_fix': False}
   JSON bytes len: 138 hex: 7b2274797065223a2272656164696e67222c226e6f64654944223a312c2274656d70223a33302e322c2268756d6964697479223a34302e392c22636f5f70706d223a313632382e342c226c61746974756465223a6e756c6c2c226c6f6e676974756465223a6e756c6c2c22616c746974756465223a6e756c6c2c226770735f666978223a66616c73657d
--- Sending ABP Packet (FCnt=94) ---
  Encrypted payload len: 138
  Encrypted payload (hex): e4121ec94e9e2c7024dab5e4e6e42844c77c50fa0fb28f8defa1f57be285fc2d868b085a52b2014188837c1636f64a0ed56eace1a9aac16f200b1fb0d3cd5b2bb79fcc61eae8fb69d3ec21624dc062089e963a0b32eb23060386dbfccbbd8aa8637425732dc86f37cc072df44ba98d91ba33090b31b53aa1b36a33765074e1b708cc1f5b8feac729b90d
  Payload: 7b2274797065223a2272656164696e67222c226e6f64654944223a312c2274656d70223a33302e322c2268756d6964697479223a34302e392c22636f5f70706d223a313632382e342c226c61746974756465223a6e756c6c2c226c6f6e676974756465223a6e756c6c2c22616c746974756465223a6e756c6c2c226770735f666978223a66616c73657d
  PHY Pkt: 406b276000005e0001e4121ec94e9e2c7024dab5e4e6e42844c77c50fa0fb28f8defa1f57be285fc2d868b085a52b2014188837c1636f64a0ed56eace1a9aac16f200b1fb0d3cd5b2bb79fcc61eae8fb69d3ec21624dc062089e963a0b32eb23060386dbfccbbd8aa8637425732dc86f37cc072df44ba98d91ba33090b31b53aa1b36a33765074e1b708cc1f5b8feac729b90d6908777d
  PHY payload len: 151 type: <class 'bytes'>
  lora.write used: list
→ Packet SENT
[AUDIO] Recording saved: ../recordings/clip_20251118_110059.wav
[AUDIO] ⚠️  Classification model not yet integrated - returning placeholder

============================================================
Timestamp: 2025-11-18 11:01:04
------------------------------------------------------------
🌡️  Temperature: 30.2°C (Normal)
💧 Humidity: 40.9% (Normal)
🔥 CO Level: 1629.0 ppm | Voltage: 0.581V | Rs: 76.13kΩ
   ⚠️  REMINDER: Calibrate R0 in clean air for accurate readings
📍 GPS: No data (check wiring or wait for warm-up)
🎤 Audio: LOW-RISK (not sent in reading packet)
============================================================

📡 LoRa JSON Packet Ready: {'type': 'reading', 'nodeID': 1, 'temp': 30.2, 'humidity': 40.9, 'co_ppm': 1629.0, 'latitude': None, 'longitude': None, 'altitude': None, 'gps_fix': False}
   JSON bytes len: 138 hex: 7b2274797065223a2272656164696e67222c226e6f64654944223a312c2274656d70223a33302e322c2268756d6964697479223a34302e392c22636f5f70706d223a313632392e302c226c61746974756465223a6e756c6c2c226c6f6e676974756465223a6e756c6c2c22616c746974756465223a6e756c6c2c226770735f666978223a66616c73657d
--- Sending ABP Packet (FCnt=95) ---
  Encrypted payload len: 138
  Encrypted payload (hex): 584934bc8d9728f4c8a0795f46a2dc947effa8e904b548d901af70f148631fb373aa5c32e97bf78530f2ff04f8e858c9fff90cfa8bb0d8a3b8c465f5680c269b6aae7b0fcd09b63bf393b68a4bdfc766e40dcc9b2422b5937bcedf90d6997c468352bc316c92ae0607af0a48ea5e65b333f76c36404327272485be9c3dfec9fc586c8a75d765bf2ed062
  Payload: 7b2274797065223a2272656164696e67222c226e6f64654944223a312c2274656d70223a33302e322c2268756d6964697479223a34302e392c22636f5f70706d223a313632392e302c226c61746974756465223a6e756c6c2c226c6f6e676974756465223a6e756c6c2c22616c746974756465223a6e756c6c2c226770735f666978223a66616c73657d
  PHY Pkt: 406b276000005f0001584934bc8d9728f4c8a0795f46a2dc947effa8e904b548d901af70f148631fb373aa5c32e97bf78530f2ff04f8e858c9fff90cfa8bb0d8a3b8c465f5680c269b6aae7b0fcd09b63bf393b68a4bdfc766e40dcc9b2422b5937bcedf90d6997c468352bc316c92ae0607af0a48ea5e65b333f76c36404327272485be9c3dfec9fc586c8a75d765bf2ed062cf9f3653
  PHY payload len: 151 type: <class 'bytes'>
  lora.write used: list
→ Packet SENT
[AUDIO] Recording saved: ../recordings/clip_20251118_110201.wav
[AUDIO] ⚠️  Classification model not yet integrated - returning placeholder

============================================================
Timestamp: 2025-11-18 11:02:06
------------------------------------------------------------
🌡️  Temperature: 30.4°C (Normal)
💧 Humidity: 40.8% (Normal)
🔥 CO Level: 1625.4 ppm | Voltage: 0.58V | Rs: 76.24kΩ
   ⚠️  REMINDER: Calibrate R0 in clean air for accurate readings
📍 GPS: No data (check wiring or wait for warm-up)
🎤 Audio: LOW-RISK (not sent in reading packet)
============================================================

📡 LoRa JSON Packet Ready: {'type': 'reading', 'nodeID': 1, 'temp': 30.4, 'humidity': 40.8, 'co_ppm': 1625.4, 'latitude': None, 'longitude': None, 'altitude': None, 'gps_fix': False}
   JSON bytes len: 138 hex: 7b2274797065223a2272656164696e67222c226e6f64654944223a312c2274656d70223a33302e342c2268756d6964697479223a34302e382c22636f5f70706d223a313632352e342c226c61746974756465223a6e756c6c2c226c6f6e676974756465223a6e756c6c2c22616c746974756465223a6e756c6c2c226770735f666978223a66616c73657d
--- Sending ABP Packet (FCnt=96) ---
  Encrypted payload len: 138
  Encrypted payload (hex): 8ed003170c00a71d2bf005ef447a0bd03b27d8b717556cbe4dfd9c0d8b87ecb8fd349dfa0a4fbcaad098e986363f1c802bde29806d38953a1745eb92c18566e28a47eb73a32f4158bc86d6c6de95fb168a70f1d7d925f34c732118d88ee4d6c19ea0b9d0e722ae89bf8a0757448977dfa6c2800b0bdefd1d683b1eb2895b8ae4c63b84041c5aed6af59b
  Payload: 7b2274797065223a2272656164696e67222c226e6f64654944223a312c2274656d70223a33302e342c2268756d6964697479223a34302e382c22636f5f70706d223a313632352e342c226c61746974756465223a6e756c6c2c226c6f6e676974756465223a6e756c6c2c22616c746974756465223a6e756c6c2c226770735f666978223a66616c73657d
============================================================
LoRaWAN ABP Sender - AS923-3
  DevAddr: 0060276b
  TX Freq: 916.6 MHz (SF10)
============================================================
Press Ctrl+C to stop.

Initializing sensors...
[GPS] Serial port opened successfully
============================================================
Forest Fire Detection System - Unified Sensor Monitor
============================================================
Sensor readings every: 5s
LoRa packet preparation every: 10s
============================================================

🚀 Starting sensor monitoring loop...
   Press Ctrl+C to stop

⏳ GPS warming up... (this may take 30-60 seconds outdoors)
[AUDIO] Recording saved: ../recordings/clip_20251118_110457.wav
[AUDIO] ⚠️  Classification model not yet integrated - returning placeholder

============================================================
Timestamp: 2025-11-18 11:05:02
------------------------------------------------------------
🌡️  Temperature: 28.6°C (Normal)
💧 Humidity: 61.9% (Normal)
🔥 CO Level: 1630.7 ppm | Voltage: 0.581V | Rs: 76.08kΩ
   ⚠️  REMINDER: Calibrate R0 in clean air for accurate readings
📍 GPS: No data (check wiring or wait for warm-up)
🎤 Audio: LOW-RISK (not sent in reading packet)
============================================================
[AUDIO] Recording saved: ../recordings/clip_20251118_112657.wav
[AUDIO] ⚠️  Classification model not yet integrated - returning placeholder

============================================================
Timestamp: 2025-11-18 11:27:02
------------------------------------------------------------
🌡️  Temperature: 28.6°C (Normal)
💧 Humidity: 61.9% (Normal)
🔥 CO Level: 1628.4 ppm | Voltage: 0.58V | Rs: 76.15kΩ
   ⚠️  REMINDER: Calibrate R0 in clean air for accurate readings
📍 GPS: No data (check wiring or wait for warm-up)
🎤 Audio: LOW-RISK (not sent in reading packet)
============================================================

📡 LoRa JSON Packet Ready: {'type': 'reading', 'nodeID': 1, 'temp': 28.6, 'humidity': 61.9, 'co_ppm': 1628.4, 'latitude': None, 'longitude': None, 'altitude': None, 'gps_fix': False}
   JSON bytes len: 138 hex: 7b2274797065223a2272656164696e67222c226e6f64654944223a312c2274656d70223a32382e362c2268756d6964697479223a36312e392c22636f5f70706d223a313632382e342c226c61746974756465223a6e756c6c2c226c6f6e676974756465223a6e756c6c2c22616c746974756465223a6e756c6c2c226770735f666978223a66616c73657d
--- Sending ABP Packet (FCnt=0) ---
  Encrypted payload len: 138
  Encrypted payload (hex): 79dc0a44fe4328f4e97d892c2854779f090f2c90907d476bd4bb2a12902f8c139cc550a3c4eb4cbc78b52b9c9724c8e3faa78ae20f9d00351b0ce35c0076aefa10d9258532a188d93cb2fa222ef2a39f7471baecb0a748160e9a6e2d8dd921d437af06ea3906b83350ebe62f5ddda7fe27f4c7cbbd29679a64ab1b41b27484b1ef27832985155e6b578b
  Payload: 7b2274797065223a2272656164696e67222c226e6f64654944223a312c2274656d70223a32382e362c2268756d6964697479223a36312e392c22636f5f70706d223a313632382e342c226c61746974756465223a6e756c6c2c226c6f6e676974756465223a6e756c6c2c22616c746974756465223a6e756c6c2c226770735f666978223a66616c73657d
  PHY Pkt: 406b2760000000000179dc0a44fe4328f4e97d892c2854779f090f2c90907d476bd4bb2a12902f8c139cc550a3c4eb4cbc78b52b9c9724c8e3faa78ae20f9d00351b0ce35c0076aefa10d9258532a188d93cb2fa222ef2a39f7471baecb0a748160e9a6e2d8dd921d437af06ea3906b83350ebe62f5ddda7fe27f4c7cbbd29679a64ab1b41b27484b1ef27832985155e6b578bdd57c347
  PHY payload len: 151 type: <class 'bytes'>
  lora.write used: list
→ Packet SENT
[AUDIO] Recording saved: ../recordings/clip_20251118_112800.wav
[AUDIO] ⚠️  Classification model not yet integrated - returning placeholder

============================================================
Timestamp: 2025-11-18 11:28:05
------------------------------------------------------------
🌡️  Temperature: 28.6°C (Normal)
💧 Humidity: 61.9% (Normal)
🔥 CO Level: 1628.4 ppm | Voltage: 0.58V | Rs: 76.15kΩ
   ⚠️  REMINDER: Calibrate R0 in clean air for accurate readings
📍 GPS: No data (check wiring or wait for warm-up)
🎤 Audio: LOW-RISK (not sent in reading packet)
============================================================

📡 LoRa JSON Packet Ready: {'type': 'reading', 'nodeID': 1, 'temp': 28.6, 'humidity': 61.9, 'co_ppm': 1628.4, 'latitude': None, 'longitude': None, 'altitude': None, 'gps_fix': False}
   JSON bytes len: 138 hex: 7b2274797065223a2272656164696e67222c226e6f64654944223a312c2274656d70223a32382e362c2268756d6964697479223a36312e392c22636f5f70706d223a313632382e342c226c61746974756465223a6e756c6c2c226c6f6e676974756465223a6e756c6c2c22616c746974756465223a6e756c6c2c226770735f666978223a66616c73657d
[LoRa][WARN] ⚠️  Payload appears identical to last packet!
--- Sending ABP Packet (FCnt=1) ---
  Encrypted payload len: 138
  Encrypted payload (hex): ef4ebaa6bf5a226076adec597a51efa645e8678b50239abebf982e578dc6dd1f59e2df1784012b23576156b332d16510986c1b3caa0000c39fe9a33fce67be94197cdb31251a1b1a5f57b89d6b9ad0288feecd23b2dd01ee35d9cc8aa5b8b3ca1cae950843d66c615e9acaee3e91fe9be65ccac7ed744e39ab493840b733c85f9f0615025fd11c76e591
  Payload: 7b2274797065223a2272656164696e67222c226e6f64654944223a312c2274656d70223a32382e362c2268756d6964697479223a36312e392c22636f5f70706d223a313632382e342c226c61746974756465223a6e756c6c2c226c6f6e676974756465223a6e756c6c2c22616c746974756465223a6e756c6c2c226770735f666978223a66616c73657d
  PHY Pkt: 406b27600000010001ef4ebaa6bf5a226076adec597a51efa645e8678b50239abebf982e578dc6dd1f59e2df1784012b23576156b332d16510986c1b3caa0000c39fe9a33fce67be94197cdb31251a1b1a5f57b89d6b9ad0288feecd23b2dd01ee35d9cc8aa5b8b3ca1cae950843d66c615e9acaee3e91fe9be65ccac7ed744e39ab493840b733c85f9f0615025fd11c76e59188d522c5
  PHY payload len: 151 type: <class 'bytes'>
  lora.write used: list
→ Packet SENT
[AUDIO] Recording saved: ../recordings/clip_20251118_112902.wav
[AUDIO] ⚠️  Classification model not yet integrated - returning placeholder

============================================================
Timestamp: 2025-11-18 11:29:07
------------------------------------------------------------
🌡️  Temperature: 28.6°C (Normal)
💧 Humidity: 61.9% (Normal)
🔥 CO Level: 1628.4 ppm | Voltage: 0.58V | Rs: 76.15kΩ
   ⚠️  REMINDER: Calibrate R0 in clean air for accurate readings
📍 GPS: No data (check wiring or wait for warm-up)
🎤 Audio: LOW-RISK (not sent in reading packet)
============================================================

📡 LoRa JSON Packet Ready: {'type': 'reading', 'nodeID': 1, 'temp': 28.6, 'humidity': 61.9, 'co_ppm': 1628.4, 'latitude': None, 'longitude': None, 'altitude': None, 'gps_fix': False}
   JSON bytes len: 138 hex: 7b2274797065223a2272656164696e67222c226e6f64654944223a312c2274656d70223a32382e362c2268756d6964697479223a36312e392c22636f5f70706d223a313632382e342c226c61746974756465223a6e756c6c2c226c6f6e676974756465223a6e756c6c2c22616c746974756465223a6e756c6c2c226770735f666978223a66616c73657d
[LoRa][WARN] ⚠️  Payload appears identical to last packet!
--- Sending ABP Packet (FCnt=2) ---
  Encrypted payload len: 138
  Encrypted payload (hex): 2881b252432977bae8b63974263c243ac9e6d9765f57bb05075ef0c09c7fd604071c174d8a0589072f8fde595f478bcd2054df1742e9b0b1c2e0f814c9f9e4233df8b4cf3e92d8a6f1007b49eae3ecb2a5fc8beda84511369f7678ebcfa0129a4a69a2607dca52c973276995adc3903c427d7f9f8007812f7a357b2a4b7480bea746df9a62ea70e915f9
  Payload: 7b2274797065223a2272656164696e67222c226e6f64654944223a312c2274656d70223a32382e362c2268756d6964697479223a36312e392c22636f5f70706d223a313632382e342c226c61746974756465223a6e756c6c2c226c6f6e676974756465223a6e756c6c2c22616c746974756465223a6e756c6c2c226770735f666978223a66616c73657d
  PHY Pkt: 406b276000000200012881b252432977bae8b63974263c243ac9e6d9765f57bb05075ef0c09c7fd604071c174d8a0589072f8fde595f478bcd2054df1742e9b0b1c2e0f814c9f9e4233df8b4cf3e92d8a6f1007b49eae3ecb2a5fc8beda84511369f7678ebcfa0129a4a69a2607dca52c973276995adc3903c427d7f9f8007812f7a357b2a4b7480bea746df9a62ea70e915f9c6a9edd3
  PHY payload len: 151 type: <class 'bytes'>
  lora.write used: list
→ Packet SENT
[AUDIO] Recording saved: ../recordings/clip_20251118_113004.wav
[AUDIO] ⚠️  Classification model not yet integrated - returning placeholder